time,x_pos,y_pos,z_pos
64045,0.12771731615066528,-0.12343151122331619,0.042510394006967545
64055,0.1276509016752243,-0.12347077578306198,0.04233880341053009
64066,0.12822270393371582,-0.1239161267876625,0.042774610221385956
64075,0.1280868798494339,-0.12425097078084946,0.042591746896505356
64085,0.1277507096529007,-0.12299950420856476,0.042516037821769714
64095,0.12833678722381592,-0.1234317421913147,0.04241228848695755
64105,0.1281406581401825,-0.12428607046604156,0.04211605712771416
64115,0.12782585620880127,-0.12308601289987564,0.04192677140235901
64125,0.1284705251455307,-0.12418289482593536,0.041797272861003876
64135,0.1282227486371994,-0.12487751990556717,0.04225907474756241
64145,0.12769284844398499,-0.12366551905870438,0.04229971393942833
64155,0.12732386589050293,-0.1227351725101471,0.04237516596913338
64165,0.12624439597129822,-0.12429993599653244,0.04281551390886307
64175,0.12508584558963776,-0.12364860624074936,0.04235856980085373
64185,0.12659990787506104,-0.12179748713970184,0.04811807721853256
64195,0.1254773586988449,-0.12142731249332428,0.046421609818935394
64205,0.12508954107761383,-0.1194477453827858,0.046523865312337875
64215,0.12535521388053894,-0.1194329708814621,0.050830911844968796
64225,0.12433011829853058,-0.12171906977891922,0.055861007422208786
64235,0.12367018312215805,-0.11953658610582352,0.052427053451538086
64245,0.12107289582490921,-0.12032424658536911,0.05400494486093521
64255,0.11730744689702988,-0.12495878338813782,0.04565325379371643
64265,0.11533409357070923,-0.124494269490242,0.0466897189617157
64275,0.117757149040699,-0.11915658414363861,0.08127772063016891
64285,0.11680500954389572,-0.11823810636997223,0.08587770164012909
64295,0.12047386914491653,-0.12067344039678574,0.10509228706359863
64305,0.11951857060194016,-0.1147473007440567,0.09913604706525803
64315,0.11841830611228943,-0.10888724029064178,0.08655784279108047
64325,0.11633177101612091,-0.10667897015810013,0.09644878655672073
64335,0.11509460210800171,-0.10244550555944443,0.06537918001413345
64345,0.11341039091348648,-0.09946904331445694,0.07486087083816528
64355,0.11192137002944946,-0.09657136350870132,0.06600882858037949
64365,0.10943225771188736,-0.09282133728265762,0.07735689729452133
64375,0.10655650496482849,-0.08999530225992203,0.07855739444494247
64385,0.10484878718852997,-0.08833615481853485,0.08807607740163803
64395,0.10396411269903183,-0.08919862657785416,0.08576682209968567
64405,0.10645841807126999,-0.09028458595275879,0.09386008977890015
64415,0.10496693104505539,-0.09394741803407669,0.0943911224603653
64425,0.10313510149717331,-0.08939597010612488,0.10369984060525894
64435,0.10321678966283798,-0.090558722615242,0.09930668771266937
64445,0.10843399912118912,-0.09056966751813889,0.10597239434719086
64455,0.10232733935117722,-0.08943352848291397,0.12087088823318481
64465,0.10285138338804245,-0.08814941346645355,0.11902779340744019
64475,0.09729404747486115,-0.08597583323717117,0.1250721663236618
64485,0.09570217877626419,-0.0836828202009201,0.13093194365501404
64495,0.10125818103551865,-0.08356933295726776,0.13274918496608734
64505,0.09291859716176987,-0.08321784436702728,0.14503850042819977
64515,0.09278436005115509,-0.07942350208759308,0.15338186919689178
64525,0.09527795761823654,-0.0824187844991684,0.1646232008934021
64535,0.09989915788173676,-0.08284369111061096,0.1530359983444214
64545,0.09938007593154907,-0.08393082767724991,0.15835407376289368
64555,0.09811084717512131,-0.08286268264055252,0.16383817791938782
64565,0.09518717974424362,-0.0782836526632309,0.1603049784898758
64575,0.0936548262834549,-0.07904761284589767,0.16572779417037964
64585,0.09065917134284973,-0.07146530598402023,0.1678246110677719
64595,0.08933311700820923,-0.07021431624889374,0.16623005270957947
64605,0.08587646484375,-0.06985229253768921,0.1689647138118744
64615,0.08901272714138031,-0.06951908767223358,0.17989523708820343
64625,0.09742170572280884,-0.06592071056365967,0.18551726639270782
64635,0.09270796924829483,-0.06740471720695496,0.1884620636701584
64645,0.09455026686191559,-0.06725092232227325,0.19304446876049042
64655,0.08558354526758194,-0.057796165347099304,0.1982392817735672
64665,0.0838121697306633,-0.05797458067536354,0.19957299530506134
64675,0.07762154936790466,-0.053029436618089676,0.2000887095928192
64685,0.07621344178915024,-0.0513722263276577,0.2047700434923172
64695,0.07333164662122726,-0.047581300139427185,0.2060813009738922
64705,0.07221044600009918,-0.046451386064291,0.21109747886657715
64715,0.06793070584535599,-0.04459017515182495,0.21304339170455933
64725,0.06857055425643921,-0.04289250075817108,0.21653980016708374
64735,0.062151823192834854,-0.0393577441573143,0.21746937930583954
64745,0.06018728017807007,-0.038083504885435104,0.22060884535312653
64755,0.05563775449991226,-0.03459345921874046,0.22163955867290497
64765,0.05411913990974426,-0.03382416442036629,0.2254956215620041
64775,0.050379373133182526,-0.03287540376186371,0.2281365990638733
64785,0.04978393763303757,-0.030493419617414474,0.2313825935125351
64795,0.04741416499018669,-0.029729580506682396,0.23730626702308655
64805,0.041008204221725464,-0.024545084685087204,0.2391364723443985
64815,0.03662538155913353,-0.02225571498274803,0.24090559780597687
64825,0.03463821858167648,-0.022132808342576027,0.24746188521385193
64835,0.03399333357810974,-0.020326144993305206,0.2505887448787689
64845,0.027480192482471466,-0.015636514872312546,0.25247669219970703
64855,0.027792276814579964,-0.016151875257492065,0.2562609612941742
64865,0.02275504544377327,-0.012136915698647499,0.26189252734184265
64875,0.018569862470030785,-0.00708330562338233,0.2642590403556824
64885,0.015749745070934296,-0.004914890509098768,0.2671046257019043
64895,0.019102750346064568,-0.004251260310411453,0.27586421370506287
64905,0.010810411535203457,-0.001664976472966373,0.27906033396720886
64915,0.012548161670565605,-0.0005483157583512366,0.2829139828681946
64925,0.004058270715177059,0.003128881100565195,0.2896726131439209
64935,0.004294116981327534,0.004392588976770639,0.29348862171173096
64945,-0.002384962048381567,0.006276162341237068,0.29667404294013977
64955,-0.00246976176276803,0.006734898779541254,0.3005985617637634
64965,-0.006207304075360298,0.00983334705233574,0.30436062812805176
64975,-0.004824499133974314,0.011644914746284485,0.3079281151294708
64985,-0.00428242702037096,0.010128290392458439,0.3113194406032562
64995,-0.011984162032604218,0.017763419076800346,0.31809183955192566
65005,-0.01168039534240961,0.019032983109354973,0.32167425751686096
65015,-0.013206726871430874,0.020302675664424896,0.32462871074676514
65025,-0.012371680699288845,0.020916277542710304,0.33010050654411316
65035,-0.01058641541749239,0.021350372582674026,0.33119893074035645
65045,-0.0008981020655483007,0.021370870992541313,0.331155925989151
65055,-0.0034726466983556747,0.02093360759317875,0.33701884746551514
65065,-0.0031040464527904987,0.023117894306778908,0.337158739566803
65075,-0.009138042107224464,0.022556668147444725,0.3374152183532715
65085,-0.010122595354914665,0.02297942340373993,0.3366992771625519
65095,-0.01148111093789339,0.023207252845168114,0.34152111411094666
65105,-0.016091834753751755,0.022797757759690285,0.34112441539764404
65115,-0.017232390120625496,0.02542802318930626,0.3408162593841553
65125,-0.01817929558455944,0.026396865025162697,0.3496912717819214
65135,-0.01906862109899521,0.028183599933981895,0.35053107142448425
65145,-0.020920436829328537,0.028007246553897858,0.3515855073928833
65155,-0.019379541277885437,0.026216762140393257,0.36265963315963745
65165,-0.018345089629292488,0.026265261694788933,0.3643451929092407
65175,-0.020128726959228516,0.02727670595049858,0.3656262159347534
65185,-0.02099641226232052,0.029999636113643646,0.3665618300437927
65195,-0.020662065595388412,0.02848539501428604,0.37579286098480225
65205,-0.02184177003800869,0.02780401147902012,0.3771263659000397
65215,-0.02143976464867592,0.02835400030016899,0.3782515227794647
65225,-0.026775503531098366,0.027917861938476562,0.3862825334072113
65235,-0.025614537298679352,0.029750829562544823,0.3873859941959381
65245,-0.029728291556239128,0.029514335095882416,0.3880966007709503
65255,-0.02729899249970913,0.02657315321266651,0.39429721236228943
65265,-0.027313612401485443,0.03232068940997124,0.39492085576057434
65275,-0.03188403695821762,0.030406920239329338,0.3952074944972992
65285,-0.036013003438711166,0.027648158371448517,0.3954073488712311
65295,-0.026639729738235474,0.03150518238544464,0.4053955078125
65305,-0.025873754173517227,0.029384398832917213,0.4058568775653839
65315,-0.025211811065673828,0.03155922517180443,0.4057770371437073
65325,-0.02569320611655712,0.03195652738213539,0.4127019941806793
65335,-0.023478420451283455,0.03219159319996834,0.4124387502670288
65345,-0.026683000847697258,0.03184916451573372,0.4124775826931
65355,-0.02939177304506302,0.034785374999046326,0.4186219573020935
65365,-0.032478708773851395,0.03447727859020233,0.4183577001094818
65375,-0.03497542813420296,0.03480127826333046,0.417924702167511
65385,-0.0337701253592968,0.03630658984184265,0.42473721504211426
65395,-0.022486314177513123,0.014661732129752636,0.42524102330207825
65405,-0.022219102829694748,0.014472403563559055,0.42529603838920593
65415,-0.022278374060988426,0.017136897891759872,0.42536717653274536
65425,-0.0207440797239542,0.01792890764772892,0.43196412920951843
65435,-0.02209918200969696,0.01928727515041828,0.431386262178421
65445,-0.024465953931212425,0.02151946909725666,0.4308260679244995
65455,-0.025560567155480385,0.024316173046827316,0.441903293132782
65465,-0.02718406356871128,0.02361191436648369,0.44184303283691406
65475,-0.029420139268040657,0.02567482739686966,0.441588431596756
65485,-0.031470559537410736,0.02649686112999916,0.4498344361782074
65495,-0.032941047102212906,0.025493834167718887,0.4500470459461212
65505,-0.03429032489657402,0.02550181746482849,0.45023107528686523
65515,-0.03163890913128853,0.024003881961107254,0.4505746066570282
65525,-0.03274490311741829,0.02187611162662506,0.46070095896720886
65535,-0.03434653952717781,0.02124754898250103,0.46038609743118286
65545,-0.03262382373213768,0.023409653455018997,0.4595150351524353
65555,-0.033983033150434494,0.022086385637521744,0.466340571641922
65565,-0.03520483523607254,0.022275445982813835,0.46488532423973083
65575,-0.03199365362524986,0.024325745180249214,0.46324029564857483
65585,-0.03099488466978073,0.025622395798563957,0.46914994716644287
65595,-0.030107079073786736,0.02618235908448696,0.46624302864074707
65605,-0.030480962246656418,0.028842242434620857,0.4630897045135498
65615,-0.031140604987740517,0.02877163328230381,0.4597722589969635
65625,-0.03611437976360321,0.02703552134335041,0.47068509459495544
65635,-0.03599764034152031,0.028155934065580368,0.4676685333251953
65645,-0.037811193615198135,0.026915986090898514,0.46478715538978577
65655,-0.03955673426389694,0.024669742211699486,0.4772481918334961
65665,-0.04062938690185547,0.024071473628282547,0.47499698400497437
65675,-0.04038717970252037,0.021737709641456604,0.47261300683021545
65685,-0.03909404203295708,0.020404083654284477,0.48651832342147827
65695,-0.037402499467134476,0.02339579351246357,0.4855233430862427
65705,-0.03371042758226395,0.026342613622546196,0.4844527542591095
65715,-0.03128886595368385,0.023911766707897186,0.49739721417427063
65725,-0.029683338478207588,0.026163998991250992,0.49662256240844727
65735,-0.02654961682856083,0.028168538585305214,0.4956654906272888
65745,-0.028478913009166718,0.02862701378762722,0.4949631690979004
65755,-0.02931837923824787,0.03179415315389633,0.5063112378120422
65765,-0.029453273862600327,0.031386252492666245,0.5062000155448914
65775,-0.03442913293838501,0.029748134315013885,0.5063132643699646
65785,-0.040061064064502716,0.027410630136728287,0.5184533596038818
65795,-0.042864587157964706,0.023544946685433388,0.5189663767814636
65805,-0.046498190611600876,0.022163446992635727,0.5194968581199646
65815,-0.04484368860721588,0.0195905901491642,0.5288358330726624
65825,-0.041628770530223846,0.017861604690551758,0.52997887134552
65835,-0.035319190472364426,0.017347373068332672,0.5310099720954895
65845,-0.03410418704152107,0.018725289031863213,0.5316831469535828
65855,-0.03358647599816322,0.022840140387415886,0.547520637512207
65865,-0.030799468979239464,0.02076333574950695,0.5482677817344666
65875,-0.01998627930879593,0.029740173369646072,0.5484642386436462
65885,-0.028371287509799004,0.03447810560464859,0.5551275014877319
65895,-0.061729442328214645,0.06235848739743233,0.5558240413665771
65905,-0.06565867364406586,0.0658203735947609,0.5547335743904114
65915,-0.0673312321305275,0.06331751495599747,0.5611939430236816
65925,-0.06829184293746948,0.061775386333465576,0.5596800446510315
65935,-0.06693679839372635,0.057908400893211365,0.5580711364746094
65945,-0.06554422527551651,0.05402587354183197,0.5561971068382263
65955,-0.06445324420928955,0.05750156566500664,0.5588960647583008
65965,-0.05895822495222092,0.0511920340359211,0.5568709969520569
65975,-0.06416726857423782,0.05764002725481987,0.5545674562454224
65985,-0.05878817290067673,0.056097302585840225,0.560782253742218
65995,-0.05701451003551483,0.05317433550953865,0.5580692291259766
66005,-0.05695793777704239,0.06149783357977867,0.5561923980712891
66015,-0.06002529710531235,0.06181398406624794,0.5700631141662598
66025,-0.0593063123524189,0.06307864934206009,0.5682598948478699
66035,-0.06153644621372223,0.0684538334608078,0.5667546391487122
66045,-0.06568573415279388,0.06654411554336548,0.5792267322540283
66055,-0.06925319880247116,0.06814492493867874,0.5781300663948059
66065,-0.07198294997215271,0.0697212964296341,0.5766339302062988
66075,-0.07518032938241959,0.06938774138689041,0.5747588872909546
66085,-0.07048433274030685,0.06429646909236908,0.5795309543609619
66095,-0.07067456841468811,0.05997220426797867,0.5775470733642578
66105,-0.06907493621110916,0.059627193957567215,0.5753079652786255
66115,-0.06417216360569,0.05952857434749603,0.5840193033218384
66125,-0.0640660896897316,0.05929946526885033,0.5814430713653564
66135,-0.06077823042869568,0.06516263633966446,0.578956663608551
66145,-0.05945845693349838,0.05450671538710594,0.5810670852661133
66155,-0.056773021817207336,0.06803973019123077,0.5786008238792419
66165,-0.05685596913099289,0.08037947863340378,0.5752166509628296
66175,-0.05762115865945816,0.06353291869163513,0.5736585855484009
66185,-0.06232766434550285,0.08010680973529816,0.5770697593688965
66195,-0.06948602199554443,0.09009242057800293,0.5728358626365662
66205,-0.07666169852018356,0.10657545924186707,0.5662269592285156
66215,-0.07331062853336334,0.08006972819566727,0.5754345655441284
66225,-0.07513616979122162,0.08586325496435165,0.5719256401062012
66235,-0.07341748476028442,0.08243060111999512,0.5707352161407471
66245,-0.07389006018638611,0.08306208997964859,0.5734541416168213
66255,-0.07252094149589539,0.07985346019268036,0.5720852017402649
66265,-0.06901566684246063,0.07515525072813034,0.5710271000862122
66275,-0.06318329274654388,0.07507999241352081,0.5685487985610962
66285,-0.06072506308555603,0.07837992161512375,0.5770208239555359
66295,-0.05630980432033539,0.07869744300842285,0.5747010707855225
66305,-0.05664373189210892,0.07952822744846344,0.5722036957740784
66315,-0.055596526712179184,0.08611247688531876,0.5712456703186035
66325,-0.05746132507920265,0.09096093475818634,0.567852795124054
66335,-0.060634348541498184,0.09659576416015625,0.5643070936203003
66345,-0.0579310841858387,0.09432903677225113,0.5688949823379517
66355,-0.06117003411054611,0.09929825365543365,0.5648751258850098
66365,-0.05787903442978859,0.10146263241767883,0.5605455040931702
66375,-0.05976968631148338,0.1080707237124443,0.5625705122947693
66385,-0.05746624618768692,0.11000098288059235,0.5585727691650391
66395,-0.05581613630056381,0.11166668683290482,0.5546494126319885
66405,-0.052414581179618835,0.11415107548236847,0.5504471659660339
66415,-0.049729276448488235,0.11241130530834198,0.552239716053009
66425,-0.046648818999528885,0.12194549292325974,0.546411395072937
66435,-0.041128721088171005,0.12200170755386353,0.5418335199356079
66445,-0.040164168924093246,0.12320136278867722,0.5396804213523865
66455,-0.03774099051952362,0.13223519921302795,0.5335760116577148
66465,-0.036861155182123184,0.13304559886455536,0.529097318649292
66475,-0.03689146041870117,0.14842748641967773,0.5315861105918884
66485,-0.035560838878154755,0.14826640486717224,0.5277562141418457
66495,-0.03538062423467636,0.15533271431922913,0.5228947997093201
66505,-0.035892508924007416,0.161164328455925,0.5184760689735413
66515,-0.03517116606235504,0.17370741069316864,0.5200214982032776
66525,-0.033999014645814896,0.17653997242450714,0.5157672166824341
66535,-0.03265759348869324,0.18483662605285645,0.5105488300323486
66545,-0.03204138204455376,0.1864258050918579,0.5156501531600952
66555,-0.02721172757446766,0.19837309420108795,0.5102710723876953
66565,-0.02537059225142002,0.20182593166828156,0.5061005353927612
66575,-0.023412834852933884,0.21705317497253418,0.5075684189796448
66585,-0.020776351913809776,0.21558977663516998,0.5052337050437927
66595,-0.019471425563097,0.2186610847711563,0.5020208954811096
66605,-0.0187754537910223,0.23181775212287903,0.4972066283226013
66615,-0.01662704348564148,0.23070473968982697,0.4980275630950928
66625,-0.0160013847053051,0.2422839105129242,0.4940335154533386
66635,-0.015429706312716007,0.2488144338130951,0.4910980463027954
66645,-0.015170113183557987,0.26325488090515137,0.48907116055488586
66655,-0.013977373950183392,0.26225242018699646,0.4876919388771057
66665,-0.013225644826889038,0.27762168645858765,0.4839928150177002
66675,-0.01317585352808237,0.2789956033229828,0.4808933138847351
66685,-0.011960656382143497,0.291102796792984,0.4778273403644562
66695,-0.011134038679301739,0.29189127683639526,0.4768594205379486
66705,-0.008240463212132454,0.30248868465423584,0.4738469421863556
66715,-0.006817660294473171,0.30827996134757996,0.47345373034477234
66725,-0.008540080860257149,0.32402074337005615,0.4695228040218353
66735,-0.006009423173964024,0.3239164352416992,0.46863505244255066
66745,-0.0037544104270637035,0.3363278806209564,0.47017261385917664
66755,-0.0018945926567539573,0.3414570391178131,0.4685577154159546
66765,-0.0008013845654204488,0.34296494722366333,0.46761924028396606
66775,-0.0015122931217774749,0.35323309898376465,0.46949636936187744
66785,-0.0014587193727493286,0.35974568128585815,0.46774524450302124
66795,-0.0025849265512079,0.36613819003105164,0.4659650921821594
66805,-0.0012759503442794085,0.3709566593170166,0.47069495916366577
66815,-0.002433039480820298,0.37922242283821106,0.46941325068473816
66825,-0.0012935097329318523,0.3805619776248932,0.4690563678741455
66835,0.0027430825866758823,0.3940486013889313,0.467056542634964
66845,0.00259060668759048,0.3948829174041748,0.4722521901130676
66855,0.0017346603563055396,0.4061540961265564,0.4704684317111969
66865,0.005645434372127056,0.4095800518989563,0.46980974078178406
66875,0.009989773854613304,0.40801557898521423,0.4731007218360901
66885,0.004994305316358805,0.43386632204055786,0.470249742269516
66895,0.005227448418736458,0.4371486008167267,0.46963435411453247
66906,0.0064944620244205,0.4360871911048889,0.4758448004722595
66915,-0.002061037812381983,0.45654797554016113,0.4720788896083832
66926,-0.0012213364243507385,0.45387691259384155,0.4720248579978943
66935,0.0011410817969590425,0.4652371108531952,0.46887609362602234
66946,0.0041912212036550045,0.47101157903671265,0.4707750976085663
66955,0.003010359825566411,0.47454094886779785,0.46910038590431213
66966,0.004529780708253384,0.47758591175079346,0.46758460998535156
66975,0.003576570190489292,0.48577407002449036,0.4714246988296509
66985,0.003961633890867233,0.4979027211666107,0.46805083751678467
66996,0.0077190035954117775,0.5023045539855957,0.4654007852077484
67005,0.006780423689633608,0.5064008831977844,0.4744952321052551
67015,0.008944371715188026,0.5092517733573914,0.47227415442466736
67026,0.008653528988361359,0.5209380984306335,0.4691831171512604
67036,0.0034665949642658234,0.5226069688796997,0.47631773352622986
67045,0.0027650920674204826,0.5269503593444824,0.474608451128006
67055,0.003427615389227867,0.5323513150215149,0.4727604389190674
67065,0.001813146285712719,0.5346034169197083,0.47104698419570923
67075,0.003066292032599449,0.538340151309967,0.4787113070487976
67085,0.002127742161974311,0.5420215129852295,0.4773056209087372
67095,0.00011974100925726816,0.5478231906890869,0.4753199517726898
67105,0.0017527182353660464,0.5498175621032715,0.4808444380760193
67115,0.0019542465452104807,0.552895724773407,0.4788198471069336
67125,0.004039194900542498,0.5570773482322693,0.47678494453430176
67135,0.0026984931901097298,0.5605900883674622,0.487999826669693
67145,0.0051364051178097725,0.5624989867210388,0.4867899715900421
67155,0.003227568930014968,0.5655531287193298,0.48563170433044434
67165,0.007441503927111626,0.568063497543335,0.4844892621040344
67175,0.0029694419354200363,0.56614750623703,0.4923630356788635
67185,0.0037488494999706745,0.566809356212616,0.49197354912757874
67195,0.0029370218981057405,0.5661377310752869,0.49161455035209656
67205,-9.11104871192947e-05,0.572869598865509,0.49621114134788513
67215,-0.003144551068544388,0.5762473940849304,0.49586138129234314
67225,-0.003953184001147747,0.5763111114501953,0.49564313888549805
67235,-0.004018111154437065,0.5767687559127808,0.5019521713256836
67245,-0.0016348347999155521,0.5800645351409912,0.5018121004104614
67255,-0.0002790896105580032,0.5794079303741455,0.5014311671257019
67265,-0.007460119668394327,0.5810146927833557,0.5003044605255127
67275,-0.005717425607144833,0.5825695991516113,0.5061434507369995
67285,-0.0015990138053894043,0.5829017758369446,0.5045971274375916
67295,-0.00011832217569462955,0.5831206440925598,0.5027064085006714
67305,0.001271486165933311,0.5840361714363098,0.5045768022537231
67315,0.0023294894490391016,0.5837339758872986,0.5017169117927551
67325,0.0026796276215463877,0.5840983986854553,0.4984816908836365
67335,-0.008123696781694889,0.5819411873817444,0.5042783617973328
67345,-0.007648964412510395,0.5832972526550293,0.500942587852478
67355,-0.0030519512947648764,0.5842688083648682,0.4968782961368561
67365,-0.005962842609733343,0.584897518157959,0.49252453446388245
67375,-0.00496613560244441,0.5827944874763489,0.4976811110973358
67385,-0.008167664520442486,0.584440290927887,0.49353939294815063
67395,-0.008432936854660511,0.5804318189620972,0.48964372277259827
67405,-0.008720116689801216,0.5820422768592834,0.4937732219696045
67415,-0.00532683078199625,0.581793487071991,0.4900372624397278
67425,-0.0026687048375606537,0.5819929838180542,0.4863114655017853
67435,-0.005785082466900349,0.5805718898773193,0.49216604232788086
67445,-0.007086370140314102,0.5797914266586304,0.48904165625572205
67455,-0.005614276044070721,0.5786712169647217,0.4859526455402374
67465,-0.007461251690983772,0.5764833688735962,0.49462437629699707
67475,-0.008928090333938599,0.5761746168136597,0.4925945997238159
67485,-0.010843133553862572,0.576025128364563,0.4906455874443054
67495,-0.010832026600837708,0.5754267573356628,0.48889198899269104
67505,-0.011766073293983936,0.5719524621963501,0.5003295540809631
67515,-0.013521045446395874,0.5727193355560303,0.4993765354156494
67525,-0.01298232190310955,0.5683227181434631,0.4985717833042145
67535,-0.012789093889296055,0.5672497153282166,0.508934736251831
67545,-0.013275258243083954,0.5667665004730225,0.5079843401908875
67555,-0.012407291680574417,0.5680463314056396,0.506544291973114
67565,-0.011833317577838898,0.5671331286430359,0.5070683360099792
67575,-0.011831949464976788,0.5648484230041504,0.5054064393043518
67585,-0.0141577934846282,0.5590038299560547,0.5037941932678223
67595,-0.01251083705574274,0.5585214495658875,0.5018520355224609
67605,-0.012095206417143345,0.5573024749755859,0.5110072493553162
67615,-0.012834367342293262,0.5576095581054688,0.5083522200584412
67625,-0.013501974754035473,0.5579928159713745,0.5054622292518616
67635,-0.01606571674346924,0.5554863214492798,0.5130120515823364
67645,-0.01819094456732273,0.5512905120849609,0.5109458565711975
67655,-0.01846412383019924,0.5493971705436707,0.508907675743103
67665,-0.01860867626965046,0.5467392802238464,0.516613781452179
67675,-0.020585518330335617,0.5449891686439514,0.5152935981750488
67685,-0.018485547974705696,0.5476241111755371,0.5139314532279968
67695,-0.018341578543186188,0.545609176158905,0.5183239579200745
67705,-0.017765380442142487,0.5464850664138794,0.5168072581291199
67715,-0.019017767161130905,0.5456861853599548,0.51502925157547
67725,-0.017483413219451904,0.546132504940033,0.5130175352096558
67735,-0.019901888445019722,0.5446561574935913,0.5227839350700378
67745,-0.020288212224841118,0.5424145460128784,0.5214195251464844
67755,-0.020787451416254044,0.5419886112213135,0.5199605226516724
67765,-0.02110147848725319,0.5423184633255005,0.5242952108383179
67775,-0.022116968408226967,0.5399885177612305,0.5224155783653259
67785,-0.021304728463292122,0.5392485857009888,0.5198670625686646
67795,-0.022091075778007507,0.5369945168495178,0.5272272229194641
67805,-0.02194695733487606,0.5355628132820129,0.5243629813194275
67815,-0.022065404802560806,0.5359119176864624,0.5212404131889343
67825,-0.02229946106672287,0.5358943939208984,0.5179123282432556
67835,-0.022144494578242302,0.5350329875946045,0.5211567878723145
67845,-0.021949058398604393,0.5353583693504333,0.5183632969856262
67855,-0.022665075957775116,0.5329994559288025,0.5154250264167786
67865,-0.02397833578288555,0.5316187143325806,0.5221176743507385
67875,-0.02356782741844654,0.5318443775177002,0.5186579823493958
67885,-0.023628326132893562,0.533241331577301,0.5146477222442627
67895,-0.02422459051012993,0.5322459936141968,0.5198270678520203
67905,-0.024547509849071503,0.5316410660743713,0.516387403011322
67915,-0.025166012346744537,0.5301898121833801,0.5128331780433655
67925,-0.025214847177267075,0.530160665512085,0.5091428756713867
67935,-0.025085046887397766,0.5308464765548706,0.5225359201431274
67945,-0.024901408702135086,0.5301092863082886,0.5197282433509827
67955,-0.025656932964920998,0.5279135704040527,0.5162907242774963
67965,-0.025439167395234108,0.528583824634552,0.5241009593009949
67975,-0.025482797995209694,0.5302764773368835,0.5202798247337341
67985,-0.026246745139360428,0.5313234329223633,0.5164363980293274
67995,-0.026420332491397858,0.5316296219825745,0.5224363207817078
68005,-0.025389553979039192,0.5327187776565552,0.5193262696266174
68015,-0.02617911994457245,0.5315135717391968,0.5163902640342712
68025,-0.024963919073343277,0.5329074859619141,0.5265432596206665
68035,-0.024161865934729576,0.5320045948028564,0.5246819853782654
68045,-0.02529630810022354,0.5300400257110596,0.5228744745254517
68055,-0.024219093844294548,0.5376536846160889,0.520614504814148
68065,-0.022982070222496986,0.5412713289260864,0.5274738669395447
68075,-0.023797472938895226,0.5385921597480774,0.526361346244812
68085,-0.024366265162825584,0.538050651550293,0.5251263380050659
68095,-0.024354377761483192,0.536587119102478,0.5331099629402161
68105,-0.023744724690914154,0.542998194694519,0.531946063041687
68115,-0.021718110889196396,0.5456082820892334,0.5304628610610962
68125,-0.0227544903755188,0.5431463122367859,0.5332704186439514
68135,-0.022332200780510902,0.5458695888519287,0.531337320804596
68145,-0.023891910910606384,0.5483182668685913,0.5289775133132935
68155,-0.024129396304488182,0.5496605634689331,0.526427686214447
68165,-0.02311226725578308,0.5502657890319824,0.5287891030311584
68175,-0.022325772792100906,0.5489041805267334,0.5264706611633301
68185,-0.020127788186073303,0.5484488010406494,0.523715078830719
68195,-0.0151763204485178,0.5546865463256836,0.5239934921264648
68205,-0.009284868836402893,0.5525656938552856,0.5206232070922852
68215,-0.01696130447089672,0.5554941296577454,0.5198579430580139
68225,-0.00934559851884842,0.5553110837936401,0.5247570872306824
68235,-0.0136150186881423,0.5539962649345398,0.5239717960357666
68245,-0.008559017442166805,0.553066074848175,0.5201919078826904
68255,-0.01179983839392662,0.5523200631141663,0.5201970934867859
68265,-0.008058703504502773,0.5504752397537231,0.5243468880653381
68275,-0.0058127231895923615,0.5487919449806213,0.5213564038276672
68285,-0.004767764825373888,0.5536085963249207,0.5200558304786682
68295,-0.006472517736256123,0.5521968603134155,0.5273589491844177
68305,-0.007958144880831242,0.5510633587837219,0.5256744623184204
68315,-0.007690752390772104,0.5500934720039368,0.5234538912773132
68325,-0.0018523673061281443,0.5566676259040833,0.5309322476387024
68335,0.0038292123936116695,0.5583670139312744,0.5278130173683167
68345,0.00948952604085207,0.562248945236206,0.5249102711677551
68355,0.015221798792481422,0.5639657974243164,0.5271832346916199
68365,0.017771178856492043,0.565436840057373,0.5243163704872131
68375,0.022829459980130196,0.5648161172866821,0.5200219750404358
68385,0.02734842337667942,0.5655472278594971,0.5158759355545044
68395,0.028639376163482666,0.5668637752532959,0.519578218460083
68405,0.03073751926422119,0.5672337412834167,0.5167034864425659
68415,0.03437916934490204,0.567943274974823,0.5135909914970398
68425,0.03776566684246063,0.5680252313613892,0.5205273628234863
68435,0.044510457664728165,0.57252037525177,0.5181881189346313
68445,0.04482986778020859,0.5716095566749573,0.516464114189148
68455,0.05459774285554886,0.5739367008209229,0.5203490853309631
68465,0.056164368987083435,0.5748661756515503,0.5193117260932922
68475,0.0701267272233963,0.5780698657035828,0.5158900618553162
68485,0.06860018521547318,0.5797613859176636,0.5164319276809692
68495,0.08530065417289734,0.5829740762710571,0.5188063979148865
68505,0.08339288830757141,0.5820955038070679,0.5184817910194397
68515,0.09351593255996704,0.5827428698539734,0.5150051116943359
68525,0.0987725630402565,0.5861296057701111,0.5158751010894775
68535,0.11287899315357208,0.5879155993461609,0.5108057260513306
68545,0.11519847065210342,0.587653398513794,0.507373034954071
68555,0.12992553412914276,0.5904674530029297,0.5055590867996216
68565,0.12770186364650726,0.588783323764801,0.5023391246795654
68575,0.14293639361858368,0.5934649109840393,0.49541231989860535
68585,0.13692709803581238,0.5906104445457458,0.4912630021572113
68595,0.15495803952217102,0.5931845903396606,0.48984792828559875
68605,0.15297208726406097,0.5937575697898865,0.48440414667129517
68615,0.15917882323265076,0.5957847833633423,0.4771648645401001
68625,0.1771760731935501,0.5966101884841919,0.4829808473587036
68635,0.17821499705314636,0.5992532968521118,0.4783065915107727
68645,0.1920320838689804,0.5989649891853333,0.470542311668396
68655,0.2029421180486679,0.6012725830078125,0.47807762026786804
68665,0.21740733087062836,0.6059988141059875,0.4722457528114319
68675,0.21728138625621796,0.6049932837486267,0.46870407462120056
68685,0.22939404845237732,0.6043928265571594,0.47523942589759827
68695,0.23581773042678833,0.6048560738563538,0.471771776676178
68705,0.2492358237504959,0.6058863401412964,0.46719077229499817
68715,0.2531851828098297,0.6079163551330566,0.4650380611419678
68725,0.266511470079422,0.6074610948562622,0.4680456221103668
68735,0.26867353916168213,0.6087200045585632,0.4671468138694763
68746,0.2765404284000397,0.6121770143508911,0.46528488397598267
68755,0.28374814987182617,0.6126770377159119,0.4669282138347626
68765,0.2832430601119995,0.6147443652153015,0.46646788716316223
68776,0.29874187707901,0.6166571974754333,0.46404898166656494
68785,0.30497100949287415,0.6158372759819031,0.4630676209926605
68796,0.319657564163208,0.6153098344802856,0.46083542704582214
68805,0.32138779759407043,0.6162453293800354,0.4602658748626709
68815,0.33826944231987,0.6164853572845459,0.4570409059524536
68826,0.3457725942134857,0.6170169711112976,0.46308374404907227
68836,0.35938653349876404,0.6163554191589355,0.4605959951877594
68845,0.3612768054008484,0.6172494292259216,0.4607483148574829
68855,0.3731979429721832,0.6170526742935181,0.4700171649456024
68865,0.38454681634902954,0.6153371930122375,0.4690452218055725
68875,0.3897740840911865,0.6158750653266907,0.46916449069976807
68885,0.3998068571090698,0.6183003187179565,0.4740211069583893
68895,0.3986928164958954,0.617563009262085,0.4751284420490265
68905,0.4101945459842682,0.617595374584198,0.47471490502357483
68915,0.4117133319377899,0.6204720735549927,0.47542503476142883
68925,0.41608789563179016,0.622218132019043,0.4821670949459076
68935,0.4168837070465088,0.6246943473815918,0.48307424783706665
68945,0.43118399381637573,0.6240772604942322,0.48312437534332275
68955,0.43743187189102173,0.6228812336921692,0.4883241057395935
68965,0.4398478865623474,0.6224883198738098,0.48930779099464417
68975,0.45468172430992126,0.6215660572052002,0.4890325367450714
68985,0.4639529883861542,0.620063841342926,0.495195209980011
68995,0.46591246128082275,0.6183409690856934,0.49634498357772827
69005,0.4666582942008972,0.6169900894165039,0.49719077348709106
69015,0.45923158526420593,0.6127724647521973,0.503179669380188
69025,0.4618922472000122,0.617692232131958,0.5030341148376465
69035,0.4583551585674286,0.621039628982544,0.5029579401016235
69045,0.4575508236885071,0.6203659772872925,0.5026472210884094
69055,0.4520845115184784,0.6267693042755127,0.507548451423645
69065,0.4560254216194153,0.6238924860954285,0.5072746276855469
69075,0.46223509311676025,0.6192659735679626,0.506907045841217
69085,0.4670647978782654,0.6105996370315552,0.506272554397583
69095,0.46738481521606445,0.6096429228782654,0.5055007338523865
69105,0.4879545569419861,0.6075195074081421,0.5047444701194763
69115,0.47282883524894714,0.6051619052886963,0.5066999793052673
69125,0.4826810359954834,0.5980404615402222,0.505577027797699
69135,0.4925321936607361,0.594340443611145,0.5040303468704224
69145,0.498636931180954,0.5959449410438538,0.5022643208503723
69155,0.5095974802970886,0.5854471921920776,0.5035775303840637
69165,0.5125010013580322,0.5864576697349548,0.5019756555557251
69175,0.5211650729179382,0.5797139406204224,0.4998799264431
69185,0.5406650900840759,0.5655437111854553,0.49561575055122375
69195,0.5422074794769287,0.5652189254760742,0.49387386441230774
69205,0.5527040362358093,0.5633375644683838,0.490748792886734
69215,0.5574536919593811,0.5614711046218872,0.4873117506504059
69225,0.544280469417572,0.5711559057235718,0.4867390990257263
69235,0.5312227010726929,0.5845667123794556,0.48501285910606384
69245,0.5779178142547607,0.5496766567230225,0.48462504148483276
69255,0.5781614184379578,0.549919605255127,0.485876202583313
69265,0.5973466038703918,0.5362227559089661,0.48237279057502747
69275,0.5976380109786987,0.5362181067466736,0.4801182746887207
69285,0.5942459106445312,0.5377029776573181,0.47498035430908203
69295,0.6027123332023621,0.5214534401893616,0.4719918966293335
69305,0.6053239703178406,0.5214438438415527,0.468545526266098
69315,0.6151562929153442,0.5176200866699219,0.46270447969436646
69325,0.6158232092857361,0.5202319622039795,0.45888498425483704
69335,0.6340736150741577,0.5118298530578613,0.45369604229927063
69345,0.6340728402137756,0.5109521746635437,0.4517912268638611
69355,0.6441707611083984,0.505126416683197,0.4469109773635864
69365,0.6572555303573608,0.49523213505744934,0.44162651896476746
69375,0.6557332873344421,0.498757541179657,0.43690723180770874
69385,0.6661970615386963,0.4954896569252014,0.4360088109970093
69395,0.6708438992500305,0.4961148202419281,0.4314830005168915
69405,0.6729455590248108,0.4933947026729584,0.4276747405529022
69415,0.6809152364730835,0.4896719753742218,0.43077144026756287
69425,0.6862344741821289,0.4949272572994232,0.427179217338562
69435,0.6886596083641052,0.49329715967178345,0.4240369498729706
69445,0.6907481551170349,0.49663931131362915,0.42963898181915283
69455,0.6969003081321716,0.4988076388835907,0.4272729754447937
69465,0.7007490992546082,0.4992718994617462,0.4250117242336273
69475,0.7028605341911316,0.4968714118003845,0.42314568161964417
69485,0.7059710621833801,0.49039989709854126,0.4300273656845093
69495,0.7056172490119934,0.48630625009536743,0.4281047582626343
69505,0.7073947787284851,0.48203104734420776,0.42633453011512756
69515,0.7103403210639954,0.4796997308731079,0.4258635938167572
69525,0.7131168842315674,0.47528234124183655,0.42423051595687866
69535,0.7183637022972107,0.46662312746047974,0.42261478304862976
69545,0.7199833393096924,0.47130855917930603,0.421566903591156
69555,0.7221538424491882,0.47312772274017334,0.41975170373916626
69565,0.7241026163101196,0.47527235746383667,0.4179522395133972
69575,0.7283019423484802,0.4722452461719513,0.4164327085018158
69585,0.7299599647521973,0.4744296967983246,0.4165504574775696
69595,0.7318164110183716,0.47626274824142456,0.4148860573768616
69605,0.7319347858428955,0.4792064130306244,0.4128425717353821
69615,0.7349199652671814,0.46687859296798706,0.41225308179855347
69625,0.7381479144096375,0.4601448178291321,0.4106959104537964
69635,0.7400215268135071,0.46510806679725647,0.40910643339157104
69645,0.7408779263496399,0.45632320642471313,0.4110686779022217
69655,0.7446213960647583,0.4483409523963928,0.41011491417884827
69665,0.7280914783477783,0.4884079098701477,0.4094294011592865
69675,0.7297317981719971,0.4875952899456024,0.40913844108581543
69685,0.7288114428520203,0.49337905645370483,0.4073854386806488
69695,0.7301661372184753,0.49789929389953613,0.4059678316116333
69705,0.7335025668144226,0.49919289350509644,0.4048847258090973
69715,0.7348122000694275,0.5001106858253479,0.40842100977897644
69725,0.7335652709007263,0.5089112520217896,0.40626078844070435
69735,0.7374002933502197,0.5083224773406982,0.4055546224117279
69745,0.7378139495849609,0.5093467235565186,0.4051641523838043
69755,0.7403631806373596,0.5063333511352539,0.4048551321029663
69765,0.7414731383323669,0.5091582536697388,0.4037134647369385
69775,0.7435328364372253,0.506886899471283,0.4004148244857788
69785,0.744935154914856,0.5042361617088318,0.3993260860443115
69795,0.7439575791358948,0.5145020484924316,0.39830073714256287
69805,0.7452638149261475,0.5118145942687988,0.3975262939929962
69815,0.7441468834877014,0.521054208278656,0.3933130204677582
69825,0.7448658347129822,0.5234819054603577,0.3918036222457886
69835,0.7453873753547668,0.5257495641708374,0.3899206221103668
69845,0.7465064525604248,0.5283313989639282,0.39115700125694275
69855,0.7472240924835205,0.5320116877555847,0.3894268870353699
69865,0.748443603515625,0.5335080027580261,0.3881298005580902
69875,0.7483412623405457,0.5365648865699768,0.389697790145874
69885,0.750908374786377,0.5328887104988098,0.38914382457733154
69895,0.7501887679100037,0.5407454371452332,0.3872343897819519
69905,0.7502326369285583,0.5411211252212524,0.3864385783672333
69915,0.7506901025772095,0.5464943051338196,0.38856151700019836
69925,0.7517903447151184,0.542580783367157,0.38806837797164917
69935,0.7497643232345581,0.550326943397522,0.38675305247306824
69945,0.7496151924133301,0.550004243850708,0.3853701949119568
69955,0.7502808570861816,0.550979495048523,0.3843984305858612
69965,0.7516129016876221,0.5544884204864502,0.38348713517189026
69975,0.7522982358932495,0.5545473694801331,0.38364720344543457
69985,0.7523339986801147,0.56328946352005,0.38236379623413086
69995,0.7525766491889954,0.563066840171814,0.3816137909889221
70005,0.7496424913406372,0.5667226314544678,0.3837810754776001
70015,0.7505621910095215,0.5663078427314758,0.3835614025592804
70025,0.7502120137214661,0.5667797327041626,0.3833959698677063
70035,0.7503401637077332,0.5714032053947449,0.3829423189163208
70045,0.7490609288215637,0.5732387900352478,0.3834962546825409
70055,0.748709499835968,0.5698384642601013,0.384082555770874
70065,0.7452794313430786,0.578559398651123,0.3837819993495941
70075,0.7479056119918823,0.5758006572723389,0.38699066638946533
70085,0.7478123903274536,0.5735228061676025,0.3877849578857422
70095,0.7465114593505859,0.5808357000350952,0.38843393325805664
70105,0.7466555237770081,0.5802512764930725,0.391690731048584
70115,0.7441837787628174,0.5822800397872925,0.3920017182826996
70125,0.7434158325195312,0.5829493403434753,0.3922441899776459
70135,0.736294686794281,0.5858258605003357,0.39161404967308044
70145,0.7371734380722046,0.5857042670249939,0.39200201630592346
70155,0.7345254421234131,0.588322639465332,0.3916168510913849
70165,0.737684428691864,0.5866254568099976,0.39161017537117004
70175,0.7292689085006714,0.5893820524215698,0.38899853825569153
70185,0.7296633124351501,0.5885218977928162,0.38817739486694336
70195,0.7257165908813477,0.5918155312538147,0.3864636719226837
70205,0.7243590354919434,0.5914448499679565,0.38347041606903076
70215,0.7200297117233276,0.5901288986206055,0.3814198076725006
70225,0.7200071811676025,0.5905666947364807,0.3796687722206116
70235,0.7153988480567932,0.5951056480407715,0.3774355351924896
70245,0.7140352129936218,0.5908571481704712,0.3783169984817505
70255,0.7142652273178101,0.5868498682975769,0.3759258985519409
70265,0.7100061178207397,0.591335654258728,0.3743087351322174
70275,0.7092761397361755,0.5871236324310303,0.37381553649902344
70285,0.7049619555473328,0.589812695980072,0.3721351623535156
70295,0.7068470120429993,0.5893400311470032,0.37093448638916016
70305,0.7047412395477295,0.5896661877632141,0.37702029943466187
70315,0.7007696032524109,0.5878268480300903,0.3740949034690857
70325,0.7055900692939758,0.5864160656929016,0.37367576360702515
70336,0.7037090063095093,0.5839841961860657,0.38112980127334595
70345,0.6901684999465942,0.5873956680297852,0.38056784868240356
70355,0.6921612620353699,0.585055947303772,0.38035818934440613
70365,0.6905502080917358,0.5831297636032104,0.37945765256881714
70375,0.6804400086402893,0.5810295939445496,0.38367360830307007
70385,0.6793646812438965,0.578406572341919,0.38327208161354065
70395,0.6789196133613586,0.5738735795021057,0.3823462426662445
70405,0.6802553534507751,0.5661981105804443,0.3892585039138794
70415,0.6853770613670349,0.5607963800430298,0.38961154222488403
70426,0.6686667799949646,0.5611791014671326,0.38966381549835205
70435,0.6732776165008545,0.5542211532592773,0.39218541979789734
70445,0.6780283451080322,0.5484231114387512,0.39303094148635864
70455,0.6734641194343567,0.5454742908477783,0.3945774435997009
70466,0.6736930012702942,0.5421276688575745,0.39727431535720825
70475,0.6681159138679504,0.5391103625297546,0.39708417654037476
70485,0.6661410927772522,0.5337026715278625,0.39716091752052307
70495,0.6640316247940063,0.5261592864990234,0.39527449011802673
70505,0.6637096405029297,0.5235241055488586,0.3959435820579529
70515,0.6596235036849976,0.5174001455307007,0.3945419192314148
70525,0.6572322845458984,0.5142730474472046,0.3952784538269043
70535,0.6617103219032288,0.5111336708068848,0.398952841758728
70545,0.656520664691925,0.5027962923049927,0.39742380380630493
70555,0.6567650437355042,0.4980200529098511,0.39781177043914795
70565,0.6485917568206787,0.48864611983299255,0.3946257531642914
70575,0.6489972472190857,0.48288360238075256,0.39472270011901855
70585,0.6510494351387024,0.4796687066555023,0.3961598873138428
70595,0.6480011343955994,0.46919021010398865,0.39325740933418274
70605,0.6433557868003845,0.46346282958984375,0.38985657691955566
70615,0.6457768678665161,0.45768073201179504,0.3892456889152527
70625,0.6413129568099976,0.4478975832462311,0.38535183668136597
70635,0.6442422866821289,0.4438461363315582,0.38892945647239685
70645,0.6430303454399109,0.4332996606826782,0.3844510614871979
70655,0.6415771245956421,0.4270322620868683,0.38222867250442505
70665,0.6344419121742249,0.4151383936405182,0.3847958743572235
70675,0.6369657516479492,0.4111779034137726,0.38424885272979736
70685,0.6271970868110657,0.4039832651615143,0.3815056383609772
70695,0.6272999048233032,0.39768847823143005,0.38024619221687317
70705,0.6293542981147766,0.3930887281894684,0.38315343856811523
70715,0.6266058683395386,0.3815609812736511,0.38078126311302185
70725,0.6262154579162598,0.3753262758255005,0.38014668226242065
70735,0.6240677237510681,0.3610875904560089,0.382546991109848
70745,0.625950813293457,0.3567967712879181,0.38360363245010376
70755,0.6189082264900208,0.34231463074684143,0.37943318486213684
70765,0.6199949383735657,0.33909302949905396,0.3825356066226959
70775,0.6177024245262146,0.3230966031551361,0.3789348006248474
70785,0.6171290874481201,0.3208116888999939,0.3816639184951782
70795,0.6145145297050476,0.3036781847476959,0.3772428631782532
70805,0.6148653626441956,0.30055251717567444,0.37804341316223145
70815,0.6115909814834595,0.29366689920425415,0.3783697783946991
70825,0.609726071357727,0.27778273820877075,0.3750520646572113
70835,0.6084040403366089,0.2722027599811554,0.37590768933296204
70845,0.6082144379615784,0.2671818733215332,0.37717127799987793
70855,0.6052072048187256,0.26091113686561584,0.37749531865119934
70865,0.6054980754852295,0.24892236292362213,0.3767926096916199
70875,0.6036022901535034,0.23913618922233582,0.3766496479511261
70885,0.6027424335479736,0.23653948307037354,0.3783069849014282
70895,0.6038013696670532,0.22589458525180817,0.3777773380279541
70905,0.6032824516296387,0.21397840976715088,0.37742576003074646
70915,0.6026764512062073,0.21077726781368256,0.3787510097026825
70925,0.6001649498939514,0.1902313083410263,0.37507036328315735
70935,0.601172149181366,0.18563057482242584,0.37621769309043884
70945,0.6003424525260925,0.17410270869731903,0.3745303153991699
70955,0.6006022691726685,0.1709040403366089,0.37630823254585266
70965,0.5997670292854309,0.1566932201385498,0.3742600679397583
70975,0.5989856123924255,0.15547694265842438,0.37600284814834595
70985,0.5981447696685791,0.13842277228832245,0.3731135427951813
70996,0.5981238484382629,0.13403421640396118,0.37968412041664124
71005,0.597133994102478,0.12275900691747665,0.3786385655403137
71015,0.596942126750946,0.12205492705106735,0.3796534240245819
71025,0.5984840393066406,0.10968134552240372,0.3783235549926758
71035,0.5983607172966003,0.10145246982574463,0.38346630334854126
71045,0.598179042339325,0.09171268343925476,0.38276928663253784
71055,0.597068727016449,0.08807525038719177,0.3834332227706909
71065,0.5971406698226929,0.08142778277397156,0.3890112638473511
71075,0.5962292551994324,0.07683365792036057,0.38923487067222595
71085,0.5956408977508545,0.06356228142976761,0.3882628083229065
71095,0.5969144701957703,0.055977221578359604,0.3954671323299408
71105,0.5960282683372498,0.049136996269226074,0.3952499032020569
71115,0.5967674255371094,0.03845548629760742,0.39410126209259033
71125,0.5968367457389832,0.035222385078668594,0.3948286473751068
71135,0.5973542332649231,0.02512223646044731,0.39983537793159485
71145,0.5976987481117249,0.022309929132461548,0.3999287784099579
71155,0.5960784554481506,0.013583846390247345,0.3987240493297577
71165,0.5963113903999329,0.012694904580712318,0.4039134979248047
71175,0.5963516235351562,0.006010008975863457,0.40253254771232605
71185,0.5967647433280945,0.003605422331020236,0.40144965052604675
71195,0.5958570837974548,0.00016708951443433762,0.40349698066711426
71205,0.5965441465377808,-0.0075485799461603165,0.4020228683948517
71215,0.5966122150421143,-0.009350651875138283,0.4006681740283966
71225,0.5959377288818359,-0.018330084159970284,0.3990320563316345
71235,0.5967918634414673,-0.021785039454698563,0.40383365750312805
71245,0.5980404019355774,-0.025516139343380928,0.4024640619754791
71255,0.5977935791015625,-0.0305715911090374,0.4009212553501129
71265,0.5990259647369385,-0.031198564916849136,0.40802112221717834
71275,0.6001139283180237,-0.03771073371171951,0.40671753883361816
71285,0.6010676622390747,-0.041652679443359375,0.4056248068809509
71295,0.6021397709846497,-0.04247153177857399,0.41239047050476074
71305,0.60221266746521,-0.04403219372034073,0.41142311692237854
71315,0.6013047099113464,-0.04676748812198639,0.41030845046043396
71325,0.6025987267494202,-0.04975980147719383,0.41523677110671997
71335,0.6031450033187866,-0.05136513337492943,0.4145071804523468
71345,0.6014474034309387,-0.05487058311700821,0.41396787762641907
71355,0.6023313999176025,-0.05702194198966026,0.4135640859603882
71365,0.6024571657180786,-0.05943126231431961,0.41433584690093994
71375,0.6045092940330505,-0.05994146689772606,0.41422468423843384
71385,0.6044885516166687,-0.062240373343229294,0.41414934396743774
71395,0.6047627925872803,-0.06227044016122818,0.41743168234825134
71405,0.6057092547416687,-0.06350849568843842,0.41738706827163696
71415,0.6058727502822876,-0.0650881826877594,0.4171349108219147
71425,0.606443464756012,-0.06403671205043793,0.42073139548301697
71435,0.608538806438446,-0.06179390102624893,0.4204341769218445
71445,0.6088606715202332,-0.06365590542554855,0.4195907413959503
71455,0.6144595146179199,-0.06158623844385147,0.41818979382514954
71465,0.6136765480041504,-0.060935404151678085,0.4200407862663269
71475,0.6128371953964233,-0.06250350177288055,0.41830989718437195
71485,0.6123782396316528,-0.06204777956008911,0.41613060235977173
71495,0.6145790219306946,-0.060343269258737564,0.4174310564994812
71505,0.6136768460273743,-0.06273643672466278,0.4154295325279236
71515,0.6145238280296326,-0.0586056187748909,0.41343623399734497
71525,0.6132804155349731,-0.05940840020775795,0.4140326976776123
71535,0.6134514212608337,-0.0592193678021431,0.4122481942176819
71545,0.6164424419403076,-0.05736054107546806,0.41070687770843506
71555,0.6172248721122742,-0.057126160711050034,0.40934059023857117
71565,0.6197905540466309,-0.048889342695474625,0.41346898674964905
71575,0.6207826137542725,-0.04974258318543434,0.4121397137641907
71585,0.6204200983047485,-0.04840494319796562,0.41038796305656433
71595,0.6213698387145996,-0.04815690591931343,0.4122368097305298
71605,0.6211686134338379,-0.04609132558107376,0.41035765409469604
71615,0.6215524077415466,-0.045123934745788574,0.4084487557411194
71625,0.6207346320152283,-0.04169384762644768,0.4126802682876587
71635,0.6190051436424255,-0.04161989316344261,0.41111013293266296
71645,0.6208409070968628,-0.039267946034669876,0.409565269947052
71655,0.621349036693573,-0.036951396614313126,0.41652074456214905
71665,0.620678722858429,-0.03239971771836281,0.4153982996940613
71675,0.6202715039253235,-0.03177386522293091,0.4142245054244995
71685,0.6215042471885681,-0.027445325627923012,0.41302311420440674
71695,0.6219494938850403,-0.02707926742732525,0.4171934425830841
71705,0.6224439740180969,-0.022368144243955612,0.4160119593143463
71715,0.6213304996490479,-0.022381791844964027,0.41455015540122986
71725,0.6212781071662903,-0.023750904947519302,0.4184257984161377
71735,0.621722400188446,-0.021810265257954597,0.41712841391563416
71745,0.6222965717315674,-0.018009807914495468,0.41575172543525696
71755,0.6215121150016785,-0.014062514528632164,0.4176672101020813
71765,0.622277021408081,-0.016928737983107567,0.4164639413356781
71775,0.6217097640037537,-0.01469801738858223,0.4151904582977295
71785,0.6216760277748108,-0.009742176160216331,0.4139004051685333
71795,0.6216221451759338,-0.007033450063318014,0.4190447926521301
71805,0.6218363046646118,-0.005632032640278339,0.41781818866729736
71815,0.6227746605873108,-0.005458584055304527,0.41616344451904297
71825,0.6225220561027527,-0.0051834071055054665,0.42093342542648315
71835,0.6233107447624207,-0.0032524345442652702,0.41890832781791687
71845,0.624643087387085,0.00023750192485749722,0.4168356955051422
71855,0.6242655515670776,0.0032779830507934093,0.42065590620040894
71865,0.6229116320610046,0.0035025584511458874,0.4189564287662506
71875,0.6242059469223022,0.0056280167773365974,0.4171690344810486
71885,0.624392569065094,0.005742239765822887,0.41531816124916077
71895,0.6220136880874634,0.004836710635572672,0.42196279764175415
71905,0.6216304302215576,0.006004363764077425,0.4205828309059143
71915,0.6216028928756714,0.005351558327674866,0.41935181617736816
71925,0.6223694682121277,0.004119926132261753,0.4269287586212158
71935,0.623218834400177,0.00829357374459505,0.42683106660842896
71945,0.622314989566803,0.008944187313318253,0.42647773027420044
71955,0.6230444312095642,0.007088992744684219,0.4339780807495117
71965,0.6240049004554749,0.010550019331276417,0.4341190457344055
71975,0.6241339445114136,0.011762297712266445,0.43421635031700134
71985,0.6244107484817505,0.010768808424472809,0.43967074155807495
71995,0.6245678067207336,0.011778490617871284,0.4397883117198944
72005,0.624553382396698,0.01258784532546997,0.4396359920501709
72015,0.6211517453193665,0.013654729351401329,0.4393555223941803
72025,0.6207368969917297,0.014055581763386726,0.4487052261829376
72035,0.619584858417511,0.0129027608782053,0.4488682746887207
72045,0.6197327971458435,0.010786422528326511,0.4487488269805908
72055,0.6228379011154175,0.010262347757816315,0.4536893665790558
72065,0.6229813694953918,0.009793248027563095,0.45346060395240784
72075,0.6203110218048096,0.009720592759549618,0.4530275762081146
72085,0.6237427592277527,0.009394899941980839,0.45886293053627014
72095,0.6164689064025879,0.007400802802294493,0.4581836760044098
72105,0.6173900961875916,0.009821431711316109,0.45732834935188293
72115,0.6159359216690063,0.008431576192378998,0.4558362364768982
72125,0.6152780055999756,0.009599510580301285,0.4609103500843048
72135,0.6155404448509216,0.01040221843868494,0.4589636027812958
72145,0.6163055300712585,0.009428678080439568,0.4567282497882843
72155,0.6136185526847839,0.007038472220301628,0.45890212059020996
72165,0.6144782304763794,0.007743581663817167,0.45599085092544556
72175,0.6138163805007935,0.006361974403262138,0.4527614116668701
72185,0.6142987608909607,0.006363777909427881,0.45389050245285034
72195,0.6131610870361328,0.004183116834610701,0.45068854093551636
72205,0.6110211610794067,0.002507634460926056,0.4471910893917084
72215,0.6126527786254883,0.0032610094640403986,0.4435882568359375
72225,0.6135262846946716,0.0027513657696545124,0.4530983567237854
72235,0.6145226359367371,0.002950849011540413,0.4502284526824951
72245,0.6111732125282288,0.0019884256180375814,0.4475101828575134
72255,0.6106651425361633,0.001107427990064025,0.4531680941581726
72265,0.6101976633071899,0.0014471079921349883,0.45095911622047424
72275,0.6094071269035339,0.0018442922737449408,0.4485357701778412
72285,0.6071282029151917,-0.0001554495538584888,0.45408469438552856
72295,0.6077398061752319,0.0011819759383797646,0.45191359519958496
72305,0.6082881689071655,0.0009032509406097233,0.44981563091278076
72315,0.6071335673332214,-0.0008265023934654891,0.45323243737220764
72325,0.6072458624839783,-0.0023468262515962124,0.45156925916671753
72335,0.6045889258384705,-0.0018962647300213575,0.44978177547454834
72345,0.5996426939964294,-0.002368651796132326,0.44765937328338623
72355,0.5990581512451172,-0.0036882597487419844,0.45496463775634766
72365,0.5911446213722229,-0.0028492554556578398,0.45240071415901184
72375,0.5924188494682312,-0.0017755174776539207,0.451667457818985
72385,0.5904791951179504,0.0002298680046806112,0.45778924226760864
72395,0.5890142321586609,0.0006042718305252492,0.4569258689880371
72405,0.5786643028259277,0.0025637359358370304,0.45229217410087585
72415,0.5858623385429382,0.0007722459849901497,0.46235063672065735
72425,0.5819604992866516,0.0006994109135121107,0.4603552222251892
72435,0.583198606967926,0.00037005706690251827,0.46073997020721436
72445,0.5822934508323669,1.7629252397455275e-05,0.4596218466758728
72455,0.5818456411361694,0.0003756921796593815,0.46793100237846375
72465,0.5811128616333008,-0.001014284323900938,0.4668087363243103
72475,0.5808454751968384,-0.0017992857610806823,0.46579086780548096
72485,0.5756758451461792,-0.003087013727054,0.47446975111961365
72495,0.572603166103363,-0.005010302644222975,0.473293274641037
72505,0.5705143213272095,-0.00535322492942214,0.4724518656730652
72515,0.5646007657051086,-0.005989133380353451,0.47807571291923523
72525,0.5593178868293762,-0.006723308004438877,0.4766564965248108
72535,0.5527750253677368,-0.005680768750607967,0.4745587408542633
72545,0.5477119088172913,-0.005801476072520018,0.4722520709037781
72555,0.5419515371322632,-0.005071455147117376,0.48031261563301086
72565,0.5380767583847046,-0.006064897403120995,0.47726407647132874
72575,0.5363502502441406,-0.0046503604389727116,0.47414523363113403
72585,0.5306397676467896,-0.005424362141638994,0.47975701093673706
72595,0.5317277908325195,-0.004012016113847494,0.47799152135849
72605,0.5235643982887268,-0.009550236165523529,0.47283998131752014
72615,0.5236576795578003,-0.01199053879827261,0.4770929217338562
72625,0.5165635943412781,-0.01305276807397604,0.4729604125022888
72635,0.5136904120445251,-0.014121981337666512,0.4702291488647461
72645,0.49998462200164795,-0.014470399357378483,0.4827209413051605
72655,0.4933186173439026,-0.01583736576139927,0.48046091198921204
72665,0.49308696389198303,-0.01477830857038498,0.48001813888549805
72675,0.47974714636802673,-0.01777595281600952,0.4756021201610565
72685,0.4765518605709076,-0.01622934825718403,0.47841572761535645
72695,0.4652959704399109,-0.019291264936327934,0.4751456379890442
72705,0.4636327028274536,-0.01836303249001503,0.47479337453842163
72715,0.4522969424724579,-0.01992763578891754,0.476020485162735
72725,0.45026323199272156,-0.021079208701848984,0.4755629599094391
72735,0.44161295890808105,-0.02156898006796837,0.4728012681007385
72745,0.44261783361434937,-0.021256720647215843,0.473400741815567
72755,0.4316859245300293,-0.021850818768143654,0.46979328989982605
72765,0.43082910776138306,-0.02143247053027153,0.46821677684783936
72775,0.4269227981567383,-0.02271277830004692,0.4658551812171936
72785,0.4142271876335144,-0.024859048426151276,0.46631529927253723
72795,0.41203629970550537,-0.02476053312420845,0.46441736817359924
72805,0.39789700508117676,-0.026967158541083336,0.4602334201335907
72815,0.3863288164138794,-0.028208408504724503,0.46489593386650085
72825,0.3721400201320648,-0.029138382524251938,0.4607384204864502
72835,0.3676217794418335,-0.02984081394970417,0.45916712284088135
72845,0.3546018898487091,-0.029901370406150818,0.4633697271347046
72855,0.35344046354293823,-0.028903989121317863,0.4632498025894165
72865,0.338008850812912,-0.031009765341877937,0.4593420624732971
72875,0.3338894248008728,-0.030891118571162224,0.4587521255016327
72885,0.32489144802093506,-0.030592430382966995,0.4601387679576874
72895,0.31669723987579346,-0.030806593596935272,0.45782044529914856
72905,0.31316739320755005,-0.03215160593390465,0.456783652305603
72915,0.30054017901420593,-0.032734017819166183,0.4588682949542999
72925,0.2978420853614807,-0.03501361235976219,0.4579690396785736
72935,0.284236878156662,-0.035552673041820526,0.455558717250824
72945,0.28079912066459656,-0.03584890440106392,0.4589509963989258
72955,0.2649034857749939,-0.035664066672325134,0.456593781709671
72965,0.25525787472724915,-0.03442196175456047,0.4549306631088257
72975,0.23817948997020721,-0.031112108379602432,0.4545707702636719
72985,0.23468555510044098,-0.03074709139764309,0.4543648958206177
72995,0.2206965982913971,-0.030775167047977448,0.4519379138946533
73005,0.21399559080600739,-0.02932352013885975,0.45120319724082947
73015,0.20168286561965942,-0.027843793854117393,0.45116984844207764
73025,0.19829857349395752,-0.027239687740802765,0.4510747790336609
73035,0.18762119114398956,-0.029095042496919632,0.4493568241596222
73045,0.1840706765651703,-0.028733346611261368,0.45234453678131104
73055,0.17375129461288452,-0.02899302914738655,0.45044824481010437
73065,0.1717914640903473,-0.03074793703854084,0.4496035575866699
73075,0.15941429138183594,-0.03369501605629921,0.44853198528289795
73085,0.15704500675201416,-0.03706226497888565,0.44702592492103577
73095,0.15353550016880035,-0.03789474070072174,0.44545167684555054
73105,0.13771529495716095,-0.03332575783133507,0.44315919280052185
73115,0.1331431269645691,-0.03320056572556496,0.4434681236743927
73125,0.12322806566953659,-0.03212184086441994,0.44106587767601013
73135,0.11826994270086288,-0.02964269183576107,0.4388981759548187
73145,0.10931574553251266,-0.02758711390197277,0.44269585609436035
73155,0.10866168886423111,-0.026220273226499557,0.4408779442310333
73165,0.09282813966274261,-0.02464843913912773,0.43701982498168945
73175,0.09386284649372101,-0.026220742613077164,0.4406968653202057
73185,0.07827205955982208,-0.025459270924329758,0.43670618534088135
73195,0.07268653810024261,-0.026404906064271927,0.4337475001811981
73205,0.06949684023857117,-0.025277363136410713,0.4311962127685547
73215,0.05571381375193596,-0.018901066854596138,0.43300366401672363
73225,0.0543181411921978,-0.0215920303016901,0.4310879707336426
73235,0.038227442651987076,-0.012614602223038673,0.4273291826248169
73245,0.035922788083553314,-0.012717465870082378,0.4327371120452881
73255,0.02404741384088993,-0.00825086422264576,0.42962709069252014
73265,0.021946806460618973,-0.011012430302798748,0.4274648129940033
73275,0.016496367752552032,-0.002793501829728484,0.43083006143569946
73285,0.008132574148476124,0.0014462252147495747,0.42783308029174805
73295,0.0038630967028439045,0.0006631329888477921,0.42531082034111023
73305,0.002495972905308008,0.0063178325071930885,0.4344750642776489
73315,-0.014034844934940338,0.009721985086798668,0.43187496066093445
73325,-0.01677282527089119,0.008463557809591293,0.43046894669532776
73335,-0.018882282078266144,0.015168177895247936,0.4290442168712616
73345,-0.025728927925229073,0.021839864552021027,0.43140125274658203
73355,-0.028932001441717148,0.02648850716650486,0.43000882863998413
73365,-0.029315639287233353,0.024976463988423347,0.42888155579566956
73375,-0.03706486523151398,0.028827005997300148,0.4389682412147522
73385,-0.03932465985417366,0.033502623438835144,0.43801721930503845
73395,-0.04226245358586311,0.029471229761838913,0.4371486008167267
73405,-0.0450638122856617,0.03903944045305252,0.4399386942386627
73415,-0.047002632170915604,0.03443818911910057,0.4394296705722809
73425,-0.049280811101198196,0.03273535892367363,0.4387182891368866
73435,-0.05273547023534775,0.04445597156882286,0.43809935450553894
73445,-0.05528600513935089,0.04522864893078804,0.44459226727485657
73455,-0.05834396928548813,0.045791905373334885,0.44384944438934326
73465,-0.061013247817754745,0.043278273195028305,0.44295787811279297
73475,-0.06360286474227905,0.04560312256217003,0.44534653425216675
73485,-0.06401784718036652,0.043780937790870667,0.4437868893146515
73495,-0.06533829122781754,0.041383933275938034,0.44175970554351807
73505,-0.06563077121973038,0.04082530364394188,0.4402484893798828
73515,-0.0678972378373146,0.053451985120773315,0.4377160966396332
73525,-0.0679691806435585,0.052430782467126846,0.4343811273574829
73535,-0.0690421536564827,0.0531901977956295,0.4308472275733948
73545,-0.06854911893606186,0.054672304540872574,0.43537023663520813
73555,-0.07056140899658203,0.058898478746414185,0.43236398696899414
73565,-0.07301364839076996,0.05663678050041199,0.42946696281433105
73575,-0.07339460402727127,0.05651823431253433,0.4324146509170532
73585,-0.07606586813926697,0.0538061186671257,0.4298597574234009
73595,-0.07101041823625565,0.060090769082307816,0.4272055923938751
73605,-0.07180356979370117,0.05907464027404785,0.4283095896244049
73615,-0.07222262024879456,0.059338390827178955,0.4246935248374939
73625,-0.0746477022767067,0.058960191905498505,0.42085230350494385
73635,-0.0705709382891655,0.0619891956448555,0.42313945293426514
73645,-0.07012927532196045,0.06378582119941711,0.41874703764915466
73655,-0.06956971436738968,0.06452779471874237,0.4138183891773224
73665,-0.06852903217077255,0.06791073828935623,0.4086607098579407
73675,-0.06700193136930466,0.06554048508405685,0.4177142083644867
73685,-0.06824814528226852,0.06383969634771347,0.4134107232093811
73695,-0.06897981464862823,0.06509844958782196,0.4092961251735687
73705,-0.06299793720245361,0.06320902705192566,0.41055402159690857
73715,-0.06324685364961624,0.06277185678482056,0.4070601463317871
73725,-0.06281083822250366,0.06288432329893112,0.4035879969596863
73735,-0.06276996433734894,0.06115425005555153,0.4147456884384155
73745,-0.05708194524049759,0.06390786916017532,0.4125230014324188
73755,-0.05625319853425026,0.06284162402153015,0.4104381799697876
73765,-0.05886809900403023,0.061474740505218506,0.4085487723350525
73775,-0.053485698997974396,0.062269940972328186,0.4155062735080719
73785,-0.05128757283091545,0.06074642017483711,0.41377997398376465
73795,-0.05125073716044426,0.06118924170732498,0.41229915618896484
73805,-0.05057620629668236,0.05860083922743797,0.42042315006256104
73815,-0.044027987867593765,0.055108875036239624,0.4196970462799072
73825,-0.04369192570447922,0.05606849491596222,0.4192805588245392
73835,-0.04106144607067108,0.05349833145737648,0.423880398273468
73845,-0.04182927682995796,0.05038270726799965,0.42365825176239014
73855,-0.0339764803647995,0.05169801414012909,0.4232085049152374
73865,-0.034922365099191666,0.05104280263185501,0.4230010509490967
73875,-0.030731262639164925,0.04848635569214821,0.4287760853767395
73885,-0.03060382604598999,0.04775580018758774,0.4280069172382355
73895,-0.02402518503367901,0.04280334338545799,0.42612093687057495
73905,-0.021010981872677803,0.04278365522623062,0.4308375120162964
73915,-0.02253873646259308,0.04173475131392479,0.4284668266773224
73925,-0.016387758776545525,0.041634451597929,0.42534810304641724
73935,-0.01382623240351677,0.03982582688331604,0.4304775893688202
73945,-0.015797177329659462,0.0384717620909214,0.42773327231407166
73955,-0.017215384170413017,0.038480017334222794,0.4247017800807953
73965,-0.005397598259150982,0.02963625267148018,0.4331156611442566
73975,-0.004284019581973553,0.028002481907606125,0.43072113394737244
73985,-0.002290970180183649,0.027175594121217728,0.4280831813812256
73995,-0.0005106390453875065,0.02631859853863716,0.4254036247730255
74005,0.001085772761143744,0.025099270045757294,0.43742606043815613
74015,0.004551451653242111,0.02026933990418911,0.43537023663520813
74025,0.007443141657859087,0.019629929214715958,0.43359753489494324
74035,0.007923182100057602,0.01732509210705757,0.4458646774291992
74045,0.00857179332524538,0.012331374920904636,0.44480061531066895
74055,0.009100562892854214,0.011254094541072845,0.4440400004386902
74065,0.013978945091366768,0.008469324558973312,0.45382964611053467
74075,0.012746666558086872,0.008314467035233974,0.45425620675086975
74085,0.014027303084731102,0.006479519885033369,0.4545890688896179
74095,0.016030676662921906,0.0036539279390126467,0.4546312391757965
74105,0.017883719876408577,0.0020306999795138836,0.46125856041908264
74115,0.018283629789948463,1.7525628209114075e-05,0.46114999055862427
74125,0.020092755556106567,-3.1735737138660625e-05,0.46066251397132874
74135,0.019290262833237648,-0.0008166112820617855,0.46784707903862
74145,0.021119248121976852,-0.004528677091002464,0.46742215752601624
74155,0.02308548241853714,-0.007081498391926289,0.46685129404067993
74165,0.024560654535889626,-0.008102862164378166,0.47416937351226807
74175,0.025129936635494232,-0.008360473439097404,0.47356173396110535
74185,0.026369838044047356,-0.00871216133236885,0.47249835729599
74195,0.026700684800744057,-0.009333893656730652,0.4709715247154236
74205,0.027834929525852203,-0.010147764347493649,0.4769120216369629
74215,0.027988549321889877,-0.010383564978837967,0.4753898084163666
74225,0.028607763350009918,-0.011549592949450016,0.4737505316734314
74235,0.030181074514985085,-0.0143476203083992,0.4799525737762451
74245,0.03029295802116394,-0.012940862216055393,0.4785127341747284
74255,0.030150216072797775,-0.014464348554611206,0.4768761992454529
74265,0.031041953712701797,-0.019914861768484116,0.48365309834480286
74275,0.032644614577293396,-0.021017033606767654,0.48193633556365967
74285,0.03397005423903465,-0.022330818697810173,0.47987741231918335
74295,0.03304344415664673,-0.022244548425078392,0.48451539874076843
74305,0.03359983488917351,-0.022141318768262863,0.4825732111930847
74315,0.03540276736021042,-0.022471832111477852,0.4805416762828827
74325,0.03604491427540779,-0.023397762328386307,0.4783206284046173
74335,0.03498831018805504,-0.02240869216620922,0.48233762383461
74345,0.03595835343003273,-0.02264561504125595,0.47990936040878296
74355,0.03252917900681496,-0.02254333160817623,0.4772482216358185
74365,0.035936012864112854,-0.022554555907845497,0.4831467866897583
74375,0.03585329279303551,-0.023104017600417137,0.48082080483436584
74385,0.03714679554104805,-0.025036757811903954,0.4785042405128479
74395,0.03800927475094795,-0.023723162710666656,0.4828120470046997
74405,0.03810686990618706,-0.024611404165625572,0.48033615946769714
74415,0.03616859018802643,-0.026176875457167625,0.4773417115211487
74425,0.03549405187368393,-0.025530124083161354,0.47403573989868164
74435,0.03645351901650429,-0.02278444543480873,0.47210389375686646
74445,0.034016937017440796,-0.023141540586948395,0.46795928478240967
