time,x_gyro,y_gyro,z_gyro
19268,0.031216885894536972,-0.5476877093315125,-0.3519262373447418
19278,0.3389786183834076,0.27337390184402466,-1.2676178216934204
19288,-0.26683732867240906,-0.03780054673552513,-1.0810080766677856
19298,-1.221860408782959,0.017804007977247238,-1.3316792249679565
19308,0.16082195937633514,0.45863470435142517,-0.1348889023065567
19318,0.7355346083641052,1.6535589694976807,-1.3222289085388184
19328,0.3048260807991028,2.517002820968628,1.6007064580917358
19338,7.397994041442871,8.400918960571289,-0.40015631914138794
19348,-3.1198055744171143,-11.85729694366455,-0.3269787132740021
19358,7.210785388946533,2.651350975036621,1.8655450344085693
19368,21.072528839111328,-6.602856636047363,2.2769758701324463
19378,8.51046371459961,-0.40735572576522827,-0.2407611906528473
19388,-7.978618621826172,-6.127560615539551,-0.3963025212287903
19398,-18.332067489624023,-4.804798603057861,-2.0602493286132812
19408,-22.779321670532227,4.878963470458984,-0.49322545528411865
19418,-25.783145904541016,2.458737373352051,3.29262375831604
19428,-16.093347549438477,-13.553088188171387,6.95736026763916
19438,-10.018893241882324,-25.585609436035156,9.347304344177246
19448,-10.00668716430664,-24.565950393676758,9.662252426147461
19458,-15.6021089553833,-29.60838508605957,9.324540138244629
19468,-18.762083053588867,-24.089845657348633,7.954914569854736
19478,-22.049388885498047,-3.9961345195770264,7.1377997398376465
19488,-27.21219825744629,12.376961708068848,8.576610565185547
19498,-24.97969627380371,9.204154968261719,9.288114547729492
19508,-5.66263484954834,-9.891453742980957,9.530136108398438
19518,28.522932052612305,-22.017210006713867,12.1189603805542
19528,64.0113754272461,-17.90030860900879,12.360026359558105
19538,88.30886840820312,-12.017127990722656,12.139967918395996
19548,95.95067596435547,-7.794015884399414,7.457425117492676
19558,94.53440856933594,-6.212031841278076,8.231485366821289
19568,84.19332885742188,-5.382519721984863,7.193424701690674
19578,61.12702178955078,-4.131864547729492,6.228363037109375
19588,32.33697509765625,-4.330094814300537,6.918486595153809
19598,0.8928737044334412,-6.919215202331543,5.296768665313721
19608,-30.196910858154297,-9.112710952758789,4.284857749938965
19618,-49.286556243896484,-9.890108108520508,5.325253486633301
19628,-56.934940338134766,-5.206606864929199,5.544699192047119
19638,-54.94039535522461,5.615835189819336,5.671407222747803
19648,-45.26514434814453,19.61722755432129,6.173206329345703
19658,-32.73457336425781,30.903352737426758,6.143016338348389
19668,-23.675207138061523,41.20668411254883,8.108512878417969
19678,-17.4515380859375,47.697898864746094,6.357415199279785
19688,-14.0173978805542,45.67484664916992,8.062460899353027
19698,-7.2943267822265625,35.183937072753906,5.780044078826904
19708,-6.014566421508789,20.47077751159668,9.464895248413086
19718,-11.410247802734375,2.354619264602661,11.216615676879883
19728,-21.039356231689453,-11.957720756530762,6.718897342681885
19738,-31.16483497619629,-19.452266693115234,7.375100135803223
19748,-34.381473541259766,-25.236650466918945,6.372832775115967
19758,-30.61130142211914,-25.00307273864746,4.281904220581055
19768,-22.123641967773438,-19.599485397338867,4.026968955993652
19778,-8.196764945983887,-11.08693790435791,4.958297252655029
19788,7.335607051849365,-0.818026602268219,3.7198476791381836
19798,18.555660247802734,9.132369995117188,3.194505214691162
19808,23.928272247314453,15.273690223693848,3.5454843044281006
19818,24.802576065063477,17.73735237121582,2.1846702098846436
19828,20.07328987121582,16.228055953979492,1.2772928476333618
19838,13.889006614685059,8.75677490234375,1.8920774459838867
19848,4.373379230499268,3.0854694843292236,3.0437824726104736
19858,-2.157144784927368,-5.78144645690918,1.9455804824829102
19868,-7.162119388580322,-11.694284439086914,0.9959124326705933
19878,-9.061501502990723,-14.150045394897461,1.1615471839904785
19888,-8.02735424041748,-13.962773323059082,1.6821883916854858
19898,-3.970621109008789,-10.080331802368164,1.6205068826675415
19908,0.2745346128940582,-4.723884105682373,2.714613676071167
19918,4.559523105621338,1.338523030281067,2.3946797847747803
19928,9.885692596435547,5.939021110534668,2.8023946285247803
19938,12.724814414978027,9.551267623901367,2.163100481033325
19948,13.495626449584961,9.7945556640625,1.3389030694961548
19958,11.232690811157227,8.955395698547363,0.3493131399154663
19968,6.809232711791992,5.0644001960754395,0.6600720882415771
19978,2.267049551010132,1.1731882095336914,0.48790279030799866
19988,-1.0696840286254883,-2.586233377456665,0.0013150244485586882
19998,-2.2219831943511963,-5.733258247375488,0.7473004460334778
20008,-2.916027069091797,-6.6884284019470215,0.8828601241111755
20018,-0.9887486100196838,-6.4169206619262695,0.9683531522750854
20028,1.1701074838638306,-4.719808101654053,0.8266683220863342
20038,3.7821662425994873,-3.3486557006835938,0.2391863614320755
20048,4.965078353881836,-1.3054448366165161,0.5755431056022644
20058,6.892237186431885,0.22003211081027985,0.5381081700325012
20068,7.570291996002197,1.46826171875,0.7167020440101624
20078,5.908602237701416,3.079535961151123,0.0986834466457367
20088,3.797258138656616,2.973419189453125,0.22224047780036926
20098,2.7918479442596436,3.4259157180786133,0.881038248538971
20108,2.1371681690216064,4.441391944885254,1.3265644311904907
20118,1.52829909324646,5.963758945465088,0.3114078938961029
20128,2.457960605621338,6.227259159088135,0.3733271062374115
20138,3.3793890476226807,6.511007308959961,0.7129956483840942
20148,3.6968162059783936,6.2289719581604,0.5203643441200256
20158,3.8449394702911377,4.536540508270264,0.5047242641448975
20168,3.579598903656006,3.372873544692993,-1.1640249490737915
20178,3.1000053882598877,0.7782882452011108,-0.9216471314430237
20188,2.215143918991089,-2.008289337158203,-0.7926821112632751
20198,2.2613022327423096,-4.806430816650391,-0.4423109292984009
20208,2.4825148582458496,-6.246135711669922,-1.048275351524353
20218,1.302655577659607,-6.9688029289245605,-1.3686864376068115
20228,-0.6543501615524292,-6.523924350738525,-1.1069978475570679
20238,-1.790878176689148,-3.4217936992645264,-1.1069419384002686
20248,-2.9155588150024414,-1.2412346601486206,-1.8061044216156006
20258,-1.9903184175491333,-0.0888097733259201,-1.9816899299621582
20268,-0.574120283126831,0.5489993691444397,-1.295308232307434
20278,0.6828234791755676,0.5898707509040833,-1.4865763187408447
20288,4.055950164794922,-0.929970920085907,-0.9342733025550842
20298,5.9619550704956055,-2.771510601043701,-1.8130754232406616
20308,7.5464701652526855,-7.341897010803223,-2.0581092834472656
20318,7.861306667327881,-4.997260570526123,-1.60001802444458
20328,4.886178016662598,-2.265306234359741,-1.0660336017608643
20338,0.7321609854698181,1.607769250869751,-1.7462891340255737
20348,-3.3614797592163086,7.49407958984375,-2.3768136501312256
20358,-7.049430847167969,10.432648658752441,-1.7429522275924683
20368,-8.610445022583008,10.976164817810059,-0.35999059677124023
20378,-9.402217864990234,8.37036418914795,-0.5315547585487366
20388,-8.304283142089844,6.8733038902282715,-1.588313102722168
20398,-7.85629415512085,3.9461777210235596,-2.1353800296783447
20408,-6.544663429260254,-2.323925256729126,-1.857904314994812
20418,-4.547150611877441,-2.949380874633789,-1.2326403856277466
20428,-4.901610374450684,-3.8589627742767334,-1.571424126625061
20438,-5.743414878845215,-3.371643304824829,-2.097325325012207
20448,-6.191112518310547,-1.59091055393219,-1.9680722951889038
20458,-6.2515339851379395,1.6748590469360352,-1.357138752937317
20468,-5.572836875915527,6.223950386047363,-1.1020587682724
20478,-6.1108198165893555,11.577178001403809,-0.6657896041870117
20488,-6.2861647605896,14.871232986450195,-1.8875514268875122
20498,-4.498603820800781,25.790075302124023,-1.7433626651763916
20508,-0.9844014048576355,39.828731536865234,-2.0516130924224854
20518,1.0935746431350708,50.163108825683594,-2.4213497638702393
20528,2.18013858795166,54.633941650390625,-1.5964889526367188
20538,1.9413981437683105,52.911312103271484,-0.5672110915184021
20548,2.7654149532318115,44.63348388671875,-0.08804067969322205
20558,2.6931636333465576,32.055721282958984,1.4342714548110962
20568,2.0848917961120605,18.161333084106445,-0.15058259665966034
20578,0.3896847069263458,6.1417036056518555,0.26976460218429565
20588,-1.9718214273452759,-1.4396604299545288,-0.15703997015953064
20598,-4.457018852233887,-3.2040297985076904,-0.16948388516902924
20608,-5.784967422485352,-0.1681593358516693,-0.7440869212150574
20618,-7.663625717163086,6.447794437408447,-0.3343346416950226
20628,-7.105035305023193,11.88262939453125,-0.7230396866798401
20638,-5.6286468505859375,15.848869323730469,-1.1323598623275757
20648,-2.931474208831787,13.483720779418945,-0.46050918102264404
20658,-1.4535555839538574,10.828285217285156,0.5376460552215576
20668,1.0530729293823242,5.3169708251953125,-1.8495427370071411
20678,2.4487662315368652,1.0336796045303345,-0.3834373652935028
20688,4.426880359649658,-3.762938976287842,-1.0242633819580078
20698,5.021635055541992,-7.486062526702881,-0.8361173272132874
20708,4.5745015144348145,-10.689787864685059,-0.6634494066238403
20718,3.0740857124328613,-10.70678997039795,1.3420335054397583
20728,2.219719171524048,-10.318204879760742,0.9011756777763367
20738,0.38778096437454224,-8.92425537109375,-0.3647522032260895
20748,-1.782943606376648,-6.502871513366699,-0.27844613790512085
20758,-1.6107256412506104,-5.2687225341796875,0.5040057897567749
20768,-1.7443718910217285,-5.207492828369141,0.5581135153770447
20778,-2.018843650817871,-5.290919780731201,0.28409644961357117
20788,-0.8327247500419617,-6.657470703125,0.5585772395133972
20798,0.09076640009880066,-8.842066764831543,0.6070066094398499
20808,1.8529934883117676,-11.916994094848633,0.7503523230552673
20818,3.5808331966400146,-14.91686725616455,-1.0222634077072144
20828,2.8024063110351562,-13.71826171875,-0.5774665474891663
20838,3.495959520339966,-14.598557472229004,0.22409315407276154
20848,2.5050947666168213,-13.522627830505371,0.12567612528800964
20858,0.16486527025699615,-10.269878387451172,-0.4823116064071655
20868,1.3811781406402588,-8.488694190979004,-0.3327770531177521
20878,1.4263834953308105,-6.550302982330322,0.302969753742218
20888,2.889033079147339,-5.743872165679932,1.4004991054534912
20898,2.900437831878662,-5.264747142791748,-0.09759193658828735
20908,1.5752676725387573,-5.326699733734131,-0.6966207027435303
20918,2.1629440784454346,-6.294631481170654,0.06696587800979614
20928,1.8635237216949463,-6.475747585296631,0.1243513748049736
20938,1.5388578176498413,-6.915584087371826,-0.07942619174718857
20948,0.9585257172584534,-7.0630412101745605,0.29026421904563904
20958,1.4736961126327515,-7.6432905197143555,0.7029826045036316
20968,0.9890327453613281,-7.945958137512207,0.8192806243896484
20978,3.0168368816375732,-12.939312934875488,-0.7943775653839111
20988,1.5536608695983887,-9.60166072845459,-0.9712920188903809
20998,1.1163314580917358,-10.366057395935059,-0.5442854166030884
21008,1.3458914756774902,-10.623827934265137,-0.2719431519508362
21018,1.566403865814209,-10.66838264465332,-0.38960185647010803
21028,1.999603271484375,-8.880516052246094,-0.06752410531044006
21038,2.1073195934295654,-7.026062965393066,1.064914584159851
21048,1.046525478363037,-6.872951030731201,0.06297916173934937
21058,-0.38930800557136536,-6.091866493225098,-0.059260908514261246
21068,-0.9273892045021057,-6.817368507385254,-0.20528799295425415
21078,0.35013896226882935,-7.754050254821777,0.23117564618587494
21088,0.9072563648223877,-7.673795223236084,-0.09797762334346771
21098,-0.26597967743873596,-6.198948383331299,-0.22449149191379547
21108,-1.1258792877197266,-4.678117752075195,0.06561559438705444
21118,-1.1569284200668335,-3.8328752517700195,-0.652239203453064
21128,-0.18177177011966705,-7.582670211791992,-0.4139530062675476
21138,1.1090515851974487,-8.415669441223145,-0.3157878518104553
21148,0.5971331596374512,-9.072474479675293,0.35509827733039856
21158,2.0178399085998535,-10.799434661865234,0.50080806016922
21168,1.3540215492248535,-10.930367469787598,-0.16108787059783936
21178,0.884800136089325,-8.737256050109863,0.12236390262842178
21188,-1.1960102319717407,-6.008538722991943,0.8797887563705444
21198,-1.8286406993865967,-2.4565696716308594,0.6145992279052734
21208,-2.40854811668396,-0.809408962726593,-0.1603163778781891
21218,-1.8693972826004028,-3.0406575202941895,0.4374963045120239
21228,-0.9650565981864929,-4.844468593597412,0.5765417814254761
21238,-0.3861456513404846,-5.9386796951293945,-0.03464703634381294
21248,0.7162989974021912,-7.267597198486328,-0.999589204788208
21258,2.9020936489105225,-7.073213577270508,-0.7124738693237305
21268,2.232267141342163,-6.258578300476074,0.6727713942527771
21278,3.3913893699645996,-4.896215438842773,-0.7772873640060425
21288,3.3209218978881836,-3.741098403930664,-0.5321615934371948
21298,0.7520369291305542,-1.899918794631958,0.49806249141693115
21308,-1.253139615058899,0.4757857620716095,-0.039507534354925156
21318,-2.6995198726654053,1.4204342365264893,-0.8578624725341797
21328,-4.801661491394043,3.0941145420074463,-0.470409095287323
21338,-5.275263786315918,1.9766548871994019,-0.1866200566291809
21348,-6.818113327026367,-0.18045376241207123,-0.11136330664157867
21358,-3.703223466873169,-3.970229148864746,-0.7570971846580505
21368,-2.1371262073516846,-4.122742176055908,-0.9527274966239929
21378,-0.8344570398330688,-1.1329234838485718,0.6545453071594238
21388,2.5155436992645264,0.7422482967376709,-0.95045006275177
21398,3.783202648162842,3.5412895679473877,-1.6150106191635132
21408,4.185654640197754,6.344409942626953,-0.30772626399993896
21418,4.240828514099121,4.517460346221924,-0.5707281827926636
21428,3.7841291427612305,-0.03350919857621193,-1.0208814144134521
21438,2.5105602741241455,-4.334781646728516,-0.30332151055336
21448,0.4792967438697815,-7.160901069641113,-0.2731374502182007
21458,-2.1702897548675537,-8.639572143554688,0.6024593710899353
21468,-2.911421537399292,-9.0704984664917,-0.5370817184448242
21478,-4.397346496582031,-6.047569274902344,-0.7535260915756226
21488,-4.084441184997559,-3.39072585105896,-0.6544200778007507
21498,-2.6082446575164795,-0.29827311635017395,-0.49917152523994446
21508,-0.5779823660850525,5.051364421844482,-1.6742312908172607
21518,2.1701104640960693,7.123833656311035,-1.7007392644882202
21528,4.15803337097168,8.087597846984863,-0.18296782672405243
21538,4.468050479888916,7.416812419891357,-0.846118152141571
21548,2.4863600730895996,4.7608466148376465,-1.6821019649505615
21558,0.21084724366664886,1.3339422941207886,-0.7748063802719116
21568,-2.0472216606140137,-1.6606982946395874,-1.147629976272583
21578,-3.354680299758911,-3.7296242713928223,-1.3877284526824951
21588,-4.501040935516357,-3.880840539932251,-1.9472949504852295
21598,-3.728224992752075,-3.4229609966278076,-1.5366504192352295
21608,-4.019887447357178,-0.22513867914676666,-1.6541794538497925
21618,-4.238021373748779,3.436807870864868,-1.7963230609893799
21628,-2.968621015548706,5.701744556427002,-1.728761911392212
21638,-1.0833295583724976,8.438650131225586,-0.6378670334815979
21648,0.5290775895118713,8.453760147094727,-1.1492739915847778
21658,1.5738685131072998,8.546323776245117,-2.6417174339294434
21668,2.725008487701416,5.540290355682373,-2.1792845726013184
21678,2.754821300506592,2.0081562995910645,-1.34696364402771
21688,3.0875678062438965,-0.8798478841781616,-0.9730210900306702
21698,1.5403481721878052,-1.931483268737793,-1.9247336387634277
21708,-0.5133630037307739,-1.1642299890518188,-1.8048185110092163
21718,-2.9564499855041504,0.4449016749858856,-1.1561262607574463
21728,-3.7002668380737305,2.222074270248413,-0.5862998962402344
21738,-4.421156883239746,3.5985774993896484,-1.9630050659179688
21748,-3.8065714836120605,5.579403877258301,-1.739847183227539
21758,-1.9101697206497192,3.7293717861175537,-1.1505305767059326
21768,0.5322900414466858,3.2927796840667725,-0.018384551629424095
21778,1.7185704708099365,3.562295436859131,-1.05314302444458
21788,3.866081953048706,2.398430824279785,-1.824327826499939
21798,2.9672129154205322,2.2835693359375,-1.1666620969772339
21808,2.0100555419921875,0.991294801235199,-1.3632885217666626
21818,-0.8699586987495422,1.2663339376449585,-1.0556259155273438
21828,-2.6260504722595215,0.4322948455810547,-1.2137532234191895
21838,-4.230730056762695,0.7676960229873657,-1.8560442924499512
21848,-3.8671436309814453,0.9117497205734253,-1.368820071220398
21858,-2.8478145599365234,0.5587126016616821,-1.7636113166809082
21868,-1.842416524887085,1.7070482969284058,-1.8728065490722656
21878,0.2687619626522064,-0.652114987373352,-1.4916276931762695
21888,1.7795106172561646,-0.9271345138549805,-0.28478798270225525
21898,1.5686240196228027,0.9402114152908325,-1.3305048942565918
21908,3.057323694229126,0.5605459809303284,-1.4540112018585205
21918,0.7067897915840149,1.5506008863449097,-1.170363426208496
21928,-0.36139509081840515,2.7129359245300293,-1.1694867610931396
21938,-1.651137113571167,4.042389392852783,-0.40850669145584106
21948,-2.2692294120788574,2.7924230098724365,-1.079500675201416
21958,-3.725188970565796,2.9909913539886475,-2.190927267074585
21968,-2.9032108783721924,1.0958888530731201,-1.1967120170593262
21978,-0.056331343948841095,-0.8583188056945801,-0.8533371686935425
21988,0.5335652232170105,-1.2545417547225952,-1.042904257774353
21998,1.8495486974716187,-2.2307844161987305,-1.9398878812789917
22008,2.0847792625427246,-1.9454922676086426,-1.5858924388885498
22018,2.1748876571655273,-1.6236445903778076,-1.2483998537063599
22028,0.2985413670539856,-0.13271157443523407,-0.9265709519386292
22038,-1.9451069831848145,-0.05955573543906212,-1.8348058462142944
22048,-2.0601730346679688,-0.03578924015164375,-1.8682597875595093
22058,-2.6209933757781982,0.05967715382575989,-1.2134636640548706
22068,-0.7356268763542175,-0.265433132648468,-0.8722923994064331
22078,-0.2563987076282501,-0.6545202136039734,-1.0035207271575928
22088,1.4858970642089844,-0.49141350388526917,-2.0873031616210938
22098,2.359910249710083,-1.0059242248535156,-2.045144557952881
22108,3.892089366912842,-1.1591007709503174,-1.3831435441970825
22118,4.766232967376709,-0.8750102519989014,-1.5772826671600342
22128,3.0096638202667236,-0.7110791206359863,-2.073336601257324
22138,1.2114595174789429,-0.11812712252140045,-1.1876286268234253
22148,-0.3091086745262146,0.2523578107357025,-1.7667235136032104
22158,-1.5528067350387573,1.1902052164077759,-0.38569000363349915
22168,-2.167876958847046,0.2681548297405243,-1.3584022521972656
22178,-1.6471283435821533,-1.261046051979065,-2.312527894973755
22188,-0.6710677146911621,-1.434030532836914,-1.5379935503005981
22198,-0.0421711802482605,-0.7968912720680237,-1.0492360591888428
22208,-1.5818202495574951,2.0652945041656494,-0.5344372987747192
22218,-0.4483368992805481,1.70387601852417,-1.8180160522460938
22228,1.6765412092208862,3.6798033714294434,-1.218806505203247
22238,3.323443651199341,2.766219139099121,-0.311376690864563
22248,4.0473856925964355,1.5767710208892822,-0.29698359966278076
22258,4.118436813354492,-2.058032751083374,0.1850585639476776
22268,2.0371592044830322,-4.009317398071289,-0.9613962769508362
22278,-0.047134339809417725,-5.987960338592529,-0.6520087718963623
22288,-1.839997410774231,-6.510390758514404,-1.0255084037780762
22298,-3.624190330505371,-6.178589344024658,-1.105663776397705
22308,-4.344470977783203,-5.272580146789551,-1.2522985935211182
22318,-5.991782188415527,-3.8018999099731445,-2.520000696182251
22328,-3.8005640506744385,-2.395763874053955,-0.5999628901481628
22338,-0.3547563850879669,-2.0297610759735107,-1.995086908340454
22348,1.024436354637146,-1.7074356079101562,-0.3120075464248657
22358,2.500701665878296,2.384911060333252,-1.6886404752731323
22368,4.238910675048828,3.6912052631378174,-1.4890828132629395
22378,3.6527624130249023,4.063212871551514,-0.4076719284057617
22388,3.0444743633270264,3.4372763633728027,-0.37701448798179626
22398,-7.505962371826172,10.658564567565918,-1.0037578344345093
22408,-22.867626190185547,21.464807510375977,-0.9343868494033813
22418,-41.89460372924805,33.67110061645508,-1.0942219495773315
22428,-56.684471130371094,43.049495697021484,-1.8925018310546875
22438,-63.4753303527832,47.679046630859375,-0.8662945032119751
22448,-61.682701110839844,45.77050018310547,-0.08049101382493973
22458,-50.24571990966797,38.35472869873047,2.1259982585906982
22468,-31.854646682739258,28.624027252197266,0.5538479089736938
22478,-14.681742668151855,19.89950180053711,1.0953783988952637
22488,-2.4289040565490723,11.192760467529297,0.5383674502372742
22498,5.919031620025635,7.309230804443359,0.2009809911251068
22508,6.085965633392334,5.727278232574463,0.21354229748249054
22518,0.7592833042144775,6.44313383102417,0.9799793362617493
22528,-6.668142318725586,7.826776027679443,1.0165132284164429
22538,-16.789142608642578,11.026192665100098,-0.4527413845062256
22548,-23.802818298339844,11.848566055297852,-0.5454540252685547
22558,-25.876033782958984,11.737950325012207,-0.6058624982833862
22568,-24.95720863342285,12.132503509521484,0.5865281224250793
22578,-19.547443389892578,10.334473609924316,-0.38664907217025757
22588,-11.514591217041016,7.38610315322876,-0.7314761877059937
22598,-2.0840532779693604,3.68192982673645,-0.7429171800613403
22608,6.743392467498779,0.6692050099372864,-1.1557674407958984
22638,16.482088088989258,-0.8638028502464294,-1.4643856287002563
22648,13.468852996826172,-0.9785026907920837,-2.1619045734405518
22668,3.6676926612854004,-0.6603964567184448,-1.5158412456512451
22678,-1.48184335231781,-0.4760077893733978,-2.5677108764648438
22688,-2.2403297424316406,-2.8440659046173096,-2.6135799884796143
22698,-0.8198044300079346,-6.357641220092773,-3.023432731628418
22708,2.2483160495758057,-9.239187240600586,-3.260434627532959
22718,4.6351399421691895,-9.44029426574707,-3.241776466369629
22728,9.741924285888672,-13.131871223449707,-2.8866946697235107
22738,16.722518920898438,-15.361700057983398,-2.697239875793457
22748,22.300901412963867,-16.760738372802734,-3.0015010833740234
22758,23.27487564086914,-16.663068771362305,-2.740007162094116
22768,18.19289779663086,-12.95439624786377,-0.9147652387619019
22778,13.622424125671387,-6.6862287521362305,-2.754885196685791
22788,10.633845329284668,-3.7352418899536133,-2.511725664138794
22798,9.812925338745117,-2.82720685005188,-2.764463186264038
22808,8.51312255859375,-1.6696908473968506,-1.7458686828613281
22818,8.641508102416992,-1.1402634382247925,-1.8093719482421875
22828,10.665847778320312,-2.0447375774383545,-0.9047282338142395
22838,14.021634101867676,-2.102313756942749,-1.8301256895065308
22848,16.72620964050293,-3.0084006786346436,-0.4883229732513428
22858,19.773378372192383,-3.9418771266937256,-0.8897289037704468
22868,21.253934860229492,-3.7008299827575684,-1.3046616315841675
22878,19.272619247436523,-3.980224609375,-1.1165800094604492
22888,17.956907272338867,-5.198883533477783,-1.23414945602417
22898,16.754962921142578,-7.847305774688721,-1.2911244630813599
22908,15.277467727661133,-8.295333862304688,0.054600801318883896
22918,14.659664154052734,-9.582426071166992,-1.077263355255127
22928,12.739615440368652,-10.268203735351562,-0.5066925287246704
22938,12.434396743774414,-10.4237642288208,-0.8400411605834961
22948,9.445121765136719,-7.688034534454346,-1.2359514236450195
22958,7.622742176055908,-6.19513463973999,-1.2304112911224365
22968,5.974489688873291,-4.4886674880981445,-1.2811726331710815
22978,5.646416187286377,-4.446326732635498,-0.19526222348213196
22988,6.405182838439941,-7.042769908905029,-1.2730882167816162
22998,6.57332706451416,-9.2929105758667,-0.07656499743461609
23008,9.685091018676758,-11.957456588745117,-0.5553476214408875
23018,9.512197494506836,-12.316383361816406,1.863978385925293
23028,9.725372314453125,-12.939753532409668,0.2885751724243164
23038,7.064034938812256,-12.176315307617188,-0.5914540886878967
23048,2.495128631591797,-12.657210350036621,-0.3202005922794342
23058,-0.6961521506309509,-12.281264305114746,0.21382252871990204
23068,-4.24367094039917,-13.409686088562012,0.8777014017105103
23078,-5.302556991577148,-14.442652702331543,-0.5467687249183655
23088,-8.618687629699707,-13.033411026000977,0.007437276653945446
23098,-10.052441596984863,-9.983907699584961,-0.17608264088630676
23108,-8.511733055114746,-7.565288066864014,0.6455062627792358
23118,-5.159003257751465,-7.54102087020874,0.3178706169128418
23128,-3.3468408584594727,-7.107111930847168,0.4200612008571625
23138,-0.33380967378616333,-7.999118328094482,0.7413539886474609
23148,1.2256922721862793,-8.679414749145508,2.5345864295959473
23158,2.037968635559082,-8.320194244384766,1.4847922325134277
23168,-0.41985785961151123,-6.811215400695801,0.5459145903587341
23178,-2.19701886177063,-7.038240909576416,1.1849268674850464
23188,-3.2118735313415527,-6.117239475250244,2.6458911895751953
23198,-3.1957638263702393,-5.750948429107666,1.9440405368804932
23208,-3.1081106662750244,-6.799412250518799,0.8056828379631042
23218,-1.9148833751678467,-7.779066562652588,0.8377460241317749
23228,-0.9526528716087341,-7.0420660972595215,2.082080841064453
23238,-1.9321717023849487,-4.856635570526123,2.635491371154785
23248,-3.9182190895080566,-4.781400203704834,1.1182143688201904
23258,-4.4528489112854,-4.966875076293945,1.2385109663009644
23268,-4.3719329833984375,-5.511819839477539,2.3111627101898193
23278,-4.718013763427734,-7.96625280380249,1.8267645835876465
23288,-3.731848955154419,-9.112289428710938,1.286826491355896
23298,-2.2398130893707275,-8.542959213256836,1.11813485622406
23308,-1.02571702003479,-6.202261924743652,1.9915587902069092
23318,-2.239842176437378,-3.5860400199890137,2.5900187492370605
23328,-1.770208477973938,-1.728355050086975,1.79306161403656
23338,-1.87467360496521,-0.17117717862129211,2.5464584827423096
23348,-1.5580593347549438,-1.4033551216125488,3.1198220252990723
23358,-1.2320034503936768,-2.865267753601074,1.3331232070922852
23368,-2.8119254112243652,-3.110229730606079,0.28608769178390503
23378,-4.39771032333374,-2.1873514652252197,0.5613390207290649
23388,-4.621970176696777,-1.4108834266662598,1.5923852920532227
23398,-4.932773590087891,-0.339659184217453,-0.16836950182914734
23408,-4.543332576751709,-0.15425483882427216,0.3529048264026642
23418,-3.6809298992156982,0.01918574422597885,1.1316404342651367
23428,-3.4082984924316406,1.6531356573104858,1.068406105041504
23438,-4.290338039398193,5.304477691650391,0.4485950469970703
23448,-5.826039791107178,8.585182189941406,1.5038124322891235
23458,-5.920459270477295,8.653792381286621,1.8541821241378784
23468,-5.28100061416626,7.7474260330200195,0.6668320298194885
23478,-1.893065333366394,7.671855926513672,0.8941310048103333
23488,1.221355676651001,7.273198127746582,1.3435969352722168
23498,3.277327299118042,6.1643548011779785,1.6795499324798584
23508,3.900557279586792,5.446694850921631,-0.30980342626571655
23518,3.0399489402770996,6.6942949295043945,-0.80536288022995
23528,2.076615571975708,7.942182540893555,-0.5533694624900818
23538,0.6828336715698242,8.620223999023438,-0.2944517731666565
23548,-0.6927583813667297,9.053959846496582,-0.3905647397041321
23558,-2.940073251724243,9.231466293334961,-0.8239919543266296
23568,-2.357189655303955,8.232742309570312,-0.5698330402374268
23578,-2.5701897144317627,7.909134387969971,-1.5797380208969116
23588,-2.040897846221924,8.669801712036133,-1.2819209098815918
23598,-1.5665435791015625,8.347112655639648,0.11666612327098846
23608,-1.8988542556762695,7.398775100708008,0.2949315309524536
23618,-3.248579740524292,8.461674690246582,-1.9563058614730835
23628,-1.489938497543335,8.461917877197266,-1.886005163192749
23638,2.9959311485290527,6.421466827392578,-0.5125459432601929
23648,6.322151184082031,5.0087809562683105,-1.337494134902954
23658,8.161367416381836,4.414250373840332,-1.3316600322723389
23668,10.014703750610352,3.935056447982788,-1.5681774616241455
23678,10.507434844970703,3.449012041091919,-1.0134774446487427
23688,9.598779678344727,3.031583070755005,-1.6455191373825073
23698,6.434290409088135,1.8403899669647217,-1.4181536436080933
23708,2.1818840503692627,0.4490322768688202,0.007143866736441851
23718,-1.5551048517227173,0.4527631402015686,-0.5977449417114258
23728,-3.2965192794799805,1.3837462663650513,-1.6039518117904663
23738,-2.754894733428955,0.5979303121566772,-1.2873250246047974
23748,0.7217316627502441,0.28918972611427307,-0.4163896441459656
23758,3.462484121322632,3.714280366897583,-1.6515429019927979
23768,6.599623680114746,6.051629543304443,-1.6587578058242798
23778,10.39702320098877,4.993963241577148,-0.3585287928581238
23788,11.833231925964355,3.4412729740142822,-0.004923054948449135
23798,9.725247383117676,1.3696883916854858,-0.5210884213447571
23808,5.822874069213867,-2.1545684337615967,-1.642566204071045
23818,2.2041938304901123,-3.812582492828369,-1.1548644304275513
23828,-1.5622953176498413,-3.971803665161133,-0.7483875751495361
23838,-3.878964900970459,-3.6549978256225586,-1.4403226375579834
23848,-4.875782489776611,-2.7136032581329346,-1.8880892992019653
23858,-5.637115478515625,-1.112394094467163,-1.3379417657852173
23868,-3.672973155975342,-0.5216066241264343,-2.7229628562927246
23878,0.3280455768108368,0.010272257961332798,-2.6428685188293457
23888,3.3134069442749023,1.3816784620285034,-1.9546666145324707
23898,4.11378288269043,1.3225127458572388,-1.481053113937378
23908,4.136781215667725,-1.4045939445495605,-2.4808595180511475
23918,3.0854945182800293,-3.57595157623291,-2.6734848022460938
23928,1.6052861213684082,-5.060965538024902,-2.524925708770752
23938,-0.5031729936599731,-5.656793594360352,-2.4397237300872803
23948,-4.997220516204834,-4.168571472167969,-2.5942206382751465
23958,-5.925661563873291,-5.1543097496032715,-1.739598274230957
23968,-6.492455959320068,-5.98737096786499,-1.6007591485977173
23978,-7.626652717590332,-6.222491264343262,-2.8688714504241943
23988,-7.761579990386963,-5.850027084350586,-2.3445382118225098
23998,-6.422431468963623,-4.691141128540039,-1.4582042694091797
24008,-4.987325668334961,-3.554985761642456,-1.178416132926941
24018,-4.342380046844482,-1.8092002868652344,-1.8642784357070923
24028,-3.3743715286254883,1.0307410955429077,-2.2851619720458984
24038,-2.4108073711395264,2.5111212730407715,-1.5888102054595947
24048,-1.4737999439239502,2.3273682594299316,-1.738324761390686
24058,0.9361622929573059,-0.371441513299942,-1.184510588645935
24068,0.043233711272478104,-1.5625286102294922,-0.5644278526306152
24078,0.7669726610183716,-3.623831033706665,0.3555516004562378
24088,0.17932313680648804,-6.4830641746521,-1.6369036436080933
24098,1.890804409980774,-10.445074081420898,-1.317991018295288
24108,0.2699309289455414,-11.239400863647461,-0.19635774195194244
24118,0.5086999535560608,-10.389140129089355,-0.8607350587844849
24128,0.34091272950172424,-7.419604301452637,-1.319417119026184
24138,1.509932518005371,-3.996567726135254,-1.2474604845046997
24148,3.5276989936828613,-2.2068028450012207,-0.4830610454082489
24158,5.917612075805664,4.032901763916016,-1.7204210758209229
24168,6.787346839904785,5.746288776397705,-0.6725360751152039
24178,6.0074310302734375,4.745445728302002,0.3217083811759949
24188,3.385706901550293,2.5361361503601074,0.8385825753211975
24198,-0.6423676013946533,-0.8829712271690369,-0.17378665506839752
24208,-2.1428189277648926,-3.71201753616333,0.0031335647217929363
24218,-2.3830907344818115,-5.404458045959473,0.9999356865882874
24228,-1.4761041402816772,-5.7617998123168945,0.860693633556366
24238,-2.0711278915405273,-0.8821548819541931,-0.14463163912296295
24248,-0.711539089679718,2.5353543758392334,0.8728223443031311
24258,1.5196515321731567,3.409940004348755,1.66796875
24268,4.064395904541016,5.2988810539245605,1.3378660678863525
24278,3.395538091659546,6.16500997543335,1.2301603555679321
24288,2.099792718887329,6.100002765655518,1.4521046876907349
24298,0.7706873416900635,5.08942985534668,-0.09434675425291061
24308,-0.5158604979515076,1.713533639907837,0.40696144104003906
24318,0.010310550220310688,0.0791795551776886,1.6888126134872437
24328,0.048834823071956635,-2.7682366371154785,1.887147068977356
24338,-0.15246686339378357,-3.043919324874878,0.8952206969261169
24348,0.9441080093383789,-4.258091449737549,1.775455355644226
24358,3.4644150733947754,-1.6579371690750122,1.151289701461792
24368,5.412203311920166,0.9914237856864929,0.23760321736335754
24378,6.3470001220703125,3.3489694595336914,1.3541340827941895
24388,5.585530757904053,7.5847392082214355,2.4363741874694824
24398,0.6676245331764221,9.827962875366211,1.2719660997390747
24408,0.8133663535118103,5.676458835601807,1.1138172149658203
24418,-1.5793964862823486,2.910626173019409,0.759162425994873
24428,-5.652510166168213,0.9876644015312195,0.5081131458282471
24438,-9.64128303527832,0.2608244717121124,0.7265788912773132
24448,-8.57504653930664,-0.378610759973526,0.8044593930244446
24458,-4.803272247314453,0.5776515007019043,-0.5597985982894897
24468,-0.348572313785553,1.3043718338012695,0.5672405362129211
24478,4.580577373504639,3.8130550384521484,0.9384511709213257
24488,6.935815811157227,9.028471946716309,0.07809669524431229
24498,9.180440902709961,12.295743942260742,1.021195411682129
24508,9.964670181274414,13.33188247680664,0.8720598220825195
24518,10.021242141723633,10.456709861755371,-0.6282324194908142
24528,6.188412666320801,7.487452507019043,0.09794767200946808
24538,4.564869403839111,3.8984858989715576,0.23597452044487
24548,2.424046754837036,0.3041355311870575,-0.2015453726053238
24558,0.28319185972213745,-3.555476427078247,-0.3177577555179596
24568,0.2344399243593216,-5.443746089935303,-0.21296560764312744
24578,0.7245076894760132,-4.969365119934082,-1.3428574800491333
24588,1.687394142150879,-3.3335628509521484,-0.3393942415714264
24598,1.9818391799926758,-0.7090685367584229,0.49842825531959534
24608,6.121269702911377,3.177687168121338,-1.239889144897461
24618,7.838346004486084,4.846817970275879,-0.832576334476471
24628,9.02955436706543,4.3136677742004395,0.2147996872663498
24638,9.451154708862305,0.5848169326782227,-0.029876945540308952
24648,9.25422477722168,-3.9360249042510986,-0.54072105884552
24658,7.225289821624756,-6.300363063812256,0.15313899517059326
24668,4.8045196533203125,-9.022614479064941,-0.640363335609436
24678,0.771653950214386,-8.421791076660156,-1.1684681177139282
24688,-1.0702224969863892,-7.361740589141846,-0.4776966869831085
24698,-4.717529296875,-4.482854843139648,-1.5531541109085083
24708,-4.455237865447998,-3.5188241004943848,-0.6668494343757629
24718,-1.4075883626937866,-4.616185188293457,0.8915977478027344
24728,1.6525598764419556,-5.603212833404541,0.07757335156202316
24738,3.5473082065582275,-6.479841232299805,-1.6186729669570923
24748,3.79386043548584,-8.864526748657227,-0.7764541506767273
24758,3.323516607284546,-10.329217910766602,-0.877422034740448
24768,2.44053053855896,-11.276942253112793,-1.1800968647003174
24778,0.3120312988758087,-11.91384220123291,-0.529609203338623
24788,-2.5809459686279297,-11.978995323181152,-0.022237394005060196
24798,-5.699570178985596,-8.123137474060059,-2.367954730987549
24808,-8.132794380187988,-4.57551383972168,-1.3605200052261353
24818,-8.949445724487305,-0.04877377673983574,-0.43857091665267944
24828,-8.052142143249512,5.10606575012207,-0.8880640268325806
24838,-6.814267158508301,7.4325737953186035,-0.7308706045150757
24848,-3.58307147026062,7.290391445159912,-0.46810683608055115
24858,-2.367645263671875,5.594618320465088,-1.1085301637649536
24869,-0.7029735445976257,1.6418250799179077,-0.5217072367668152
24878,0.15878994762897491,-1.539510726928711,0.06405612826347351
24888,-1.15989089012146,-3.296419382095337,-0.6368244290351868
24899,-0.4696817100048065,-5.474203586578369,0.14505808055400848
24908,0.12699373066425323,-6.632748126983643,0.4494709074497223
24918,-0.5094643235206604,-6.767261505126953,-0.3388057351112366
24928,-1.0315665006637573,-4.815047740936279,-0.6800328493118286
24938,-2.8218507766723633,-1.7970473766326904,0.46739456057548523
24948,-4.786280155181885,-0.010558005422353745,0.3369430601596832
24958,-5.500725269317627,2.4336326122283936,-0.4953058958053589
24968,-4.886164665222168,2.2288098335266113,-0.23554565012454987
24978,-4.897225856781006,2.4534945487976074,-0.0011492908233776689
24989,-4.701582908630371,2.4758925437927246,-0.27211806178092957
24998,-2.951286554336548,-0.15475986897945404,1.0646629333496094
25008,-0.3422234058380127,-1.4835336208343506,0.8806027173995972
25019,0.7703247666358948,-0.28664278984069824,-0.26789405941963196
25028,1.0129401683807373,-0.7524560689926147,0.16713808476924896
25038,1.7814172506332397,-1.1982072591781616,0.131875142455101
25048,-0.1224483773112297,-0.18674017488956451,-0.6962291598320007
25058,-1.2142360210418701,-1.6396454572677612,-0.04555680602788925
25068,-2.5316171646118164,-0.9478817582130432,0.7321196794509888
25078,-5.014814853668213,-0.7330000996589661,-1.771742343902588
25088,-3.1595287322998047,-2.4761393070220947,1.322413682937622
25098,-3.584841251373291,-1.2580218315124512,0.3079012632369995
25109,-3.0782086849212646,0.8597891926765442,-0.06788427382707596
25119,-1.1633960008621216,0.8816814422607422,1.084478497505188
25128,-0.5904538035392761,1.1550843715667725,0.29671511054039
25138,-1.6513420343399048,2.389791250228882,-0.5870306491851807
25148,-1.7232691049575806,3.2110400199890137,-0.32439544796943665
25158,-2.3874762058258057,3.254254102706909,1.5840195417404175
25168,-1.782340407371521,1.964264988899231,-0.39517849683761597
25178,-0.7605809569358826,0.4197757840156555,-0.019268717616796494
25188,-1.0636321306228638,0.29656511545181274,0.5467622876167297
25198,-1.0298645496368408,0.6159971356391907,0.11895465105772018
25208,-0.07533040642738342,2.4335649013519287,0.3412996232509613
25218,1.0471593141555786,3.443133592605591,0.950174868106842
25228,0.5290406346321106,3.75494122505188,-0.7125062942504883
25238,2.0331931114196777,2.585814952850342,0.11265833675861359
25248,2.050758123397827,2.885493040084839,-0.20370227098464966
25258,1.417670726776123,2.358633041381836,-0.3821398913860321
25268,1.2849401235580444,1.8705484867095947,0.34297245740890503
25278,1.0994105339050293,0.4479459822177887,0.7171621322631836
25288,1.1931040287017822,-0.3052022159099579,-0.5899009108543396
25298,0.4876726269721985,-0.13643747568130493,-0.4859745502471924
25308,1.4566872119903564,-0.021348897367715836,-0.22968736290931702
25318,2.178009510040283,-0.30695629119873047,-1.0581371784210205
25328,2.0947506427764893,-0.4374302327632904,-0.9501032829284668
25338,2.5930817127227783,-0.5963470339775085,-0.8246524930000305
25348,2.416940689086914,0.5200579166412354,-2.6614487171173096
25358,2.554184675216675,0.10444820672273636,-2.5976085662841797
25368,2.280921459197998,1.5981087684631348,-1.0018080472946167
25378,1.5210098028182983,2.5518035888671875,-0.9124732613563538
25388,0.2563505470752716,2.7696356773376465,-2.1611928939819336
25398,-0.060999806970357895,1.9077513217926025,-1.5929088592529297
25408,0.7851139307022095,1.6101537942886353,-1.7842119932174683
25418,1.2697330713272095,1.4224225282669067,-2.046234607696533
25428,0.15443427860736847,2.0814526081085205,-2.075698137283325
25438,0.28278154134750366,2.4920411109924316,-0.8016791343688965
25448,-0.9153802990913391,1.496287226676941,-2.1256802082061768
25458,-1.8571051359176636,-0.07305724918842316,-2.279258966445923
25468,-0.6079362630844116,-1.1598223447799683,-1.752755880355835
25478,-1.3917100429534912,-1.5973459482192993,-2.0577855110168457
25488,0.31073006987571716,-2.3605432510375977,-2.2960307598114014
25498,8.563960075378418,-9.367295265197754,-0.3290642201900482
25508,28.496992111206055,-25.372785568237305,0.5979796648025513
25518,51.98372268676758,-44.719913482666016,-0.31836459040641785
25528,67.18350982666016,-56.915504455566406,1.0471428632736206
25538,72.10772705078125,-62.915008544921875,0.11770907044410706
25548,68.92130279541016,-61.56502151489258,-0.5388727784156799
25558,58.64039993286133,-54.335548400878906,0.6578541994094849
25568,39.08214569091797,-41.0289421081543,-1.675216555595398
25578,21.21133804321289,-28.178667068481445,-1.9897949695587158
25588,4.436152935028076,-13.821011543273926,-1.2658452987670898
25598,-6.408010482788086,-3.2122857570648193,-0.5378385186195374
25608,-11.281737327575684,1.3649338483810425,0.5476736426353455
25618,-8.364776611328125,1.0018070936203003,1.9119901657104492
25628,-1.5893642902374268,0.5899713039398193,1.431384801864624
25638,10.314342498779297,-7.597020626068115,3.1979846954345703
25648,18.64008331298828,-14.456859588623047,3.01739239692688
25658,22.06437110900879,-18.55442237854004,7.322385787963867
25668,23.21821403503418,-19.737619400024414,4.028110504150391
25678,19.879234313964844,-16.42438507080078,3.9371461868286133
25688,10.318219184875488,-10.91107177734375,3.9526703357696533
25698,1.2864582538604736,-4.91579532623291,1.61189866065979
25708,-6.943475723266602,0.20829598605632782,2.7262864112854004
25718,-14.303720474243164,3.8593719005584717,3.1779696941375732
25728,-18.283981323242188,6.3161091804504395,1.654048204421997
25738,-18.759084701538086,7.344890594482422,2.0118229389190674
25748,-16.047590255737305,8.140047073364258,4.148186206817627
25758,-11.692399024963379,5.826488971710205,3.4505796432495117
25768,-5.482713222503662,2.5276498794555664,3.382258892059326
25778,-0.20510555803775787,0.3513748049736023,3.524810791015625
25788,1.8220620155334473,-0.2954487204551697,3.04140567779541
25798,-0.39223119616508484,0.7585470080375671,2.647216558456421
25808,-2.297053098678589,2.34694766998291,2.4204864501953125
25818,-5.371276378631592,4.2168779373168945,1.4384913444519043
25828,-9.794500350952148,6.323479652404785,2.924259901046753
25838,-13.429123878479004,7.055374622344971,3.2168056964874268
25848,-14.163843154907227,5.439835071563721,0.5382978916168213
25858,-12.883009910583496,3.1078124046325684,2.1062099933624268
25868,-9.168212890625,0.7386699318885803,1.713444709777832
25878,-6.425432205200195,-0.37589120864868164,0.5543952584266663
25888,-2.688117742538452,1.0999935865402222,1.7125753164291382
25898,-2.7397043704986572,2.9406371116638184,-0.05493918061256409
25908,-4.154654502868652,5.447068691253662,0.053496576845645905
25918,-6.735141277313232,8.236411094665527,0.6240102052688599
25928,-9.603059768676758,10.217672348022461,-1.1204051971435547
25938,-10.929686546325684,11.606871604919434,0.528434157371521
25948,-14.77818775177002,15.6041898727417,0.527613639831543
25958,-14.89621639251709,16.55250358581543,-0.5148224830627441
25968,-13.782215118408203,16.169178009033203,0.20817503333091736
25978,-11.50211238861084,14.707612037658691,0.10986976325511932
25988,-7.515393257141113,11.633378028869629,-0.4499281346797943
25998,-4.542573928833008,9.461968421936035,-0.6396024823188782
26008,-4.566072940826416,9.997390747070312,0.15791472792625427
26018,-6.052812099456787,10.823890686035156,-2.8443644046783447
26028,-8.726887702941895,12.451821327209473,-1.620543360710144
26038,-10.18239974975586,12.692510604858398,-1.3219753503799438
26048,-10.713951110839844,13.213447570800781,-2.2737340927124023
26058,-9.468184471130371,13.690406799316406,-1.7211912870407104
26068,-7.3413567543029785,12.06417465209961,-2.164651393890381
26078,-5.932182312011719,9.874146461486816,-3.328664541244507
26088,-3.2461330890655518,6.374127388000488,-3.6488523483276367
26098,-1.703486680984497,4.172138214111328,-2.2659170627593994
26108,-1.5998033285140991,2.4578804969787598,-3.863917589187622
26118,-2.764068365097046,2.970215320587158,-5.208433628082275
26128,-3.484553575515747,3.3430941104888916,-4.04256010055542
26138,-3.76603102684021,4.324688911437988,-3.5706183910369873
26148,-3.467181921005249,7.526805400848389,-3.8466410636901855
26158,-3.0582146644592285,9.67996597290039,-3.6550471782684326
26168,-3.588313579559326,11.950187683105469,-2.6037673950195312
26178,-2.7009668350219727,11.167338371276855,-2.9325196743011475
26188,-2.711045980453491,8.375415802001953,-3.1071577072143555
26198,-1.862593412399292,4.185070037841797,-3.201629400253296
26208,-2.0310142040252686,1.400551676750183,-2.599825143814087
26218,-4.623556137084961,0.5046833753585815,-3.509803533554077
26228,-5.735491752624512,0.8257071375846863,-4.294314384460449
26238,-8.183464050292969,3.2708475589752197,-3.7238869667053223
26248,-7.672492980957031,6.453527450561523,-2.253904342651367
26258,-8.202261924743652,9.65479564666748,-4.06159782409668
26268,-7.418949604034424,11.829849243164062,-3.286059617996216
26278,-5.738693714141846,9.80842399597168,-3.631648063659668
26288,-2.1329925060272217,8.163936614990234,-2.538515567779541
26299,-1.2214242219924927,5.36726713180542,-3.243880033493042
26308,-1.9145029783248901,3.814662218093872,-3.042532444000244
26318,-4.0144782066345215,2.9129326343536377,-2.1442806720733643
26328,-5.220221996307373,1.9628158807754517,-2.509823799133301
26338,-5.5984721183776855,1.0726118087768555,-2.808048963546753
26348,-4.8523268699646,1.5644762516021729,-2.9224698543548584
26358,-4.38652229309082,0.9472469091415405,-2.6946675777435303
26368,-2.911635398864746,0.8467859029769897,-2.050920009613037
26378,-0.6362510919570923,1.4064178466796875,-2.683565139770508
26388,1.0940595865249634,2.1710731983184814,-2.7588982582092285
26398,2.1431949138641357,0.935006320476532,-2.3509345054626465
26408,3.4988927841186523,0.2256755828857422,-2.236182451248169
26418,1.3220003843307495,0.057802293449640274,-2.802445650100708
26428,-0.9602918028831482,0.2639453113079071,-2.312328338623047
26438,-3.3878800868988037,-0.3166227340698242,-1.621474266052246
26448,-5.683824062347412,0.2460632622241974,-0.6803430914878845
26458,-6.978055953979492,0.6277839541435242,-1.3880231380462646
26468,-5.986566066741943,-0.5795894861221313,-1.2824156284332275
26478,-2.1214170455932617,-2.4815964698791504,-0.6400349140167236
26488,1.6848357915878296,-1.145823359489441,-0.5465729832649231
26498,4.360955238342285,0.20137301087379456,-1.072633147239685
26508,6.082648754119873,1.0284814834594727,-0.8839100003242493
26518,6.332014083862305,1.7835595607757568,-1.0594319105148315
26528,4.63535737991333,3.488051652908325,-0.46874916553497314
26538,1.3239693641662598,3.2080719470977783,-0.8148148655891418
26548,-1.3250010013580322,1.340030550956726,-0.09005789458751678
26558,-3.190317153930664,-1.1628326177597046,0.30838632583618164
26568,-5.382568836212158,-3.4813973903656006,-0.40510255098342896
26578,-4.74867057800293,-7.539466857910156,-0.21296977996826172
26588,-2.0211095809936523,-10.269136428833008,0.7030106782913208
26598,2.8213560581207275,-8.923574447631836,1.3427361249923706
26608,4.184372901916504,-6.122758388519287,0.3360033631324768
26618,6.851365089416504,-1.9069374799728394,0.7440623044967651
26628,8.100164413452148,1.8795195817947388,1.1543859243392944
26638,7.886415958404541,4.660585880279541,1.6482362747192383
26648,5.322782516479492,4.782460689544678,0.6669104695320129
26658,3.202000617980957,2.3374061584472656,1.228061556816101
26668,-0.3069971203804016,-1.0186504125595093,1.32655930519104
26678,-3.029270887374878,-4.45943546295166,0.5138306617736816
26688,-4.707948207855225,-7.771496295928955,1.5510724782943726
26698,-4.477969169616699,-9.56312084197998,1.9334421157836914
26708,-1.9608880281448364,-7.425661563873291,1.4721589088439941
26718,-0.292876273393631,-4.893135070800781,1.0608946084976196
26728,1.9304569959640503,-2.4782419204711914,2.549429416656494
26738,5.21518611907959,0.14918778836727142,1.4146097898483276
26748,6.810286045074463,4.185753345489502,0.5971025824546814
26758,5.003729343414307,7.210845470428467,1.5797573328018188
26768,3.7354042530059814,7.998255252838135,1.2792469263076782
26778,-0.6753047108650208,5.492371082305908,0.8919830918312073
26788,-1.860795497894287,2.2210278511047363,1.6347696781158447
26798,-3.0314853191375732,-0.6046898365020752,1.358830213546753
26808,-2.8144266605377197,-4.303968906402588,-0.11826970428228378
26818,-2.0961263179779053,-9.217036247253418,1.140660047531128
26828,0.2549806237220764,-10.131016731262207,1.1698275804519653
26838,0.5902931690216064,-6.623073577880859,1.1858824491500854
26848,3.584745168685913,-2.631443977355957,0.2607909142971039
26858,6.215604782104492,-0.860136866569519,2.6210641860961914
26868,7.579022407531738,-2.6484158039093018,0.8691017031669617
26878,6.435922622680664,-4.793532848358154,1.0049338340759277
26888,6.866876125335693,-7.750551700592041,1.3689955472946167
26898,3.9268393516540527,-9.437561988830566,0.6826409697532654
26908,1.0034822225570679,-8.481424331665039,-0.27714988589286804
26918,-3.904510974884033,-4.351590156555176,0.2389020323753357
26928,-7.798323631286621,0.44428715109825134,-0.7182682156562805
26938,-9.176027297973633,5.0601983070373535,-1.9755756855010986
26948,-6.44346809387207,7.503437519073486,-1.6295570135116577
26958,-3.9456851482391357,8.929109573364258,-1.4100062847137451
26968,-0.5010636448860168,9.13421630859375,-2.0543906688690186
26978,2.4790821075439453,7.339197158813477,-0.5432727336883545
26988,4.290507793426514,4.779401779174805,-1.0858666896820068
26998,4.319061279296875,1.4797853231430054,-2.4339401721954346
27008,4.562012195587158,-3.0743534564971924,-2.2479653358459473
27018,2.6194849014282227,-4.331428527832031,-1.0383201837539673
27028,1.3787952661514282,-4.959995269775391,-1.8072396516799927
27038,-2.8694891929626465,-4.289633274078369,-3.0166220664978027
27048,-3.6400716304779053,-3.204258918762207,-0.9815736413002014
27058,-4.2471022605896,-1.0965226888656616,-2.085688352584839
27068,-3.9627773761749268,1.8129465579986572,-1.931477665901184
27078,-3.646629810333252,4.135681629180908,-0.6423742771148682
27088,0.2960098683834076,5.923737525939941,-0.10192230343818665
27098,1.4196598529815674,6.012265682220459,-0.8269848823547363
27108,2.2846484184265137,5.004411697387695,-0.3826456069946289
27118,5.048411846160889,3.234596014022827,0.8638335466384888
27128,3.897573947906494,1.0648123025894165,0.24387182295322418
27138,2.2413058280944824,-0.8603157997131348,-0.10057677328586578
27148,0.43983855843544006,-1.9765819311141968,0.3281979262828827
27158,-0.8489548563957214,-7.177693843841553,-0.30789223313331604
27168,-2.4977922439575195,-5.620919704437256,-2.055474281311035
27178,-3.744500160217285,-6.118416786193848,-1.4624145030975342
27188,-0.8075527548789978,-5.195734977722168,-0.9612091779708862
27198,-0.1537906676530838,-3.3497838973999023,-1.584084153175354
27208,0.7872384190559387,-0.6035879254341125,-1.852151870727539
27218,1.4684725999832153,2.3320178985595703,-1.6933900117874146
27228,1.8291651010513306,3.2453556060791016,-1.2440375089645386
27238,1.5732505321502686,3.4647715091705322,-2.326364278793335
27248,0.6390154361724854,3.0259110927581787,-1.9048008918762207
27258,-0.44488295912742615,2.072124481201172,-1.8907265663146973
27268,-0.4142574667930603,-0.029156837612390518,-2.29967999458313
27278,-0.6257287263870239,-1.5288867950439453,-2.7891592979431152
27288,-0.10968615859746933,-3.8434393405914307,-1.704002022743225
27298,0.0004922545631416142,-4.952888011932373,-2.2508633136749268
27308,0.29669061303138733,-3.5625858306884766,-3.8159584999084473
27318,1.5229660272598267,-2.642296552658081,-2.4825007915496826
27328,1.3440687656402588,0.7812584638595581,-2.1462106704711914
27338,1.3863457441329956,1.6479507684707642,-2.0276741981506348
27348,1.0392152070999146,4.059416770935059,-2.1863863468170166
27358,0.28007185459136963,5.9168477058410645,-1.3256876468658447
27368,0.39302605390548706,5.488163948059082,-1.1975829601287842
27378,0.3697740435600281,4.123487949371338,-1.2606770992279053
27388,-1.288529872894287,2.8013837337493896,-1.4503908157348633
27398,-0.8254438042640686,0.037576254457235336,1.0347940921783447
27408,-0.23924604058265686,-2.967682123184204,-0.28028732538223267
27418,-2.422532796859741,-5.739058494567871,-1.6458219289779663
27428,-1.961603045463562,-6.06024169921875,-1.0974260568618774
27438,-0.6861706972122192,-5.649688243865967,-1.1101986169815063
27448,-0.6786378622055054,-4.231897830963135,-1.3870930671691895
27458,-0.5083260536193848,-2.005472421646118,-1.998687505722046
27468,1.3370647430419922,0.6102172136306763,-1.3747743368148804
27478,0.16409087181091309,1.834541916847229,-0.516978919506073
27488,1.130216121673584,2.5807042121887207,-1.7839642763137817
27498,0.15008704364299774,3.1666676998138428,-1.665488600730896
27508,0.030320927500724792,0.5291932821273804,-0.70115727186203
27518,-0.1933252513408661,-0.8377439975738525,-1.8031158447265625
27528,-0.6408470869064331,-1.9017627239227295,-1.5664875507354736
27538,-0.8573888540267944,-3.8896656036376953,-1.9427460432052612
27548,-1.2052507400512695,-3.1957104206085205,-0.8933817148208618
27558,0.012909273616969585,-2.4222488403320312,-1.3232073783874512
27568,-2.2239975929260254,-1.2058491706848145,-2.937108039855957
27578,-1.6917325258255005,0.5058537721633911,-2.3248844146728516
27588,-1.5254504680633545,1.9819364547729492,-1.611340880393982
27598,-2.4897170066833496,3.9405736923217773,-2.2273998260498047
27608,8.091543197631836,-5.6022047996521,0.6508024334907532
27618,24.972579956054688,-21.22201156616211,1.269330382347107
27628,46.49557113647461,-42.24366760253906,1.278043270111084
27638,59.82316970825195,-56.091636657714844,1.9601980447769165
27648,68.87401580810547,-68.94381713867188,1.105349063873291
27658,67.08280944824219,-71.83312225341797,1.1228631734848022
27668,57.48396301269531,-69.05426788330078,0.5521810054779053
27678,43.95983123779297,-59.96757507324219,0.7862433791160583
27688,27.235980987548828,-46.28630065917969,1.6907551288604736
27698,12.301770210266113,-33.603153228759766,-0.12401768565177917
27708,-1.5968363285064697,-15.598926544189453,0.5087244510650635
27718,-6.1749186515808105,-7.100551128387451,1.469954490661621
27728,-4.060158729553223,-3.8286495208740234,1.6004836559295654
27738,2.5508437156677246,-3.7944741249084473,2.0211920738220215
27748,12.106962203979492,-7.042420387268066,2.534688711166382
27758,20.108238220214844,-11.933682441711426,2.820852279663086
27768,23.917959213256836,-17.637388229370117,1.4585100412368774
27778,24.128541946411133,-19.62621307373047,1.4334843158721924
27788,19.92074203491211,-21.37602996826172,2.7252707481384277
27798,11.710906982421875,-17.203123092651367,2.2326111793518066
27808,2.1086435317993164,-10.763970375061035,-0.46098312735557556
27818,-5.947510719299316,-3.8251454830169678,-0.35915708541870117
27828,-11.067602157592773,2.797145128250122,1.101904273033142
27838,-14.38166332244873,10.692252159118652,0.23791734874248505
27848,-13.451253890991211,14.181767463684082,-0.17424620687961578
27858,-9.459500312805176,14.059978485107422,0.625200092792511
27868,-5.413314342498779,11.70461368560791,0.43030402064323425
27878,-1.5914775133132935,7.9568772315979,-0.947868287563324
27888,1.7376364469528198,4.612337589263916,-1.5930205583572388
27898,2.9732799530029297,1.0228015184402466,0.30157163739204407
27908,0.36659112572669983,-1.242584228515625,0.9984093308448792
27918,-6.462233543395996,4.380388259887695,-1.0188323259353638
27928,-14.424108505249023,7.987373352050781,-1.8058754205703735
27938,-18.13157844543457,11.237604141235352,-0.9608235955238342
27948,-21.616741180419922,15.119880676269531,-1.778520107269287
27958,-20.480545043945312,15.9840087890625,-0.9492570161819458
27968,-18.41020393371582,15.676647186279297,-0.7587770819664001
27978,-14.671348571777344,13.772618293762207,-0.18386411666870117
27988,-12.685544967651367,11.386751174926758,-0.28422677516937256
27998,-11.315787315368652,9.10877513885498,-0.3300940692424774
28008,-10.559014320373535,9.363629341125488,-0.5919608473777771
28018,-10.887871742248535,9.622014999389648,-0.8474040031433105
28028,-13.15740966796875,10.2050199508667,0.20885314047336578
28038,-13.343700408935547,9.47513484954834,1.320153832435608
28048,-15.875618934631348,13.15689754486084,0.15175515413284302
28058,-14.85364055633545,13.653576850891113,0.29672476649284363
28068,-13.488569259643555,15.517321586608887,0.2795354723930359
28078,-12.503117561340332,16.408771514892578,1.340002179145813
28088,-10.353529930114746,19.42455291748047,1.0209522247314453
28098,-7.9061198234558105,15.164766311645508,1.6147531270980835
28108,-4.604232311248779,12.751843452453613,0.48972469568252563
28118,-3.6052086353302,9.43393325805664,2.70147967338562
28128,-4.169262886047363,5.02174711227417,1.3440366983413696
28138,-4.788771629333496,5.234766960144043,3.857769250869751
28149,-8.151863098144531,7.547463893890381,4.457906723022461
28158,-10.0354642868042,7.581709384918213,2.2047083377838135
28168,-11.284319877624512,11.2681303024292,2.3396594524383545
28178,-12.458051681518555,14.71680736541748,1.8596725463867188
28188,-12.559250831604004,18.126636505126953,3.2896618843078613
28198,-10.860918045043945,17.980567932128906,1.8189091682434082
28208,-8.45440673828125,17.575275421142578,2.1384999752044678
28218,-7.123788356781006,16.723234176635742,1.9166553020477295
28228,-5.402067184448242,13.298983573913574,1.5389058589935303
28238,-4.86283016204834,12.286459922790527,3.1221466064453125
28248,-3.374237298965454,7.9132609367370605,2.7917308807373047
28258,-3.348716974258423,7.061685085296631,2.514840841293335
28268,-3.458583354949951,6.7511887550354,1.4308676719665527
28278,-3.3049705028533936,7.360291957855225,1.2063597440719604
28288,-3.247112274169922,7.45813512802124,2.3626461029052734
28298,-2.6353485584259033,8.170086860656738,1.8946477174758911
28308,-1.9071887731552124,9.098766326904297,1.0914409160614014
28318,1.396909236907959,6.325507640838623,1.318520188331604
28328,4.067968368530273,2.891733169555664,0.4103890657424927
28338,3.2743566036224365,4.0362067222595215,2.9517898559570312
28348,2.53407621383667,4.21364688873291,2.461221933364868
28358,-1.796417236328125,5.991184234619141,0.8323683738708496
28369,-4.57727575302124,4.968433380126953,0.2581292688846588
28378,-3.6075921058654785,2.4886274337768555,0.5315210223197937
28388,-5.1155242919921875,3.026456832885742,0.3858574330806732
28398,-5.23684024810791,4.465200424194336,-1.3260911703109741
28408,-7.8163628578186035,5.485452651977539,-1.9864187240600586
28418,-7.2707366943359375,4.711905479431152,-1.255747675895691
28428,-5.196464538574219,5.09001350402832,-0.18770906329154968
28438,-3.2107129096984863,5.15172004699707,0.11090938746929169
28448,-0.5950823426246643,3.264845609664917,-0.3423733711242676
28458,1.7663953304290771,2.499135732650757,-0.21410004794597626
28468,3.555241823196411,0.5913776755332947,-0.013593193143606186
28478,2.5665435791015625,0.8971533179283142,0.09678922593593597
28488,0.2213878184556961,2.209254264831543,-0.021881408989429474
28498,-0.9190712571144104,-0.5515572428703308,-0.3752356171607971
28508,-0.04236799106001854,-5.299526691436768,0.8616116642951965
28518,2.518064260482788,-8.824463844299316,0.43323931097984314
28528,3.6689116954803467,-7.918710708618164,1.9183335304260254
28538,3.8637137413024902,-5.521470069885254,1.9032680988311768
28548,2.0099120140075684,-2.2055747509002686,1.135322093963623
28558,2.0270023345947266,0.12056062370538712,0.7164208889007568
28568,4.764677047729492,-2.9320156574249268,1.5572365522384644
28578,10.909660339355469,-11.38941478729248,2.296173334121704
28588,17.203838348388672,-15.931065559387207,1.5418963432312012
28598,22.811012268066406,-18.88685417175293,1.0167218446731567
28608,29.989709854125977,-24.750207901000977,1.5858598947525024
28618,36.95981216430664,-26.01409149169922,1.2391235828399658
28628,37.51461410522461,-24.711008071899414,0.16747352480888367
28638,32.952823638916016,-20.994140625,-0.02735009789466858
28648,26.98457145690918,-23.88884162902832,0.0346529558300972
28658,21.029855728149414,-17.595874786376953,-1.312537670135498
28668,15.120203018188477,-17.030471801757812,0.8357154130935669
28678,13.238727569580078,-18.4742374420166,0.7691731452941895
28688,12.695059776306152,-19.574108123779297,-0.7053231000900269
28698,15.241076469421387,-22.189693450927734,-0.34330466389656067
28708,16.025861740112305,-20.96681785583496,0.19071725010871887
28718,16.629117965698242,-17.82421875,0.1160411536693573
28728,13.529699325561523,-11.846128463745117,-1.135164499282837
28738,9.028715133666992,-6.3528265953063965,-1.466347575187683
28748,3.2298874855041504,-0.5230099558830261,0.5943306684494019
28758,3.0139667987823486,-0.47811076045036316,1.164825439453125
28768,11.777742385864258,-6.093074321746826,1.5152794122695923
28778,23.996845245361328,-18.052001953125,0.9240627884864807
28788,35.10793685913086,-27.086044311523438,0.15456701815128326
28798,39.24543380737305,-33.145023345947266,2.4648945331573486
28808,38.191062927246094,-35.60113525390625,-0.02519768849015236
28818,29.839082717895508,-31.92430877685547,0.38730937242507935
28828,13.960758209228516,-23.843687057495117,-1.159124732017517
28838,-2.3520498275756836,-13.265646934509277,-0.9763790369033813
28848,-17.945354461669922,-1.543777585029602,0.19378726184368134
28858,-28.49021339416504,5.082452297210693,-1.8222295045852661
28868,-32.46977233886719,2.7135252952575684,-0.7693029642105103
28878,-28.875255584716797,-1.2108924388885498,-0.30642765760421753
28888,-24.600862503051758,-5.537769317626953,-0.057095516473054886
28898,-17.543907165527344,-8.523675918579102,-0.6866205334663391
28908,-13.131353378295898,-9.537473678588867,-0.5228688716888428
28918,-10.163087844848633,-10.778568267822266,-0.4773431718349457
28928,-10.2010498046875,-6.7223358154296875,-0.9636682868003845
28938,-11.944729804992676,-0.8487716913223267,-0.31087496876716614
28948,-16.67695426940918,5.987532615661621,-0.45434117317199707
28958,-22.9896297454834,12.197722434997559,-1.1421585083007812
28968,-29.76335906982422,15.762505531311035,-1.0217949151992798
28978,-35.622493743896484,18.475955963134766,-0.32706642150878906
28988,-42.34724426269531,21.00814437866211,-0.9276401996612549
28998,-43.55155944824219,19.69922637939453,-1.1349332332611084
29008,-43.83879089355469,20.732099533081055,-1.002671480178833
29018,-42.01283645629883,17.53139877319336,0.03247448801994324
29028,-37.5485725402832,12.232747077941895,-1.2752790451049805
29038,-32.09416198730469,9.849822998046875,1.5367532968521118
29048,-26.76222801208496,7.821469306945801,0.08852686733007431
29058,-22.728588104248047,8.292701721191406,-0.9482282996177673
29068,-18.016948699951172,12.5087251663208,-0.8981550335884094
29078,-18.77075958251953,15.765624046325684,0.9222459197044373
29088,-21.292709350585938,19.540475845336914,-0.23836638033390045
29098,-25.55202865600586,22.42046356201172,1.150542974472046
29108,-28.81932258605957,20.832584381103516,0.4865240156650543
29118,-32.07047653198242,20.34427833557129,0.6114291548728943
29128,-31.703323364257812,18.023733139038086,0.1397877335548401
29138,-30.752437591552734,19.072227478027344,-1.557939887046814
29148,-26.590665817260742,20.509624481201172,1.2702256441116333
29158,-17.65467643737793,20.020322799682617,-0.6972299218177795
29168,-11.49964427947998,20.995670318603516,-0.268816202878952
29178,-4.698709011077881,22.588275909423828,0.9156466126441956
29188,-1.9266718626022339,26.72613525390625,0.2188500165939331
29198,-0.17840903997421265,29.658308029174805,3.2161614894866943
29208,-2.0894763469696045,32.335147857666016,0.892646074295044
29218,-6.544605255126953,33.16015625,1.6408958435058594
29228,-9.895797729492188,31.548721313476562,0.7151858806610107
29238,-13.657313346862793,29.149215698242188,2.2078375816345215
29248,-15.477287292480469,24.85287857055664,3.1296699047088623
29258,-14.232208251953125,19.268625259399414,1.7885686159133911
29268,-10.432842254638672,16.518095016479492,2.143308162689209
29278,-6.033223628997803,12.794321060180664,0.6870149970054626
29288,2.04685640335083,8.225480079650879,2.1861987113952637
29298,7.4897308349609375,7.306008338928223,1.8761287927627563
29308,10.105489730834961,8.301811218261719,0.9920220971107483
29318,11.4285306930542,13.629220008850098,1.100388526916504
29328,11.402772903442383,15.10233211517334,-0.2065100073814392
29338,8.206562042236328,17.47622299194336,0.3753301501274109
29348,5.396002292633057,17.24502182006836,-0.27852219343185425
29358,3.396758794784546,17.01235008239746,-0.4722827970981598
29368,2.456822395324707,12.98372745513916,0.27835556864738464
29378,4.9259772300720215,10.323108673095703,0.3285650908946991
29388,6.797530174255371,7.261148452758789,0.518192708492279
29398,8.884944915771484,7.424927711486816,1.5698505640029907
29408,11.130437850952148,5.672936916351318,0.5827935934066772
29418,13.345542907714844,3.741727352142334,1.0534181594848633
29428,16.378253936767578,1.1377594470977783,0.502321183681488
29438,19.365724563598633,-1.904250979423523,-0.6835089325904846
29448,19.979764938354492,-4.200114727020264,0.19494757056236267
29458,19.21138572692871,-6.542749404907227,1.0522487163543701
29468,17.294511795043945,-7.922615051269531,0.37190788984298706
29478,14.70152473449707,-8.77121639251709,-0.42091962695121765
29488,12.622223854064941,-9.8764066696167,-0.7424023747444153
29498,11.262022972106934,-10.353437423706055,-0.6028072834014893
29508,8.599860191345215,-4.604710578918457,0.4451325535774231
29518,8.073378562927246,-8.191506385803223,-0.025686757639050484
29528,5.4665117263793945,-4.627145767211914,-0.49796128273010254
29538,6.1341962814331055,-3.4009735584259033,-0.3851463496685028
29548,6.378748893737793,-1.2147254943847656,0.9763607382774353
29558,6.249839782714844,2.4946227073669434,1.2616463899612427
29568,10.719500541687012,-1.5833814144134521,1.1652454137802124
29578,10.577340126037598,1.351649522781372,-0.4892407953739166
29588,11.576803207397461,-1.375099539756775,-0.11167412996292114
29598,14.230372428894043,-3.198518991470337,0.6562212705612183
29608,14.458014488220215,-7.457350254058838,0.8100810050964355
29618,9.628307342529297,-7.6854753494262695,3.0153279304504395
29628,7.9732794761657715,-11.072847366333008,0.45319584012031555
29638,5.573958873748779,-10.934514999389648,2.430694341659546
29648,2.0516645908355713,-10.007659912109375,0.733288586139679
29658,-2.5125885009765625,-5.292333126068115,1.556299090385437
29668,-1.047263503074646,-4.809554576873779,2.823852777481079
29678,-0.26609817147254944,-2.4998393058776855,2.4318552017211914
29688,3.3800852298736572,-4.567625522613525,1.4163628816604614
29698,5.4064621925354,-3.427961826324463,2.6755144596099854
29708,7.766295909881592,-2.713818311691284,-0.4672898054122925
29718,6.016239643096924,-4.016693115234375,2.5016252994537354
29728,6.855159759521484,-3.0759427547454834,0.5167410373687744
29738,8.62289810180664,-7.705646514892578,0.9873651266098022
29748,8.675933837890625,-11.947760581970215,1.7438747882843018
29758,6.4946064949035645,-12.166635513305664,2.0053460597991943
29768,3.162752628326416,-12.591307640075684,0.8232170939445496
29778,-2.301731824874878,-13.033821105957031,0.8422141671180725
29788,-5.703498840332031,-9.706620216369629,0.8627042770385742
29798,-5.6412529945373535,-9.626386642456055,1.165807843208313
29808,-3.415710687637329,-9.041595458984375,2.4922866821289062
29818,-1.9729441404342651,-9.487442016601562,1.508705973625183
29828,-0.6409579515457153,-7.159883499145508,0.9267688393592834
29838,1.5288101434707642,-6.354218482971191,0.9504907727241516
29848,4.603946685791016,-6.740597248077393,2.138784408569336
29858,7.586883068084717,-7.811839580535889,1.1654189825057983
29868,6.684073448181152,-8.651418685913086,-0.17189845442771912
29878,3.642106533050537,-8.622041702270508,0.4294512867927551
29888,-0.1977253556251526,-9.305505752563477,-0.6107353568077087
29898,-2.6433820724487305,-9.941957473754883,1.651168704032898
29908,-5.5943732261657715,-9.923439979553223,-0.9411051273345947
29918,-7.5901198387146,-8.621363639831543,-1.9044586420059204
29928,-8.042254447937012,-8.60654354095459,-1.2198004722595215
29938,-5.006371021270752,-8.43479061126709,-0.54189133644104
29948,-3.4397754669189453,-5.852983474731445,0.7021645307540894
29958,-1.2535183429718018,-6.2108473777771,-0.3387549817562103
29968,1.6479135751724243,-6.103691577911377,-0.792622983455658
29978,2.0213868618011475,-6.443255424499512,-0.5510544776916504
29988,2.3393137454986572,-6.568751811981201,-0.46913403272628784
29998,1.3554010391235352,-5.553565979003906,-0.9089812636375427
30008,-0.3391038775444031,-3.181438446044922,-1.0387969017028809
30018,-2.720733880996704,-0.26777181029319763,-0.6419334411621094
30028,-3.8865039348602295,3.459322452545166,0.266409695148468
30038,-4.682290077209473,4.958559989929199,0.34043437242507935
30048,-4.267346382141113,5.012351036071777,-0.7640081644058228
30058,-3.8417556285858154,3.191027879714966,-1.2147018909454346
30068,-3.3815395832061768,1.2309597730636597,-0.5783523917198181
30078,-0.6845168471336365,0.41617992520332336,-0.29304295778274536
30088,2.32373046875,-1.3800920248031616,0.6454134583473206
30098,4.033021450042725,-1.5824946165084839,0.7832149863243103
30108,3.096534252166748,-0.80633944272995,0.7636863589286804
30118,1.849833369255066,-0.7920669913291931,1.1464080810546875
30128,-0.09166472405195236,0.4398004710674286,0.8601925373077393
30138,-2.065796136856079,1.127150535583496,0.5568095445632935
30148,-1.9727364778518677,-0.6672893166542053,-0.11278382688760757
30159,-3.2006189823150635,-0.9385901689529419,-0.8766842484474182
30168,-1.730902910232544,-1.8967818021774292,-0.70897376537323
30178,-1.958828091621399,-3.080669403076172,-0.19766084849834442
30188,-0.8813381195068359,-2.9947309494018555,0.6374315023422241
30198,2.429144859313965,-1.9721873998641968,-0.2530449628829956
30208,0.528459906578064,0.8458571434020996,0.0605204701423645
30218,0.28027915954589844,1.503705620765686,-0.3405577838420868
30228,-0.7465150356292725,4.0499653816223145,-0.05211983993649483
30238,-1.4502794742584229,3.3987221717834473,2.5386545658111572
30248,-1.893486499786377,3.9619948863983154,1.0512083768844604
30258,-0.4855535924434662,1.4638609886169434,0.8324628472328186
30268,1.0981402397155762,-1.1077210903167725,-0.27663713693618774
30278,1.6775723695755005,-2.119633436203003,1.7789011001586914
30288,1.030121922492981,-2.367877721786499,-0.7229936122894287
30298,-0.3591497540473938,-3.038823366165161,0.36122292280197144
30308,-1.8622764348983765,-2.349170684814453,0.6697672009468079
30318,-1.4440973997116089,-0.6501060128211975,-1.0914332866668701
30328,-2.763921022415161,0.6161395311355591,0.39281317591667175
30338,0.8397136926651001,-1.0997713804244995,-1.5023497343063354
30348,-1.3274354934692383,2.9791128635406494,2.5940279960632324
30358,0.013605274260044098,2.009058713912964,1.2361217737197876
30368,0.7118300199508667,3.013676166534424,0.3678504228591919
30378,1.2261216640472412,1.536056399345398,1.5140742063522339
30388,0.49112534523010254,-0.5662742257118225,0.657439649105072
30398,-0.0926896333694458,-0.021880198270082474,3.717050075531006
30408,1.208206057548523,-2.816903591156006,2.4110143184661865
30418,0.4634947180747986,-4.179586887359619,1.5684529542922974
30428,0.9818498492240906,-2.952894449234009,1.2195701599121094
30438,-0.2633835971355438,-3.785395860671997,1.801418423652649
30448,-1.1650919914245605,-0.3434722423553467,1.2978769540786743
30458,1.5057947635650635,-1.1368968486785889,1.0674899816513062
30468,2.3500773906707764,-0.8375225067138672,0.053819265216588974
30478,1.0336161851882935,0.48000362515449524,0.5799146294593811
30488,1.284342885017395,0.44044438004493713,1.0905218124389648
30498,0.6544366478919983,2.6416549682617188,1.1490604877471924
30508,0.567019522190094,3.3302958011627197,0.1912255883216858
30518,-0.5318876504898071,1.4255930185317993,-0.1913135051727295
30528,-1.2816760540008545,0.481818288564682,0.7002127170562744
30538,0.10386528819799423,-0.09844601154327393,0.614295482635498
30548,0.8990889191627502,-0.5125623941421509,0.1411433219909668
30558,0.05514046177268028,-0.9412016868591309,-1.1622323989868164
30568,-0.38743555545806885,-0.8971766829490662,-1.46567702293396
30578,-0.45346182584762573,-0.8659558296203613,-0.5108989477157593
30588,-0.752177357673645,0.16759295761585236,-0.6966094374656677
30598,-1.0978490114212036,0.8461587429046631,-0.7655152082443237
30608,-0.8565970659255981,1.7961093187332153,-2.068225622177124
30618,-3.6055121421813965,0.9368011951446533,-1.4050780534744263
30628,1.0090916156768799,1.1421250104904175,-1.738981008529663
30638,0.7185076475143433,5.400176525115967,-0.7122486233711243
30648,0.8729182481765747,5.834789276123047,-1.101491093635559
30658,0.9509598612785339,4.313901901245117,-1.376989722251892
30668,0.3529678285121918,2.5500402450561523,-0.8642899990081787
30678,0.15901577472686768,-0.14635314047336578,-1.73795485496521
30688,-1.1250691413879395,-0.760269284248352,0.18574057519435883
