time,x_pos,y_pos,z_pos
279521,-0.13299453258514404,-0.000974103866610676,0.056637249886989594
279531,-0.13303585350513458,-0.0009571964619681239,0.056544240564107895
279541,-0.13328219950199127,-0.0016807465581223369,0.056440796703100204
279551,-0.13302722573280334,-0.000921298866160214,0.05632629990577698
279561,-0.13302604854106903,-0.000978077296167612,0.05613313987851143
279571,-0.1332617551088333,-0.001715135294944048,0.05599326640367508
279581,-0.1329754739999771,-0.000923575833439827,0.0558445043861866
279591,-0.13247470557689667,-0.0006469141226261854,0.05477488785982132
279601,-0.1327105164527893,-0.00041596655501052737,0.05434242635965347
279611,-0.13197633624076843,-0.00045900445547886193,0.05434870347380638
279621,-0.13205277919769287,0.0007962189265526831,0.052779216319322586
279631,-0.13250358402729034,0.001215166412293911,0.052544884383678436
279641,-0.13248997926712036,0.0015406609745696187,0.05264146998524666
279651,-0.13274908065795898,0.0019883906934410334,0.05203744396567345
279661,-0.1372145265340805,-0.0005098330439068377,0.04949003830552101
279671,-0.1373317986726761,-0.0009743176633492112,0.05508245900273323
279681,-0.14122362434864044,-0.0036691571585834026,0.03485139086842537
279691,-0.14229443669319153,-0.0041433656588196754,0.04823639243841171
279701,-0.13511639833450317,-0.008216101676225662,0.06642939150333405
279711,-0.13340629637241364,-0.008742718026041985,0.07611899822950363
279721,-0.13048358261585236,-0.01333461795002222,0.05003120005130768
279731,-0.12823857367038727,-0.017145797610282898,0.045106492936611176
279741,-0.12634150683879852,-0.018127020448446274,0.07452166825532913
279751,-0.12600672245025635,-0.018464600667357445,0.10443715751171112
279761,-0.12728968262672424,-0.01602473482489586,0.0969732254743576
279771,-0.12625770270824432,-0.014366555958986282,0.10082171112298965
279781,-0.12167452275753021,-0.015254784375429153,0.11098603904247284
279791,-0.12218917161226273,-0.013499526306986809,0.10676441341638565
279801,-0.1182968020439148,-0.010042515583336353,0.10676665604114532
279811,-0.11653771996498108,-0.009565265849232674,0.11807988584041595
279821,-0.11528728902339935,-0.008392094634473324,0.11217492818832397
279831,-0.11495545506477356,-0.007606250233948231,0.12479759007692337
279841,-0.11278892308473587,-0.004567212890833616,0.12951785326004028
279851,-0.1144542545080185,-0.004758060444146395,0.12651261687278748
279861,-0.12292467057704926,0.002417527139186859,0.12687230110168457
279871,-0.1195731982588768,0.0037463309708982706,0.14215435087680817
279881,-0.11227520555257797,0.00605723075568676,0.1589190512895584
279891,-0.11251470446586609,0.006016603205353022,0.15072563290596008
279901,-0.11124817281961441,0.006319382227957249,0.15745072066783905
279911,-0.10904752463102341,0.009365007281303406,0.16268101334571838
279921,-0.10906881093978882,0.008465560153126717,0.15830154716968536
279931,-0.10412289202213287,0.008133620955049992,0.1611044704914093
279941,-0.10355008393526077,0.008862089365720749,0.16757270693778992
279951,-0.10466041415929794,0.007218784186989069,0.1682361513376236
279961,-0.10429862886667252,0.007112810853868723,0.17245329916477203
279971,-0.10727433860301971,0.0035821509081870317,0.1750354915857315
279981,-0.1054740846157074,-0.005841828417032957,0.17029309272766113
279991,-0.10177459567785263,-0.0043757883831858635,0.17939279973506927
280001,-0.09769143164157867,-0.004051417112350464,0.18484190106391907
280011,-0.09417933225631714,-0.004332706332206726,0.1892571598291397
280021,-0.09283480048179626,-0.0009033450041897595,0.19600814580917358
280031,-0.09244820475578308,-0.001860030577518046,0.20063668489456177
280041,-0.09682923555374146,0.002637771423906088,0.20740394294261932
280051,-0.08995583653450012,-0.008115945383906364,0.21476462483406067
280061,-0.08688248693943024,-0.009881340898573399,0.21878363192081451
280071,-0.08631164580583572,-0.010401043109595776,0.22403006255626678
280081,-0.08665937185287476,-0.01122833602130413,0.2294764667749405
280091,-0.07624968886375427,-0.004077264107763767,0.23402024805545807
280101,-0.07398053258657455,-0.003738545347005129,0.23836587369441986
280111,-0.07269825786352158,-0.0037612742744386196,0.24366216361522675
280121,-0.07094491273164749,-0.003984291572123766,0.2492397129535675
280131,-0.07479362934827805,-0.0006964169442653656,0.2550390660762787
280141,-0.07617279887199402,0.0003617985057644546,0.2595854699611664
280151,-0.06189620494842529,-0.0007275189855135977,0.2675252854824066
280161,-0.05822397395968437,-0.0015158295864239335,0.27193132042884827
280171,-0.05531772971153259,-0.0018588915700092912,0.2763637602329254
280181,-0.05340692773461342,-0.003068626159802079,0.2812400162220001
280191,-0.05127633363008499,-0.0033620824106037617,0.2856901288032532
280201,-0.049298107624053955,-0.0038986080326139927,0.2901127338409424
280211,-0.0456099733710289,-0.0026313115376979113,0.29405051469802856
280221,-0.04535028710961342,-0.002548515098169446,0.2974444329738617
280231,-0.042132668197155,-0.0023143382277339697,0.3012385070323944
280241,-0.040483228862285614,-0.0012129410170018673,0.30511927604675293
280251,-0.036750178784132004,-0.0007411074475385249,0.3109329640865326
280261,-0.03353312239050865,-0.0024864610750228167,0.3145207166671753
280271,-0.031134046614170074,-0.002527737058699131,0.318045437335968
280281,-0.030796250328421593,-0.002090218709781766,0.32637977600097656
280291,-0.024966919794678688,-0.0034315288066864014,0.32981035113334656
280301,-0.02406730316579342,-0.0037189293652772903,0.33352959156036377
280311,-0.022756999358534813,-0.003682064823806286,0.33701276779174805
280321,-0.020559439435601234,-0.004462004639208317,0.3443721830844879
280331,-0.016477592289447784,-0.0032312781549990177,0.34773680567741394
280341,-0.016229836270213127,-0.002321123145520687,0.35116204619407654
280351,-0.012870434671640396,-0.0020467895083129406,0.3532790243625641
280361,-0.011717119254171848,-0.002120155841112137,0.3562321066856384
280371,-0.011905129998922348,-0.0021790063474327326,0.3590892553329468
280381,-0.010131430812180042,-0.0024309640284627676,0.36533546447753906
280391,-0.009357375092804432,-0.00315426429733634,0.36813727021217346
280401,-0.00853766966611147,-0.004941799212247133,0.37076815962791443
280411,-0.005420375615358353,-0.004757350776344538,0.37326985597610474
280421,-0.0032366167288273573,-0.00472172861918807,0.37771841883659363
280431,-0.0030095737893134356,-0.004418372176587582,0.38010913133621216
280441,-0.0025422628968954086,-0.005178214516490698,0.38241058588027954
280451,-0.0009613634902052581,-0.006390071939677,0.38533031940460205
280461,0.0004283736052457243,-0.005219622515141964,0.3874000608921051
280471,0.0014944442082196474,-0.004280031193047762,0.3893128037452698
280481,0.0024098618887364864,-0.0062371534295380116,0.39358121156692505
280491,0.0029220343567430973,-0.004739533644169569,0.395358145236969
280501,0.00241456413641572,-0.005397050175815821,0.3970710337162018
280511,0.003294590162113309,-0.006832296960055828,0.3975721299648285
280521,0.0043725003488361835,-0.006097111850976944,0.39907366037368774
280531,0.004539548419415951,-0.0061101047322154045,0.40043947100639343
280541,0.007219243329018354,-0.006671242415904999,0.4016638994216919
280551,0.0059114182367920876,-0.005999853368848562,0.4012543559074402
280561,0.0067963749170303345,-0.007822277024388313,0.4021521210670471
280571,0.005352263804525137,-0.006112575065344572,0.40297451615333557
280581,0.006495483219623566,-0.006900626700371504,0.4038219451904297
280591,0.007458193227648735,-0.006221034564077854,0.4044032096862793
280601,0.009001674130558968,-0.007151630707085133,0.40487155318260193
280611,0.00863754004240036,-0.00730102090165019,0.4078007638454437
280621,0.009204257279634476,-0.007514092605561018,0.4082086980342865
280631,0.009340875782072544,-0.009001177735626698,0.4085112512111664
280641,0.008993717841804028,-0.00803280808031559,0.4087716042995453
280651,0.009381882846355438,-0.007869110442698002,0.40912264585494995
280661,0.009812106378376484,-0.01005259994417429,0.40923377871513367
280671,0.009764140471816063,-0.009762002155184746,0.40931227803230286
280681,0.008394827134907246,-0.009073236957192421,0.4065214991569519
280691,0.009021347388625145,-0.009310252964496613,0.4062919318675995
280701,0.008913075551390648,-0.012928328476846218,0.40596017241477966
280711,0.008815153501927853,-0.011637017130851746,0.4043729901313782
280721,0.008412477560341358,-0.012294456362724304,0.4038964509963989
280731,0.008193821646273136,-0.012354684993624687,0.40341946482658386
280741,0.006998580880463123,-0.012602302245795727,0.4029133915901184
280751,0.007772736717015505,-0.011644854210317135,0.40251460671424866
280761,0.00650700181722641,-0.011640646494925022,0.40201684832572937
280771,0.007557485718280077,-0.013016819953918457,0.4015379548072815
280781,0.007443755865097046,-0.012444599531590939,0.39710935950279236
280791,0.00713710393756628,-0.012017306871712208,0.3964015245437622
280801,0.004905195441097021,-0.012047565542161465,0.39573222398757935
280811,0.004458604846149683,-0.01182081364095211,0.39438244700431824
280821,0.002870425581932068,-0.011900647543370724,0.3937247395515442
280831,0.0018805604195222259,-0.012027272023260593,0.39308062195777893
280841,0.0032016884069889784,-0.012472599744796753,0.3924936354160309
280851,0.00313750933855772,-0.013408755883574486,0.39392781257629395
280861,0.0025954318698495626,-0.01246930193156004,0.3934887647628784
280871,0.0015091309323906898,-0.012291907332837582,0.3930632174015045
280881,0.001281703356653452,-0.012258748523890972,0.390505313873291
280891,5.5808122851885855e-06,-0.01283686701208353,0.39007580280303955
280901,-0.0005386222619563341,-0.01228511892259121,0.3896559178829193
280911,-0.0025281731504946947,-0.012292059138417244,0.39293038845062256
280921,-0.0023835385218262672,-0.01293383538722992,0.39276447892189026
280931,-0.004193191882222891,-0.012601708993315697,0.39266258478164673
280941,-0.003724951297044754,-0.01268730964511633,0.3914841413497925
280951,-0.005003425292670727,-0.013026430271565914,0.3913957476615906
280961,-0.004075082950294018,-0.0123005835339427,0.39133962988853455
280971,-0.0033396941144019365,-0.01174095831811428,0.391335666179657
280981,-0.005673632025718689,-0.012169362045824528,0.3939874768257141
280991,-0.006203229073435068,-0.011496203020215034,0.3943353295326233
281001,-0.0071643199771642685,-0.011735934764146805,0.39473316073417664
281011,-0.007399038877338171,-0.012042840011417866,0.3957243263721466
281021,-0.008300431072711945,-0.012326366268098354,0.3962166905403137
281031,-0.008486062288284302,-0.01164818275719881,0.39673539996147156
281041,-0.008783983066678047,-0.011452017351984978,0.3977990448474884
281051,-0.008392305113375187,-0.01122874766588211,0.3983624279499054
281061,-0.00823709275573492,-0.011094196699559689,0.39887988567352295
281071,-0.008354810997843742,-0.010730909183621407,0.3994000554084778
281081,-0.009111184626817703,-0.01070348173379898,0.39627909660339355
281091,-0.009508822113275528,-0.010676523670554161,0.39662691950798035
281101,-0.01022525317966938,-0.010834609158337116,0.39696240425109863
281111,-0.010658783838152885,-0.011687301099300385,0.39651235938072205
281121,-0.011104888282716274,-0.01003347523510456,0.3967340588569641
281131,-0.011775052174925804,-0.010040455497801304,0.39696016907691956
281141,-0.012228020466864109,-0.009543356485664845,0.3967714011669159
281151,-0.010499256663024426,-0.008908754214644432,0.39692047238349915
281161,-0.010927556082606316,-0.008707466535270214,0.39706072211265564
281171,-0.011096000671386719,-0.009283585473895073,0.3972208499908447
281181,-0.01124440785497427,-0.009106687270104885,0.3985709547996521
281191,-0.010759317316114902,-0.009445619769394398,0.3987616300582886
281201,-0.011137651279568672,-0.010309240780770779,0.3989451229572296
281211,-0.010480686090886593,-0.010068672709167004,0.4019440710544586
281221,-0.011142625473439693,-0.008463487960398197,0.4022684097290039
281231,-0.010914361104369164,-0.008312588557600975,0.40254202485084534
281241,-0.01115009468048811,-0.009003198705613613,0.403483510017395
281251,-0.010827162303030491,-0.008731646463274956,0.4037928581237793
281261,-0.011424396187067032,-0.008640465326607227,0.40418925881385803
281271,-0.011615815572440624,-0.008573461323976517,0.4046245515346527
281281,-0.012054667808115482,-0.00863138772547245,0.40466436743736267
281291,-0.010576198808848858,-0.00864445697516203,0.4050087332725525
281301,-0.010523313656449318,-0.008730110712349415,0.4053836166858673
281311,-0.010605525225400925,-0.007779253646731377,0.40971043705940247
281321,-0.010901703499257565,-0.008851580321788788,0.4103611707687378
281331,-0.010172570124268532,-0.008241411298513412,0.41098448634147644
281341,-0.008699256926774979,-0.007736352272331715,0.41108325123786926
281351,-0.009362236596643925,-0.007619989104568958,0.4117017984390259
281361,-0.009189574979245663,-0.008892870508134365,0.41226986050605774
281371,-0.009126112796366215,-0.0057402909733355045,0.4146932363510132
281381,-0.010094426572322845,-0.00592179736122489,0.4153122305870056
281391,-0.01014885026961565,-0.00455981632694602,0.41585594415664673
281401,-0.008861007168889046,-0.0007155578350648284,0.41629350185394287
281411,-0.009245367720723152,-0.0008793884189799428,0.41359618306159973
281421,-0.009571640752255917,-0.0019593527540564537,0.4139443635940552
281431,-0.0074940891936421394,-0.0010062865912914276,0.4142211079597473
281441,-0.007484652567654848,-0.0004930273280479014,0.41559553146362305
281451,-0.008399500511586666,-0.0012226782273501158,0.4158802628517151
281461,-0.007355836685746908,-0.001171112060546875,0.4160812199115753
281471,-0.005847476888448,-0.0003636030887719244,0.4148845672607422
281481,-0.006530664395540953,0.0006836607353761792,0.4149503707885742
281491,-0.005975391715764999,0.00046320512774400413,0.4149682819843292
281501,-0.006978296209126711,0.0013575103366747499,0.41495031118392944
281511,-0.008025423623621464,0.0012721221428364515,0.41625845432281494
281521,-0.006763424724340439,0.0011716828448697925,0.4162326157093048
281531,-0.0075210039503872395,0.002051298040896654,0.4161995053291321
281541,-0.005879987962543964,0.0019415048882365227,0.41706550121307373
281551,-0.0054147131741046906,0.0015365586150437593,0.4170229136943817
281561,-0.005230531096458435,0.004117658361792564,0.4169962406158447
281571,-0.004963759798556566,0.003781495615839958,0.4172816872596741
281581,-0.0045713442377746105,0.004596381913870573,0.41724351048469543
281591,-0.0043082875199615955,0.0066161006689071655,0.4171793460845947
281601,-0.0021240601781755686,0.00748550845310092,0.4154711365699768
281612,-0.0028222580440342426,0.01524346973747015,0.4146720767021179
281621,-0.0032080740202218294,0.008240513503551483,0.4156969487667084
281631,-0.004211525432765484,0.014391233213245869,0.41458916664123535
281641,-0.0034215955529361963,0.009248742833733559,0.4187917411327362
281651,-0.005153585225343704,0.016993578523397446,0.41711223125457764
281661,-0.0026518546510487795,0.012774800881743431,0.41907116770744324
281671,-0.002595021855086088,0.013532713055610657,0.42427322268486023
281681,-0.00256188097409904,0.013501341454684734,0.42508476972579956
281691,-0.0017436356283724308,0.014415925368666649,0.4256666600704193
281701,-0.0006073212716728449,0.016134269535541534,0.431054025888443
281711,0.0004910529241897166,0.017943713814020157,0.43189167976379395
281721,0.0013301654253154993,0.02079152502119541,0.43234342336654663
281732,0.0006004124879837036,0.02530275657773018,0.4337845742702484
281741,0.0008911264594644308,0.02728845551609993,0.436893492937088
281751,0.0005170899094082415,0.028034599497914314,0.4382981061935425
281761,-9.524272900307551e-05,0.031613320112228394,0.4386904835700989
281771,-0.0014737091260030866,0.03551694378256798,0.4453262984752655
281781,-0.0012014248641207814,0.037849780172109604,0.44667771458625793
281791,0.0001835627481341362,0.04038405790925026,0.44831550121307373
281801,5.441580287879333e-05,0.044283073395490646,0.44856297969818115
281811,0.0005323939840309322,0.0487404465675354,0.4490213096141815
281821,0.0015253759920597076,0.05230218172073364,0.4501004219055176
281832,0.0018899961141869426,0.060581453144550323,0.45156779885292053
281841,0.0034457286819815636,0.059794969856739044,0.44789060950279236
281851,0.004674597643315792,0.06331329792737961,0.4484655559062958
281861,0.004039273597300053,0.07236138731241226,0.4467235207557678
281871,0.004402526188641787,0.07380016148090363,0.44537368416786194
281881,0.005446204915642738,0.08271808177232742,0.4438018798828125
281891,0.004004425834864378,0.0851813331246376,0.4442867338657379
281901,0.00438307598233223,0.09414313733577728,0.4392441511154175
281911,0.004883290734142065,0.09688398241996765,0.4395882487297058
281921,0.005510859191417694,0.1049811989068985,0.4381224513053894
281931,0.005575649905949831,0.11129342019557953,0.43737754225730896
281941,0.005873451475054026,0.1217399388551712,0.4313165843486786
281952,0.005828870460391045,0.13226957619190216,0.43012186884880066
281961,0.006601911038160324,0.1367776095867157,0.42849627137184143
281971,0.007333243731409311,0.1388067603111267,0.42907845973968506
281981,0.006382744759321213,0.14974360167980194,0.42659446597099304
281991,0.006819312926381826,0.15152336657047272,0.4272858798503876
282001,0.006183950696140528,0.1548023223876953,0.42876067757606506
282011,0.005784289445728064,0.16276779770851135,0.4276272654533386
282021,0.005314389709383249,0.17464840412139893,0.4254489839076996
282031,0.006078639067709446,0.17892037332057953,0.4290958344936371
282041,0.00498047424480319,0.19162103533744812,0.4273289442062378
282051,0.005045995116233826,0.19656208157539368,0.427478551864624
282061,0.005923595745116472,0.20883485674858093,0.4257676899433136
282071,0.0059892358258366585,0.2090686857700348,0.4224652647972107
282081,0.006827637553215027,0.2267884463071823,0.4194445013999939
282091,0.007200011983513832,0.23010170459747314,0.4205113351345062
282101,0.007130646146833897,0.23664811253547668,0.41768622398376465
282111,0.006654080469161272,0.24705323576927185,0.4164120554924011
282121,0.006255040410906076,0.2613845765590668,0.4141713082790375
282131,0.005988461896777153,0.2612617611885071,0.41077250242233276
282141,0.005132303107529879,0.27342039346694946,0.40901821851730347
282151,0.005861315876245499,0.2755317986011505,0.4101306200027466
282161,0.005237451754510403,0.28516340255737305,0.4090815484523773
282171,0.005109330173581839,0.2874453365802765,0.4027898609638214
282181,0.006445821840316057,0.29081591963768005,0.40293172001838684
282191,0.0063701169565320015,0.30101269483566284,0.4016138017177582
282201,0.006000945344567299,0.31007784605026245,0.39767441153526306
282211,0.006296305917203426,0.32023686170578003,0.3963184952735901
282221,0.0058213467709720135,0.32710710167884827,0.3956955373287201
282231,0.004366668872535229,0.3391764461994171,0.3921489715576172
282241,0.005346257705241442,0.3423853814601898,0.39250892400741577
282251,0.00522400438785553,0.35526129603385925,0.3903857171535492
282261,0.004161248914897442,0.3584934175014496,0.3912261128425598
282271,0.004155685193836689,0.3686646521091461,0.38974371552467346
282281,0.004239701200276613,0.37321266531944275,0.3898890018463135
282291,0.002461699303239584,0.3879982829093933,0.3877544701099396
282301,0.0027285045944154263,0.3902297914028168,0.39075854420661926
282311,0.0033509337808936834,0.40328648686408997,0.3894222378730774
282321,0.0021652095019817352,0.4091087281703949,0.3898780643939972
282331,0.0015740924281999469,0.42096588015556335,0.38924258947372437
282341,0.0017202220624312758,0.42380672693252563,0.3902497887611389
282351,-0.0008087664027698338,0.43607401847839355,0.3892780840396881
282361,-0.0006050064112059772,0.4399397671222687,0.3894899785518646
282371,-0.0008984834421426058,0.4526098370552063,0.38865187764167786
282381,-0.000313872704282403,0.4525325298309326,0.39069971442222595
282391,-0.00037947564851492643,0.4640341103076935,0.3900770843029022
282401,-0.0014523935969918966,0.47104015946388245,0.3935679495334625
282411,-0.0031649561133235693,0.48246249556541443,0.3931777775287628
282421,-0.0024463532026857138,0.4854617714881897,0.3946688175201416
282431,-0.0034678750671446323,0.49405425786972046,0.3987649083137512
282441,-0.002073601121082902,0.4953958988189697,0.4004066288471222
282451,-0.004087885841727257,0.4993678629398346,0.4016992151737213
282461,-0.003920884802937508,0.5048149824142456,0.4085501432418823
282471,-0.004287087358534336,0.5099974870681763,0.40979892015457153
282481,-0.006969822570681572,0.5159450173377991,0.41103172302246094
282491,-0.004721216391772032,0.5153911113739014,0.41304460167884827
282501,-0.007642820477485657,0.5265428423881531,0.4126010239124298
282511,-0.008199862204492092,0.5290159583091736,0.4141640365123749
282521,-0.0076128956861793995,0.5333419442176819,0.4154258072376251
282531,-0.007635921239852905,0.5396856069564819,0.4222095310688019
282541,-0.010489187203347683,0.5447999835014343,0.4236389994621277
282551,-0.00935557670891285,0.5453556180000305,0.42556479573249817
282561,-0.009667256847023964,0.5498791337013245,0.4262893497943878
282571,-0.012310373596847057,0.5532476305961609,0.42766791582107544
282581,-0.01256632711738348,0.5567383766174316,0.4289746880531311
282591,-0.015895649790763855,0.5582667589187622,0.43036216497421265
282601,-0.01487294863909483,0.5586326718330383,0.43174391984939575
282611,-0.012869526632130146,0.5593823790550232,0.4329216480255127
282621,-0.01699996553361416,0.5714502334594727,0.43345674872398376
282631,-0.021755680441856384,0.5736514925956726,0.4374091625213623
282641,-0.020957568660378456,0.5746314525604248,0.43841880559921265
282651,-0.01933298446238041,0.5771503448486328,0.4392324686050415
282661,-0.02242608368396759,0.5770618915557861,0.43712538480758667
282671,-0.025118695572018623,0.5802513957023621,0.43748873472213745
282681,-0.02220732904970646,0.5820472240447998,0.4378542900085449
282691,-0.022180499508976936,0.5831664800643921,0.43810898065567017
282701,-0.02770037017762661,0.5900718569755554,0.4414426386356354
282711,-0.025135766714811325,0.5916492938995361,0.44172555208206177
282721,-0.02516932785511017,0.5920521020889282,0.44196847081184387
282731,-0.02835739776492119,0.5940397381782532,0.4434141218662262
282741,-0.02768511325120926,0.5950496792793274,0.44360822439193726
282751,-0.02788662537932396,0.5962021350860596,0.4436700642108917
282761,-0.028743667528033257,0.5978544354438782,0.44461578130722046
282771,-0.027956875041127205,0.5996565222740173,0.44460633397102356
282781,-0.032218821346759796,0.5998659729957581,0.444596529006958
282791,-0.03245115280151367,0.601008951663971,0.4400733411312103
282801,-0.030960779637098312,0.6019986271858215,0.43964219093322754
282811,-0.03401864320039749,0.6026846170425415,0.439106822013855
282821,-0.03320933133363724,0.6038249731063843,0.4384761452674866
282831,-0.03389060124754906,0.6055854558944702,0.435129851102829
282841,-0.03485151380300522,0.6072437763214111,0.43417462706565857
282851,-0.03643561527132988,0.6067386269569397,0.43328243494033813
282861,-0.038349684327840805,0.6081163287162781,0.4281310737133026
282871,-0.03796761855483055,0.6078853011131287,0.4269488751888275
282881,-0.039735909551382065,0.6075711250305176,0.42572107911109924
282891,-0.03962671756744385,0.6037001013755798,0.4242839813232422
282901,-0.039762772619724274,0.6082174181938171,0.42298462986946106
282911,-0.03876461833715439,0.6071991324424744,0.42171037197113037
282921,-0.041478488594293594,0.6043357849121094,0.4205862283706665
282931,-0.04022981971502304,0.6046270728111267,0.4203682839870453
282941,-0.04006825014948845,0.6034759879112244,0.41914135217666626
282951,-0.04019665718078613,0.6038323640823364,0.4179520010948181
282961,-0.04049408808350563,0.6026647686958313,0.4159415066242218
282971,-0.04092999920248985,0.6034390926361084,0.41489094495773315
282981,-0.04232575371861458,0.602891206741333,0.41395264863967896
282991,-0.04081558436155319,0.602968156337738,0.41590991616249084
283001,-0.04088945314288139,0.5978953242301941,0.41535723209381104
283011,-0.041801583021879196,0.5988197922706604,0.41475456953048706
283021,-0.040372420102357864,0.5980696678161621,0.41420337557792664
283031,-0.03822043538093567,0.5964040160179138,0.4182494878768921
283041,-0.03925003483891487,0.5958927273750305,0.41806015372276306
283051,-0.03933760151267052,0.5957108736038208,0.41792625188827515
283061,-0.037845462560653687,0.5936136841773987,0.4194595515727997
283071,-0.03861938789486885,0.5942804217338562,0.4195254147052765
283082,-0.03556765615940094,0.5904561877250671,0.4198039174079895
283091,-0.03618549555540085,0.5897940993309021,0.41856518387794495
283101,-0.0340694934129715,0.5895963311195374,0.4185304641723633
283111,-0.03509882092475891,0.5879978537559509,0.4186476171016693
283121,-0.03425155580043793,0.5885765552520752,0.4193084239959717
283131,-0.033990293741226196,0.586814820766449,0.4193502962589264
283141,-0.03357642516493797,0.5858854651451111,0.4193926751613617
283151,-0.03290469944477081,0.5868991017341614,0.41937682032585144
283161,-0.033099379390478134,0.5852479934692383,0.4156636595726013
283171,-0.0332053005695343,0.585723876953125,0.4154985249042511
283181,-0.028955169022083282,0.5846090912818909,0.415351539850235
283191,-0.02964136004447937,0.5840890407562256,0.4157668352127075
283201,-0.02870345488190651,0.5829955339431763,0.415648877620697
283211,-0.027849581092596054,0.5823459029197693,0.41558313369750977
283221,-0.02766598016023636,0.5811948180198669,0.4162559509277344
283231,-0.027416158467531204,0.5799045562744141,0.4162193834781647
283241,-0.02650446817278862,0.5796342492103577,0.41622278094291687
283251,-0.02574882097542286,0.5801436305046082,0.41623252630233765
283261,-0.023923397064208984,0.5806530117988586,0.41914650797843933
283271,-0.023221533745527267,0.5800458192825317,0.41949906945228577
283281,-0.02106410451233387,0.5799831748008728,0.4197204113006592
283291,-0.021929332986474037,0.5796486735343933,0.42033442854881287
283301,-0.020687460899353027,0.5785326361656189,0.42064526677131653
283311,-0.0201937984675169,0.5786445140838623,0.42098650336265564
283321,-0.019740542396903038,0.5770651698112488,0.4250001609325409
283331,-0.019441936165094376,0.5787230134010315,0.42553937435150146
283341,-0.01813979633152485,0.5789803862571716,0.4261206388473511
283351,-0.017076116055250168,0.577794075012207,0.42671993374824524
283361,-0.016209948807954788,0.57811439037323,0.4334781765937805
283371,-0.015092824585735798,0.5777906775474548,0.4343925714492798
283381,-0.014507039450109005,0.5797086954116821,0.43519601225852966
283391,-0.01382178533822298,0.5792061686515808,0.4379566013813019
283401,-0.013461826369166374,0.5795705914497375,0.43891504406929016
283411,-0.012893477454781532,0.5782086253166199,0.4398431181907654
283421,-0.012450152076780796,0.5779795050621033,0.4435116946697235
283431,-0.011584308929741383,0.5806446075439453,0.4441877603530884
283441,-0.011546611785888672,0.5787224769592285,0.4448542892932892
283451,-0.0106344074010849,0.5815573334693909,0.44325175881385803
283461,-0.008642974309623241,0.5815610289573669,0.443535715341568
283471,-0.009284318424761295,0.5815539956092834,0.44377267360687256
283481,-0.009005127474665642,0.5815010070800781,0.443951815366745
283491,-0.007803470827639103,0.582438051700592,0.4463202655315399
283501,-0.006732538342475891,0.5817703008651733,0.4465193450450897
283511,-0.006987523287534714,0.5814054608345032,0.44671431183815
283521,-0.006566446274518967,0.5830161571502686,0.4484407305717468
283531,-0.0065940325148403645,0.5874208807945251,0.44846871495246887
283541,-0.00625915452837944,0.586260974407196,0.44863253831863403
283551,-0.005921167321503162,0.5862054228782654,0.44651880860328674
283561,-0.005727736745029688,0.5868088603019714,0.44635263085365295
283571,-0.004958884324878454,0.5869146585464478,0.4461284875869751
283581,-0.004302232060581446,0.5852092504501343,0.44594690203666687
283591,-0.005233277566730976,0.5920878648757935,0.4449884593486786
283601,-0.005068537779152393,0.5912942886352539,0.44469839334487915
283611,-0.004831915255635977,0.5940935015678406,0.4442558288574219
283621,-0.004381516482681036,0.5925271511077881,0.4410903751850128
283631,-0.003766407957300544,0.5912297368049622,0.44060033559799194
283641,-0.003152129938825965,0.5904759168624878,0.4400785565376282
283651,0.001700314343906939,0.5890418291091919,0.44050073623657227
283661,-0.0003955066786147654,0.5975232124328613,0.4400743544101715
283671,0.005112380720674992,0.5973159074783325,0.43892136216163635
283681,0.0048963637091219425,0.5966590046882629,0.438981831073761
283691,0.010225877165794373,0.5958869457244873,0.43578076362609863
283701,0.006278675980865955,0.5945841073989868,0.43693557381629944
283711,0.012173408642411232,0.5931515097618103,0.4347229599952698
283721,0.009043864905834198,0.5925644636154175,0.4380052983760834
283731,0.010372769087553024,0.5936103463172913,0.4374948740005493
283741,0.011180269531905651,0.594445526599884,0.43773582577705383
283751,0.012674401514232159,0.5937753319740295,0.4428239166736603
283761,0.014240049757063389,0.5950540900230408,0.44307437539100647
283771,0.015778163447976112,0.5956090092658997,0.4432060718536377
283781,0.01946488954126835,0.5966096520423889,0.44685831665992737
283791,0.023212742060422897,0.5970499515533447,0.4467802047729492
283801,0.02630944922566414,0.5979151725769043,0.446875661611557
283811,0.03105175867676735,0.5980414748191833,0.44636407494544983
283821,0.03533336892724037,0.5988025069236755,0.44929808378219604
283831,0.04025863856077194,0.5986988544464111,0.4486725330352783
283841,0.041040439158678055,0.6002615094184875,0.4509895443916321
283851,0.043305639177560806,0.5997295379638672,0.4511605501174927
283861,0.04806632921099663,0.6005398631095886,0.4511736333370209
283871,0.05136194825172424,0.6016728281974792,0.4520815908908844
283881,0.0537484847009182,0.6020041704177856,0.45560187101364136
283891,0.06278066337108612,0.601942241191864,0.45375314354896545
283901,0.06760018318891525,0.6032567620277405,0.45452553033828735
283911,0.07899294793605804,0.6041182279586792,0.45244118571281433
283921,0.08105761557817459,0.604258120059967,0.45153680443763733
283931,0.08819421380758286,0.6054902672767639,0.4512806534767151
283941,0.0929759219288826,0.6048868298530579,0.450664222240448
283951,0.10109780728816986,0.605541467666626,0.4545223116874695
283961,0.10846767574548721,0.6059860587120056,0.4541536569595337
283971,0.11966188997030258,0.6068339347839355,0.4530205726623535
283981,0.11822640150785446,0.6069762706756592,0.4500063955783844
283991,0.1298971027135849,0.6070600748062134,0.4482010006904602
284001,0.1367783546447754,0.6084247827529907,0.4483139216899872
284011,0.15298303961753845,0.609833300113678,0.44554635882377625
284022,0.1619359403848648,0.6117023229598999,0.4411260485649109
284031,0.1670764833688736,0.6118053793907166,0.43986260890960693
284041,0.16818363964557648,0.6123460531234741,0.4407455325126648
284051,0.180130273103714,0.6134989857673645,0.43323084712028503
284061,0.18043746054172516,0.6135833859443665,0.43333277106285095
284071,0.1914883255958557,0.6136459708213806,0.4309904873371124
284081,0.19512946903705597,0.6141334176063538,0.42878276109695435
284091,0.20725110173225403,0.615035891532898,0.42661216855049133
284101,0.2075965851545334,0.6147411465644836,0.42686229944229126
284112,0.21779632568359375,0.6162402629852295,0.4228551983833313
284121,0.2201591283082962,0.6163591146469116,0.4224832355976105
284131,0.22208397090435028,0.617644727230072,0.42250844836235046
284141,0.2363497018814087,0.6197478771209717,0.42026183009147644
284151,0.2367401272058487,0.62114018201828,0.4163137674331665
284161,0.2516457736492157,0.6197404861450195,0.4137462377548218
284171,0.25966179370880127,0.6202220320701599,0.4123019278049469
284181,0.2650998532772064,0.6208245754241943,0.40391817688941956
284191,0.27576005458831787,0.6202396154403687,0.4018048346042633
284201,0.28150761127471924,0.6180418133735657,0.40085193514823914
284211,0.2927500903606415,0.6173471808433533,0.39580804109573364
284221,0.2929728627204895,0.6170108318328857,0.3963078558444977
284231,0.30552640557289124,0.6152481436729431,0.39379027485847473
284241,0.30992546677589417,0.6153149604797363,0.3934493958950043
284251,0.3229270577430725,0.6153467297554016,0.39083075523376465
284261,0.32356691360473633,0.6168289184570312,0.3914591073989868
284271,0.3380967974662781,0.6172438263893127,0.38902944326400757
284281,0.3436078429222107,0.6177919507026672,0.3934558629989624
284291,0.3568636178970337,0.6182340979576111,0.3918261229991913
284301,0.3586971163749695,0.6169761419296265,0.3932555317878723
284311,0.3741782009601593,0.615777850151062,0.3910318613052368
284321,0.3821067810058594,0.6140600442886353,0.3910200297832489
284331,0.3929344415664673,0.6153149008750916,0.3900704085826874
284341,0.39604178071022034,0.6153970956802368,0.39170804619789124
284351,0.4072778820991516,0.6139168739318848,0.3922751545906067
284361,0.41269564628601074,0.6142151355743408,0.39302971959114075
284371,0.4259794354438782,0.6141903400421143,0.3921675980091095
284381,0.42794090509414673,0.6145316958427429,0.39423882961273193
284391,0.4284628927707672,0.6146923899650574,0.3961084187030792
284401,0.43726375699043274,0.61381995677948,0.39674001932144165
284411,0.4405441880226135,0.6123829483985901,0.39811888337135315
284421,0.44996416568756104,0.6110785007476807,0.39880454540252686
284431,0.45571237802505493,0.6083999276161194,0.4001367688179016
284441,0.46845880150794983,0.6043292284011841,0.4033524692058563
284451,0.47273990511894226,0.6035608649253845,0.4048856496810913
284461,0.480905681848526,0.6005233526229858,0.40598103404045105
284471,0.483657568693161,0.6015599370002747,0.40774208307266235
284481,0.494560569524765,0.5972867012023926,0.4106485843658447
284491,0.4962210953235626,0.6000341773033142,0.4124401807785034
284501,0.506348729133606,0.593380868434906,0.4135982394218445
284511,0.508994460105896,0.59425288438797,0.4174341857433319
284521,0.5217862725257874,0.5861088633537292,0.4183458983898163
284531,0.523169219493866,0.5891676545143127,0.41999924182891846
284541,0.5304637551307678,0.5840146541595459,0.42256414890289307
284551,0.542845606803894,0.5734086632728577,0.4233609735965729
284561,0.548720121383667,0.5697909593582153,0.4244837164878845
284571,0.5481704473495483,0.572712242603302,0.4260958433151245
284581,0.5603075623512268,0.5659360885620117,0.4276413023471832
284591,0.5618672966957092,0.567163348197937,0.42901453375816345
284601,0.5729416608810425,0.5615589618682861,0.4293788969516754
284611,0.5730036497116089,0.5649376511573792,0.4334162175655365
284621,0.5753430128097534,0.5652329325675964,0.4346071779727936
284631,0.586478590965271,0.5567581653594971,0.4353429079055786
284641,0.5862526297569275,0.5583414435386658,0.4364914298057556
284651,0.5931248664855957,0.553486704826355,0.43724918365478516
284661,0.5965225100517273,0.5558401346206665,0.437812864780426
284671,0.5994556546211243,0.5569815039634705,0.43832364678382874
284681,0.601984977722168,0.5558021068572998,0.4405926764011383
284691,0.6073764562606812,0.5487432479858398,0.44131991267204285
284701,0.6092649102210999,0.549427330493927,0.44184526801109314
284711,0.6122862696647644,0.551651120185852,0.4429576098918915
284721,0.6155557632446289,0.5519780516624451,0.4432514011859894
284731,0.6180031895637512,0.553907036781311,0.4434015154838562
284741,0.6202003955841064,0.5509721040725708,0.4449591338634491
284751,0.622934877872467,0.5460824966430664,0.44525688886642456
284761,0.6232210993766785,0.5468713641166687,0.4453180730342865
284771,0.6241500377655029,0.5462319254875183,0.4453170597553253
284781,0.6255655884742737,0.5486590266227722,0.43920648097991943
284791,0.6279758214950562,0.5469905138015747,0.4386707544326782
284801,0.6400673389434814,0.5439818501472473,0.43818792700767517
284811,0.644050657749176,0.5424790382385254,0.4404609799385071
284821,0.6463295221328735,0.5419119000434875,0.43967047333717346
284831,0.6487870216369629,0.5386018753051758,0.43886661529541016
284841,0.650162935256958,0.5361703634262085,0.43811649084091187
284851,0.6507182717323303,0.5335405468940735,0.43730413913726807
284861,0.6506528854370117,0.5383833646774292,0.43626928329467773
284871,0.6514147520065308,0.5380229949951172,0.4366277754306793
284881,0.6521225571632385,0.5400832295417786,0.4355739951133728
284891,0.6531679630279541,0.5398176908493042,0.43452945351600647
284901,0.6543723344802856,0.5399045944213867,0.43352603912353516
284911,0.6575921177864075,0.5388815999031067,0.43158987164497375
284921,0.6584454774856567,0.5352626442909241,0.43064966797828674
284931,0.6619217395782471,0.5326224565505981,0.4297722578048706
284941,0.6655880808830261,0.5290961861610413,0.42750880122184753
284951,0.6662147045135498,0.5242748856544495,0.42650508880615234
284961,0.6626923680305481,0.5401468873023987,0.4254929721355438
284971,0.664795458316803,0.5381706357002258,0.42232295870780945
284981,0.6644473671913147,0.5372872948646545,0.42121297121047974
284991,0.6642065644264221,0.5376565456390381,0.42012012004852295
285001,0.6651005744934082,0.5366024374961853,0.4190731644630432
285011,0.6652669310569763,0.538154661655426,0.41581425070762634
285021,0.6647874116897583,0.5394967198371887,0.4146621525287628
285031,0.6659616231918335,0.5392841100692749,0.41364821791648865
285041,0.6681357622146606,0.5352563858032227,0.40969064831733704
285051,0.6697872877120972,0.5323475003242493,0.40871483087539673
285061,0.6631694436073303,0.5429774522781372,0.40759560465812683
285071,0.6627464890480042,0.5426744818687439,0.4069061875343323
285081,0.6620399355888367,0.5413002371788025,0.4060245156288147
285091,0.6631357669830322,0.5429630875587463,0.40521663427352905
285101,0.6620578765869141,0.544650137424469,0.40202027559280396
285111,0.6551599502563477,0.5499944686889648,0.4006797671318054
285121,0.655772864818573,0.5497702360153198,0.4001747667789459
285131,0.656439483165741,0.5511378645896912,0.39958930015563965
285141,0.6553703546524048,0.5497158765792847,0.3991546034812927
285151,0.6513048410415649,0.5562445521354675,0.39815741777420044
285161,0.6524721384048462,0.5541107654571533,0.39807575941085815
285171,0.6533427834510803,0.5529631972312927,0.3974438011646271
285181,0.6517459154129028,0.5546711087226868,0.39703452587127686
285191,0.6463326811790466,0.5605347156524658,0.39652252197265625
285201,0.6440619826316833,0.559686541557312,0.39780548214912415
285211,0.6435441374778748,0.5619744658470154,0.3977445662021637
285221,0.6431257724761963,0.56351637840271,0.39770910143852234
285231,0.6431295871734619,0.5622946619987488,0.3979957103729248
285241,0.6383745074272156,0.5672276020050049,0.3955405652523041
285251,0.6391414999961853,0.5675190687179565,0.3957241177558899
285261,0.6379104852676392,0.5684607625007629,0.3958258330821991
285271,0.6367893218994141,0.5686232447624207,0.39930978417396545
285281,0.6345093846321106,0.5712565183639526,0.399552583694458
285291,0.6325430870056152,0.5729086399078369,0.3998430073261261
285301,0.6317381858825684,0.5737484097480774,0.40011778473854065
285311,0.6292856931686401,0.5735292434692383,0.4006302058696747
285321,0.6292741298675537,0.5747570395469666,0.40107324719429016
285331,0.6292468905448914,0.5761942863464355,0.40150490403175354
285341,0.6276291012763977,0.5777361989021301,0.4056161046028137
285351,0.6256206035614014,0.5794700980186462,0.4062800705432892
285361,0.6247650384902954,0.579730212688446,0.4070093035697937
285371,0.6223898530006409,0.5809324383735657,0.4099734425544739
285381,0.6218675971031189,0.5810681581497192,0.4108304977416992
285391,0.622100293636322,0.5808092951774597,0.4116848111152649
285401,0.6210960149765015,0.5815426707267761,0.41217511892318726
285411,0.6216822862625122,0.5826085209846497,0.4128657281398773
285421,0.6215292811393738,0.5853776931762695,0.41347160935401917
285431,0.6197494268417358,0.5863613486289978,0.4142153263092041
285441,0.6175198554992676,0.5867825746536255,0.41376709938049316
285451,0.6170470714569092,0.5876862406730652,0.4142438769340515
285461,0.6160784959793091,0.5891329050064087,0.4146626591682434
285471,0.6153049468994141,0.5886139273643494,0.4162341356277466
285481,0.6148131489753723,0.5889043807983398,0.41665396094322205
285491,0.6145510077476501,0.5888190269470215,0.4170096218585968
285502,0.6138652563095093,0.5898473858833313,0.4219677448272705
285511,0.6143152117729187,0.5887135863304138,0.42196258902549744
285521,0.6140381693840027,0.5886125564575195,0.42241954803466797
285531,0.6136891841888428,0.5890694856643677,0.4270402789115906
285541,0.6131652593612671,0.5893993973731995,0.4276937246322632
285551,0.6122986674308777,0.5896499156951904,0.42830342054367065
285561,0.6121879816055298,0.5905330777168274,0.42885929346084595
285571,0.6133180260658264,0.5907890796661377,0.429458886384964
285581,0.6120946407318115,0.5912646651268005,0.4299633204936981
285591,0.6102902293205261,0.5921845436096191,0.430419385433197
285601,0.6095712780952454,0.591874361038208,0.43435344099998474
285611,0.6096706390380859,0.5911034345626831,0.4349766671657562
285621,0.6086783409118652,0.5910568833351135,0.43556803464889526
285631,0.609075129032135,0.590179979801178,0.436634361743927
285641,0.6097242832183838,0.5902049541473389,0.43717867136001587
285651,0.609722912311554,0.5907162427902222,0.4376705288887024
285661,0.6103672981262207,0.5911152362823486,0.43809908628463745
285671,0.6099587082862854,0.5916243195533752,0.43722790479660034
285681,0.6099280714988708,0.5927144885063171,0.4374808073043823
285691,0.6083086729049683,0.5929465293884277,0.4377099871635437
285701,0.6028597354888916,0.5928998589515686,0.435636967420578
285711,0.6056936979293823,0.5910797715187073,0.43591222167015076
285721,0.5975950360298157,0.591775119304657,0.43527066707611084
285731,0.6022945642471313,0.5931386947631836,0.4350399076938629
285741,0.5981953144073486,0.5934823155403137,0.4341421127319336
285751,0.5989172458648682,0.5950916409492493,0.43401071429252625
285761,0.5957484841346741,0.5949721932411194,0.4328445494174957
285771,0.5967452526092529,0.5947192907333374,0.43684226274490356
285781,0.5947410464286804,0.596108078956604,0.43627113103866577
285791,0.5924210548400879,0.597231924533844,0.4355362057685852
285801,0.5922414064407349,0.597451388835907,0.4404313564300537
285811,0.5913912057876587,0.5976607799530029,0.44063800573349
285821,0.5899240970611572,0.5963807702064514,0.44041168689727783
285831,0.587164580821991,0.594036877155304,0.44182074069976807
285841,0.5894462466239929,0.593740701675415,0.44301292300224304
285851,0.5859094262123108,0.5912045836448669,0.4422115087509155
285861,0.583396852016449,0.5920382142066956,0.4421174228191376
285871,0.5785456299781799,0.5922567844390869,0.44188883900642395
285881,0.5785573124885559,0.5927351713180542,0.442444771528244
285891,0.5746967196464539,0.5947253704071045,0.4420381784439087
285901,0.571505069732666,0.5947582125663757,0.4414813220500946
285911,0.5690637826919556,0.5934763550758362,0.4411852955818176
285921,0.5665750503540039,0.5932202339172363,0.44114387035369873
285931,0.562412679195404,0.5930907130241394,0.44312533736228943
285941,0.5597841739654541,0.5921425223350525,0.4431755542755127
285951,0.5559850335121155,0.5900616645812988,0.4427223205566406
285961,0.553344190120697,0.5874752402305603,0.44652652740478516
285971,0.5435770153999329,0.5862913727760315,0.4446045756340027
285981,0.5391994118690491,0.5853854417800903,0.44446730613708496
285991,0.5350131988525391,0.5858415365219116,0.44490107893943787
286001,0.5299324989318848,0.5883885622024536,0.44300687313079834
286011,0.5202789306640625,0.589725136756897,0.44126784801483154
286021,0.5175091624259949,0.588679850101471,0.4420551061630249
286031,0.5092155337333679,0.5911991000175476,0.4351583421230316
286041,0.5071806907653809,0.5915709733963013,0.4357483685016632
286051,0.49975505471229553,0.5867726802825928,0.43396803736686707
286061,0.4951654374599457,0.5830580592155457,0.4335622191429138
286071,0.4867952764034271,0.5781541466712952,0.4314775764942169
286081,0.48595842719078064,0.5753589868545532,0.43264901638031006
286091,0.48046913743019104,0.5713252425193787,0.43200504779815674
286101,0.46829110383987427,0.5721067786216736,0.42939725518226624
286111,0.4660036563873291,0.571302592754364,0.4303371012210846
286121,0.452094703912735,0.5741056799888611,0.428247332572937
286131,0.44573765993118286,0.5737390518188477,0.4265769124031067
286141,0.43463361263275146,0.5704890489578247,0.42460328340530396
286151,0.43162447214126587,0.5723742842674255,0.42628175020217896
286161,0.42048898339271545,0.5686770081520081,0.4220612645149231
286171,0.41791510581970215,0.5694116353988647,0.4233558177947998
286181,0.4010988771915436,0.5684565305709839,0.4204607307910919
286191,0.3980315923690796,0.5664109587669373,0.422099769115448
286201,0.3895488679409027,0.565237283706665,0.41606104373931885
286211,0.3873822093009949,0.5647326111793518,0.41745489835739136
286221,0.38436001539230347,0.5637632608413696,0.41838765144348145
286231,0.36984992027282715,0.5638949275016785,0.4109726846218109
286241,0.3668363690376282,0.5649096965789795,0.4117468595504761
286251,0.3542523682117462,0.5635173320770264,0.41019266843795776
286261,0.35209494829177856,0.562389612197876,0.40361061692237854
286271,0.3390119671821594,0.5597665309906006,0.40164914727211
286281,0.33303558826446533,0.5596914291381836,0.40183210372924805
286291,0.32312729954719543,0.5578529834747314,0.39400288462638855
286301,0.3205978274345398,0.5574789047241211,0.3947942852973938
286311,0.30471086502075195,0.5559321641921997,0.3919210433959961
286321,0.30239903926849365,0.5547739267349243,0.3934762477874756
286331,0.29254627227783203,0.5529397130012512,0.3903196454048157
286341,0.2905360162258148,0.5518808364868164,0.39141127467155457
286351,0.27557042241096497,0.5504629611968994,0.389133095741272
286361,0.2685876488685608,0.5510396361351013,0.3857925236225128
286371,0.2595670223236084,0.5498194098472595,0.3848639726638794
286381,0.2510969638824463,0.5500739216804504,0.3841211795806885
286391,0.23733434081077576,0.5495182275772095,0.38027703762054443
286401,0.23259606957435608,0.5489706993103027,0.38116970658302307
286411,0.2195488065481186,0.5481479167938232,0.3791973292827606
286421,0.2148037701845169,0.548918604850769,0.38032814860343933
286431,0.20394279062747955,0.5491253733634949,0.379475474357605
286441,0.19918479025363922,0.5487815737724304,0.38049015402793884
286451,0.18878275156021118,0.5491852760314941,0.3797389268875122
286461,0.18387462198734283,0.5471013188362122,0.38300713896751404
286471,0.17756564915180206,0.5467111468315125,0.38352862000465393
286481,0.16597336530685425,0.548788845539093,0.3827436566352844
286491,0.15964683890342712,0.5483027696609497,0.3884253203868866
286501,0.15016499161720276,0.5494477152824402,0.3886060118675232
286511,0.14442190527915955,0.5494706630706787,0.3901124596595764
286521,0.13562984764575958,0.5503755807876587,0.39058807492256165
286531,0.1297285407781601,0.5513474345207214,0.39705532789230347
286541,0.12231219559907913,0.555120050907135,0.39768552780151367
286551,0.11499699205160141,0.5547538995742798,0.3993043005466461
286561,0.10557565838098526,0.5559727549552917,0.40336042642593384
286571,0.10149364918470383,0.5586829781532288,0.4051007330417633
286581,0.09049345552921295,0.5590416789054871,0.4060193598270416
286591,0.08542189747095108,0.5599232912063599,0.4089324474334717
286601,0.07964438199996948,0.5618869066238403,0.4104268252849579
286611,0.0748199000954628,0.5625391006469727,0.41227293014526367
286621,0.0650193989276886,0.567674458026886,0.41248929500579834
286631,0.06207338720560074,0.5690885186195374,0.41922110319137573
286641,0.05661871284246445,0.5708981156349182,0.42080849409103394
286651,0.05081916227936745,0.5745904445648193,0.4219211935997009
286661,0.043547745794057846,0.5760127305984497,0.42354926466941833
286671,0.03881726786494255,0.5794395208358765,0.42472541332244873
286681,0.033312294632196426,0.5766294002532959,0.4266357123851776
286691,0.024101175367832184,0.5802304744720459,0.42726004123687744
286701,0.021375717595219612,0.5825098752975464,0.42853033542633057
286711,0.013210369274020195,0.5870277881622314,0.42884644865989685
286721,0.009926047176122665,0.5871002078056335,0.4326036870479584
286731,0.006727710831910372,0.5922999382019043,0.43329066038131714
286741,0.0025796720292419195,0.5964310765266418,0.4338487684726715
286751,-0.003943980671465397,0.5974373817443848,0.4344216585159302
286761,-0.005487604066729546,0.5985478758811951,0.43511804938316345
286771,-0.01372731663286686,0.6015350222587585,0.43529218435287476
286781,-0.019126607105135918,0.6006664633750916,0.4358117878437042
286791,-0.021909397095441818,0.6022621393203735,0.43593353033065796
286801,-0.023631133139133453,0.6076511144638062,0.4360544979572296
286811,-0.027439365163445473,0.608116090297699,0.43611764907836914
286821,-0.028984030708670616,0.6094050407409668,0.44128262996673584
286831,-0.03392333909869194,0.609825611114502,0.44140133261680603
286841,-0.034389130771160126,0.6180650591850281,0.44142574071884155
286851,-0.037651486694812775,0.6187778115272522,0.4414485991001129
286861,-0.039017435163259506,0.6220507025718689,0.44064876437187195
286871,-0.04378282278776169,0.6196733713150024,0.4405280649662018
286881,-0.04355869069695473,0.627493143081665,0.44021886587142944
286891,-0.047451283782720566,0.6262428164482117,0.4424893260002136
286901,-0.048310767859220505,0.6287558078765869,0.44225215911865234
286911,-0.05127031356096268,0.6273728013038635,0.4419865310192108
286921,-0.054130688309669495,0.625205397605896,0.4466921091079712
286931,-0.052656710147857666,0.6335974335670471,0.446709007024765
286941,-0.05592203140258789,0.6336441040039062,0.4465372860431671
286951,-0.05530448257923126,0.6384909152984619,0.44629988074302673
286961,-0.058566946536302567,0.6379230618476868,0.4426487982273102
286971,-0.05965009331703186,0.638612687587738,0.4421103298664093
286981,-0.06292381882667542,0.6389650106430054,0.4415132999420166
286991,-0.06219957396388054,0.639040470123291,0.43741747736930847
287001,-0.06653869897127151,0.6375041007995605,0.43652617931365967
287011,-0.06252229958772659,0.6393986344337463,0.43565043807029724
287021,-0.06329084187746048,0.6397750973701477,0.43330785632133484
287031,-0.06279050558805466,0.6399030685424805,0.43221136927604675
287041,-0.0653425082564354,0.6415531039237976,0.43123897910118103
287051,-0.0641772598028183,0.6431769728660583,0.42799437046051025
287061,-0.06594342738389969,0.6433261036872864,0.42682284116744995
287071,-0.06196828559041023,0.6450186371803284,0.4256017208099365
287081,-0.0652661845088005,0.6448315382003784,0.4244711995124817
287091,-0.06481079012155533,0.6454862356185913,0.420346736907959
287101,-0.06733518093824387,0.6455202698707581,0.4190675616264343
287111,-0.06090209260582924,0.6462304592132568,0.41781678795814514
287121,-0.06340167671442032,0.6460632085800171,0.414791077375412
287131,-0.061042819172143936,0.6461105942726135,0.41347774863243103
287141,-0.06260065734386444,0.646308422088623,0.4123353362083435
287151,-0.06456038355827332,0.6464502215385437,0.4103713929653168
287161,-0.0642995610833168,0.6458955407142639,0.40925607085227966
287171,-0.059617865830659866,0.6472510695457458,0.40819117426872253
287181,-0.05828556418418884,0.646377444267273,0.40710315108299255
287191,-0.05928424373269081,0.6466413140296936,0.4046914279460907
287201,-0.059734247624874115,0.6459997892379761,0.4035867154598236
287211,-0.059641361236572266,0.6450110077857971,0.40247204899787903
287221,-0.05593167990446091,0.6440370678901672,0.40293943881988525
287231,-0.0560019314289093,0.6429398059844971,0.4020857512950897
287241,-0.05302765220403671,0.6427281498908997,0.4012564718723297
287251,-0.05537281930446625,0.6411147713661194,0.40153768658638
287261,-0.048351529985666275,0.6394152045249939,0.40087586641311646
287271,-0.04942256584763527,0.6395317912101746,0.40054476261138916
287281,-0.048519331961870193,0.6378632187843323,0.40013688802719116
287291,-0.04823719710111618,0.6362104415893555,0.4017978012561798
287301,-0.04888666421175003,0.6368259191513062,0.40176528692245483
287311,-0.0442514643073082,0.6341369152069092,0.40155693888664246
287321,-0.04418109357357025,0.6345251798629761,0.40266698598861694
287331,-0.04307771474123001,0.633355975151062,0.4027140438556671
287341,-0.04173154756426811,0.6309031844139099,0.4027891755104065
287351,-0.04084725305438042,0.6290152072906494,0.40232324600219727
287361,-0.03900549188256264,0.6265143752098083,0.4024510681629181
287371,-0.03746461123228073,0.6254360675811768,0.40267452597618103
287381,-0.03686479106545448,0.6244301199913025,0.4039022922515869
287391,-0.03678816929459572,0.6239975094795227,0.40434494614601135
287401,-0.0360729955136776,0.6219932436943054,0.4047212302684784
287411,-0.03482656553387642,0.6177079081535339,0.4050229489803314
287421,-0.03416966274380684,0.6181616187095642,0.4040045440196991
287431,-0.033052701503038406,0.6159180402755737,0.4042710065841675
287441,-0.03398604318499565,0.6151162385940552,0.4046080410480499
287451,-0.03056086041033268,0.6114928722381592,0.40388232469558716
287461,-0.03153576701879501,0.6121500730514526,0.4042474031448364
287471,-0.030786965042352676,0.6106142401695251,0.40449345111846924
287481,-0.030603721737861633,0.6099529266357422,0.40693315863609314
287491,-0.03067152202129364,0.6083000302314758,0.4072704315185547
287501,-0.030365223065018654,0.6079041361808777,0.40761053562164307
287511,-0.030987730249762535,0.6098847389221191,0.4079030752182007
287521,-0.028523089364171028,0.6037158966064453,0.40786269307136536
287531,-0.028508953750133514,0.6026864051818848,0.4081064760684967
287541,-0.027237314730882645,0.6014639139175415,0.4083346426486969
287551,-0.027120361104607582,0.6012371778488159,0.41116756200790405
287561,-0.027354655787348747,0.5996290445327759,0.41151130199432373
287571,-0.026793278753757477,0.5983119010925293,0.4118550419807434
287581,-0.02710798755288124,0.5989124774932861,0.4148741066455841
287591,-0.028050394728779793,0.598816990852356,0.4154013991355896
287601,-0.027643665671348572,0.5979689359664917,0.41592735052108765
287611,-0.027427390217781067,0.5970116257667542,0.4164598286151886
287621,-0.027365392073988914,0.5962469577789307,0.4164729714393616
287631,-0.02609899640083313,0.5916385650634766,0.41704800724983215
287641,-0.025517340749502182,0.5909874439239502,0.41747623682022095
287651,-0.02594766393303871,0.590215265750885,0.41482222080230713
287661,-0.02560451626777649,0.5896813869476318,0.4148131012916565
287671,-0.025441285222768784,0.5888550877571106,0.41477352380752563
287681,-0.02608562633395195,0.5890445709228516,0.4168902635574341
287691,-0.025646446272730827,0.5877506732940674,0.41689160466194153
287701,-0.026124507188796997,0.5883779525756836,0.41686028242111206
287711,-0.026954609900712967,0.5879077315330505,0.4173448085784912
287721,-0.027088018134236336,0.5870150327682495,0.4173315465450287
287731,-0.0269306730479002,0.586804986000061,0.41729918122291565
287741,-0.027682216838002205,0.5861675143241882,0.4172344505786896
287751,-0.027717817574739456,0.5861967206001282,0.42024385929107666
287761,-0.02689671702682972,0.5850280523300171,0.42033571004867554
287771,-0.026851003989577293,0.58421391248703,0.4204120934009552
287781,-0.026978785172104836,0.5838027596473694,0.4179406464099884
287791,-0.02551181986927986,0.5806278586387634,0.4177797734737396
287801,-0.025693995878100395,0.5797961354255676,0.41766348481178284
287811,-0.02897833101451397,0.5807907581329346,0.41886666417121887
287821,-0.028211690485477448,0.5774116516113281,0.4185110926628113
287831,-0.027942953631281853,0.5716820359230042,0.41727161407470703
287841,-0.02791634202003479,0.572972297668457,0.4181258976459503
287851,-0.02640501968562603,0.5674026608467102,0.4203183352947235
287861,-0.027465730905532837,0.572206437587738,0.4229218363761902
287871,-0.027812251821160316,0.5703855752944946,0.42280933260917664
287881,-0.028117628768086433,0.5711641907691956,0.430573970079422
287891,-0.028119973838329315,0.5696032643318176,0.43099701404571533
287901,-0.02932501584291458,0.5685262680053711,0.43170785903930664
287911,-0.031019030138850212,0.567721962928772,0.4354381859302521
287921,-0.03223634883761406,0.5652474761009216,0.4358315169811249
287931,-0.0333617627620697,0.5618047714233398,0.43592387437820435
287941,-0.03161421790719032,0.559029221534729,0.43615978956222534
287951,-0.030931910499930382,0.5575041770935059,0.4395942687988281
287961,-0.031001998111605644,0.5558865666389465,0.44049105048179626
287971,-0.02942955493927002,0.5531522035598755,0.4409176707267761
287981,-0.03025304339826107,0.5520652532577515,0.4353645145893097
287991,-0.03050738014280796,0.5491304993629456,0.4353312849998474
288001,-0.031713247299194336,0.5459907054901123,0.43537601828575134
288011,-0.032177336513996124,0.5405910611152649,0.4331027865409851
288021,-0.03386669605970383,0.5391571521759033,0.433615505695343
288031,-0.03182162716984749,0.5367075204849243,0.43362683057785034
288041,-0.03350420296192169,0.5333053469657898,0.43567168712615967
288051,-0.03470493108034134,0.5268153548240662,0.43446317315101624
288061,-0.03535941615700722,0.5236982703208923,0.4345462918281555
288071,-0.034405555576086044,0.512911856174469,0.4312049150466919
288081,-0.033204250037670135,0.5103283524513245,0.4287205934524536
288091,-0.031983520835638046,0.504706621170044,0.42762312293052673
288101,-0.030439427122473717,0.5010401606559753,0.4273606538772583
288111,-0.031470946967601776,0.4946279227733612,0.4269610047340393
288121,-0.032562337815761566,0.4911595582962036,0.4268384277820587
288131,-0.033221691846847534,0.4835139811038971,0.42512044310569763
288141,-0.034047141671180725,0.4793413281440735,0.4282754361629486
288151,-0.03535204380750656,0.4705811142921448,0.42672964930534363
288161,-0.03696777671575546,0.46939533948898315,0.42779186367988586
288171,-0.03581184521317482,0.4558488428592682,0.424567312002182
288181,-0.0355982780456543,0.4446062445640564,0.42038267850875854
288191,-0.03512878715991974,0.44281846284866333,0.42144885659217834
288201,-0.0347583070397377,0.42998793721199036,0.4186055362224579
288211,-0.0333736427128315,0.42494288086891174,0.4182145595550537
288221,-0.03315898776054382,0.41366490721702576,0.4162309467792511
288231,-0.033826444298028946,0.4126039147377014,0.41813212633132935
288241,-0.03375585004687309,0.39770835638046265,0.41456320881843567
288251,-0.034654904156923294,0.39799320697784424,0.4164647161960602
288261,-0.03446656093001366,0.38416242599487305,0.4143000543117523
288271,-0.03567350655794144,0.38342615962028503,0.4163588583469391
288281,-0.03525267541408539,0.36502787470817566,0.40880486369132996
288291,-0.03554941713809967,0.36147019267082214,0.4096973240375519
288301,-0.0341854989528656,0.3590899407863617,0.4109981954097748
288311,-0.034225642681121826,0.3413735330104828,0.4004683196544647
288321,-0.033515989780426025,0.33860042691230774,0.4013921916484833
288331,-0.031904224306344986,0.3240705728530884,0.39882513880729675
288341,-0.03226177766919136,0.3225575387477875,0.3955053389072418
288351,-0.03208077698945999,0.30898329615592957,0.3933016359806061
288361,-0.03328816592693329,0.30891191959381104,0.39540785551071167
288371,-0.032635048031806946,0.293777197599411,0.3887861967086792
288381,-0.03351086378097534,0.29069799184799194,0.38928234577178955
288391,-0.03155607730150223,0.2799854576587677,0.38794979453086853
288401,-0.03162504732608795,0.2745363116264343,0.3881010413169861
288411,-0.031714633107185364,0.2627134919166565,0.38441261649131775
288421,-0.030948201194405556,0.2583126127719879,0.38469210267066956
288431,-0.029279183596372604,0.2461240440607071,0.3830915093421936
288441,-0.02907511219382286,0.2413320392370224,0.3852443993091583
288451,-0.028190581128001213,0.2358425259590149,0.38552480936050415
288461,-0.02686450071632862,0.22403618693351746,0.3844784200191498
288471,-0.028085412457585335,0.2206401377916336,0.38471049070358276
288481,-0.02740195393562317,0.20333357155323029,0.3830568194389343
288491,-0.026128677651286125,0.19736549258232117,0.38361474871635437
288501,-0.025693651288747787,0.1846926510334015,0.38230931758880615
288511,-0.02429918572306633,0.17973122000694275,0.38701966404914856
288521,-0.02321259304881096,0.16771604120731354,0.3862946033477783
288531,-0.021419906988739967,0.16142795979976654,0.3870375156402588
288541,-0.021389124915003777,0.1488310694694519,0.3882296085357666
288551,-0.020606830716133118,0.14628088474273682,0.38994595408439636
288561,-0.019858021289110184,0.13249456882476807,0.38917988538742065
288571,-0.019967587664723396,0.12954965233802795,0.3914732336997986
288581,-0.020442526787519455,0.12425706535577774,0.3925073742866516
288591,-0.01776239089667797,0.11204265803098679,0.3923831880092621
288601,-0.017827242612838745,0.10842736810445786,0.3938312828540802
288611,-0.017837420105934143,0.09641316533088684,0.3963553011417389
288621,-0.01819002255797386,0.09269837290048599,0.3978406488895416
288631,-0.0160052627325058,0.0834198072552681,0.3983531594276428
288641,-0.015188192017376423,0.07884752750396729,0.40153950452804565
288651,-0.012532858178019524,0.06992791593074799,0.4021051824092865
288661,-0.01280698087066412,0.06720495223999023,0.40354394912719727
288671,-0.011423703283071518,0.05776448920369148,0.40598762035369873
288681,-0.012077602557837963,0.055923521518707275,0.40732812881469727
288691,-0.01225423812866211,0.05013285577297211,0.40813302993774414
288701,-0.010761275887489319,0.04247759282588959,0.4087617099285126
288711,-0.00940086878836155,0.037309933453798294,0.4134279787540436
288721,-0.010712898336350918,0.035559143871068954,0.41474273800849915
288731,-0.010802451521158218,0.02860514260828495,0.41562309861183167
288741,-0.01073609571903944,0.02280462719500065,0.41965410113334656
288751,-0.00748522998765111,0.021195653825998306,0.4209080636501312
288761,-0.006459018215537071,0.012779094278812408,0.4216139614582062
288771,-0.005697098560631275,0.010625883936882019,0.42357194423675537
288781,-0.005434280261397362,0.006337895058095455,0.42437973618507385
288791,-0.004260895773768425,0.0045202928595244884,0.42525216937065125
288801,-0.005039379000663757,-0.0009359404211863875,0.422746479511261
288811,-0.005075396969914436,-0.004515315406024456,0.4230882525444031
288821,-0.005131825804710388,-0.007614347618073225,0.42336806654930115
288831,-0.0046446253545582294,-0.010407466441392899,0.4235190451145172
288841,-0.0026318677701056004,-0.012476968578994274,0.424102246761322
288851,-0.003313148859888315,-0.015082815662026405,0.4240548312664032
288861,-0.0003304384008515626,-0.01879095658659935,0.42390069365501404
288871,0.00010964797547785565,-0.02005396969616413,0.4269331991672516
288881,0.00014096926315687597,-0.021786067634820938,0.426882803440094
288891,0.0007215638179332018,-0.025789747014641762,0.42673322558403015
288901,0.0008338345214724541,-0.026608748361468315,0.4263187348842621
288911,0.0029155625961720943,-0.02950187958776951,0.4260001480579376
288921,0.002105321502313018,-0.03151819109916687,0.42563095688819885
288931,0.0022468622773885727,-0.030347242951393127,0.4252278506755829
288941,0.0019108860287815332,-0.03183912858366966,0.4262916147708893
288951,0.0013095283647999167,-0.03383052721619606,0.42576995491981506
288961,0.003652683924883604,-0.03488181158900261,0.42524415254592896
288971,0.0033851885236799717,-0.03483625128865242,0.4246492087841034
288981,0.0041976673528552055,-0.036269087344408035,0.4240938425064087
288991,0.00918459054082632,-0.03569048270583153,0.4235295057296753
289001,0.009182009845972061,-0.036942970007658005,0.42336925864219666
289011,0.009860899299383163,-0.03686809167265892,0.422853946685791
289021,0.009537573903799057,-0.03843436390161514,0.4223499596118927
289031,0.008692259900271893,-0.03619334474205971,0.42185789346694946
289041,0.010192997753620148,-0.03473604843020439,0.42520520091056824
289051,0.008914101868867874,-0.03513992577791214,0.42485350370407104
289061,0.00915820524096489,-0.034423939883708954,0.4244261384010315
289071,0.008370861411094666,-0.03601287305355072,0.42370113730430603
289081,0.01221366785466671,-0.03336213529109955,0.42339029908180237
289091,0.0114755155518651,-0.031508080661296844,0.4230373501777649
289101,0.01091622281819582,-0.030699899420142174,0.4191960096359253
289111,0.011383160017430782,-0.031896062195301056,0.41870051622390747
289121,0.011856493540108204,-0.030504746362566948,0.4181685149669647
289131,0.01217658817768097,-0.031239233911037445,0.4134884774684906
289141,0.012248499318957329,-0.028109360486268997,0.41270309686660767
289151,0.012139254249632359,-0.027789466083049774,0.4119015634059906
289161,0.010531237348914146,-0.028033429756760597,0.41114741563796997
289171,0.012001418508589268,-0.02682015672326088,0.40950578451156616
289181,0.012240664102137089,-0.022054890170693398,0.40876832604408264
289191,0.011892033740878105,-0.022683052346110344,0.40807709097862244
289201,0.01373304147273302,-0.02139851823449135,0.40782979130744934
289211,0.014038749039173126,-0.021058224141597748,0.4071750342845917
289221,0.01307548675686121,-0.01621912606060505,0.4065748453140259
289231,0.013571936637163162,-0.0165266003459692,0.40476611256599426
289241,0.013667169958353043,-0.014685265719890594,0.4042096436023712
289251,0.01341605931520462,-0.016667503863573074,0.40371373295783997
289261,0.013246875256299973,-0.015173202380537987,0.403196781873703
289271,0.012372874654829502,-0.011075634509325027,0.4048396348953247
289281,0.012414436787366867,-0.008411937393248081,0.40455588698387146
289291,0.012298041954636574,-0.00856378860771656,0.4043233096599579
289301,0.012425467371940613,-0.008844949305057526,0.4053214490413666
289311,0.011790893040597439,-0.008470725268125534,0.4051573872566223
289321,0.011134324595332146,-0.007677451241761446,0.4050496220588684
289331,0.011691627092659473,-0.002867777831852436,0.40343648195266724
289341,0.012125496752560139,-0.0023147491738200188,0.4033006429672241
289351,0.010714780539274216,-2.9577100576716475e-05,0.4031301736831665
289361,0.011482537724077702,-0.0007497667102143168,0.40301990509033203
289371,0.01019808929413557,0.0005022506229579449,0.40623578429222107
289381,0.00998039823025465,0.0005772667936980724,0.40636637806892395
289391,0.009837575256824493,0.0005614685942418873,0.40652889013290405
289401,0.009333029389381409,0.0010872954735532403,0.4073547124862671
289411,0.009231477975845337,0.0028498040046542883,0.4076634347438812
289421,0.009845711290836334,0.002991416957229376,0.40793898701667786
289431,0.007920258678495884,0.006333370227366686,0.40904855728149414
289441,0.007566553540527821,0.0073239561170339584,0.40943536162376404
289452,0.00599377928301692,0.008583307266235352,0.41016507148742676
289461,0.0065373764373362064,0.008704368025064468,0.4100459814071655
289471,0.005305478349328041,0.009080620482563972,0.41036173701286316
289481,0.004718277603387833,0.00874584261327982,0.41072314977645874
289491,0.005070958752185106,0.008688368834555149,0.41111189126968384
289501,0.004912434611469507,0.009282405488193035,0.4125295877456665
289512,0.004026955924928188,0.009364388883113861,0.41325950622558594
289521,0.005201621446758509,0.009086274541914463,0.41324520111083984
289531,0.004923954140394926,0.009779522195458412,0.41421106457710266
289542,0.0030084247700870037,0.009955555200576782,0.41488730907440186
289551,0.0036552150268107653,0.009051941335201263,0.41485396027565
289561,0.0034919618628919125,0.010557375848293304,0.410949170589447
289571,0.0028264636639505625,0.010901729576289654,0.4109918773174286
289581,0.002100917510688305,0.010120982304215431,0.41103652119636536
289591,-0.0005731775891035795,0.010540472343564034,0.41101738810539246
289601,-0.0006290692836046219,0.011778369545936584,0.412595272064209
289611,-0.0012377981329336762,0.009745550341904163,0.4125272333621979
289621,-0.0010341227753087878,0.009696411900222301,0.4125053286552429
289631,-0.0017916227225214243,0.010482093319296837,0.41193944215774536
289641,-0.001997689949348569,0.009155659936368465,0.4118173122406006
289651,-0.002326143439859152,0.009110751561820507,0.41169583797454834
289661,-0.003264112863689661,0.008975343778729439,0.41292890906333923
289671,-0.0036499854177236557,0.007798281032592058,0.4128691554069519
289681,-0.003259737743064761,0.008169339969754219,0.41283321380615234
289691,-0.0039003638084977865,0.008213106542825699,0.4127892851829529
289701,-0.004614365287125111,0.007079884875565767,0.41443106532096863
289711,-0.004458186216652393,0.004591311793774366,0.41432973742485046
289721,-0.005578723736107349,0.004658442921936512,0.41422268748283386
289731,-0.006822587456554174,0.004480243660509586,0.4137318432331085
289741,-0.006826126482337713,0.0049226535484194756,0.4136582911014557
289751,-0.006705153733491898,0.003440042259171605,0.4135638177394867
289761,-0.0066865431144833565,0.0028306362219154835,0.42020487785339355
289771,-0.006897903513163328,0.003886037040501833,0.42049354314804077
289781,-0.0075466749258339405,0.0032019398640841246,0.420781672000885
289791,-0.0077982074581086636,0.002425635699182749,0.4173150658607483
289801,-0.007333069574087858,-0.000887425965629518,0.4173576235771179
289811,-0.007492177188396454,-0.001115151448175311,0.41740554571151733
289821,-0.007990599609911442,-0.0011668880470097065,0.41746896505355835
289831,-0.007767276372760534,-0.0025889184325933456,0.42163732647895813
289841,-0.008026518858969212,-0.0025479006581008434,0.4219359755516052
289851,-0.008645704947412014,-0.0013939813943579793,0.4222387671470642
289861,-0.009372223168611526,-0.002212343504652381,0.41942867636680603
289871,-0.009569233283400536,-0.0020027628634124994,0.4194667637348175
289881,-0.009581303223967552,-0.006770533509552479,0.4194808900356293
289891,-0.009827634319663048,-0.007465119939297438,0.4208478629589081
289901,-0.009790531359612942,-0.007844191044569016,0.420857697725296
