time,roll,pitch,yaw
279519,0.24906928837299347,-0.492203950881958,0.30834031105041504
279529,0.2465081512928009,-0.4833390712738037,0.3087232708930969
279539,0.24234740436077118,-0.4749060273170471,0.31670305132865906
279549,0.24316485226154327,-0.4654904007911682,0.3117925524711609
279559,0.24150750041007996,-0.44917812943458557,0.31893107295036316
279569,0.23586291074752808,-0.4524255692958832,0.3208444118499756
279579,0.22793641686439514,-0.4551812410354614,0.315888911485672
279589,0.161198228597641,-0.6297122836112976,0.3321611285209656
279599,0.08126728236675262,-0.6694686412811279,0.3552343547344208
279609,0.07024885714054108,-0.6861349940299988,0.39372462034225464
279619,-0.3107187747955322,-0.6701229214668274,0.4906761348247528
279629,-0.2443908303976059,-0.611156165599823,0.5935778021812439
279639,-0.2678277790546417,-0.5055293440818787,0.6413869857788086
279649,-0.44984307885169983,-0.6484077572822571,0.703180730342865
279659,0.40292832255363464,0.40565699338912964,0.6685654520988464
279669,0.29862600564956665,-0.19717560708522797,0.7874711155891418
279679,1.0553025007247925,0.25490549206733704,0.8448336720466614
279689,0.8599504828453064,-0.8065873980522156,0.9675720930099487
279699,2.039299964904785,-4.572065830230713,0.9564782977104187
279709,1.5360687971115112,-5.605679035186768,0.9084915518760681
279719,2.696619987487793,-7.171266078948975,1.7427817583084106
279729,2.675945997238159,-8.416160583496094,2.135045289993286
279739,1.3668855428695679,-9.312606811523438,1.0896878242492676
279749,-0.21199819445610046,-9.071194648742676,-0.3965754508972168
279759,-1.6452475786209106,-8.690690040588379,-1.4449944496154785
279769,-2.2550506591796875,-8.401540756225586,-1.635778784751892
279779,-2.1988377571105957,-8.553690910339355,-0.8973721861839294
279789,-2.7703757286071777,-7.137636661529541,-1.2394572496414185
279799,-3.2687220573425293,-6.712655544281006,-1.4834705591201782
279809,-2.9827871322631836,-5.452353477478027,-1.355150818824768
279819,-2.6354548931121826,-4.855291366577148,-0.81316739320755
279829,-2.1148641109466553,-3.6055819988250732,-1.0152860879898071
279839,-2.1003310680389404,-3.4802896976470947,-1.2353888750076294
279849,-1.1626701354980469,-3.1074275970458984,-0.8514622449874878
279859,-1.9581491947174072,-0.9562089443206787,-2.4997830390930176
279869,-1.3262027502059937,-1.390197992324829,-2.101856231689453
279879,-1.0265820026397705,-2.492734432220459,-1.5789844989776611
279889,-0.3824978172779083,-2.585829734802246,-1.0395852327346802
279899,0.1846180558204651,-2.6386029720306396,-0.7669168710708618
279909,0.1775767207145691,-2.982494592666626,-0.6542139053344727
279919,0.8564358949661255,-3.0357465744018555,-0.31621259450912476
279929,1.4283459186553955,-3.7203736305236816,0.01824403926730156
279939,1.8193223476409912,-3.4757814407348633,0.1658748984336853
279949,2.3978078365325928,-3.0016112327575684,0.39233142137527466
279959,2.849173069000244,-2.5972158908843994,0.5984286665916443
279969,3.5632176399230957,-1.7416324615478516,0.9719889163970947
279979,4.804930210113525,-1.7475508451461792,1.2539761066436768
279989,4.436403274536133,-1.709293246269226,1.1564288139343262
279999,4.013973712921143,-1.9027900695800781,0.993714451789856
280009,3.4559428691864014,-2.1430063247680664,0.8881391286849976
280019,2.4056007862091064,-2.102471113204956,0.9959949851036072
280029,1.809433102607727,-2.072861433029175,1.1972975730895996
280039,0.46382930874824524,-1.3578364849090576,1.6780976057052612
280049,1.3365845680236816,-2.025339365005493,1.51728093624115
280059,1.0440064668655396,-2.030348777770996,1.4898673295974731
280069,0.851003110408783,-1.6643288135528564,1.5956448316574097
280079,0.8903590440750122,-1.171543836593628,1.7633672952651978
280089,0.08100537210702896,-2.03014874458313,1.4718090295791626
280099,0.09788548946380615,-1.8973779678344727,1.5315216779708862
280109,0.023378565907478333,-1.6339125633239746,1.646207332611084
280119,-0.16715580224990845,-1.492876410484314,1.7406632900238037
280129,-0.7877920269966125,-0.7433534860610962,1.946265459060669
280139,-1.1377677917480469,-0.19424083828926086,2.0761969089508057
280149,-1.1388119459152222,-1.193670392036438,2.052503824234009
280159,-1.0870084762573242,-0.9893935322761536,2.1045544147491455
280169,-1.017756700515747,-0.754539966583252,2.1565802097320557
280179,-0.6318597197532654,-0.46756741404533386,2.17760968208313
280189,-0.30790916085243225,-0.2703213095664978,2.22998046875
280199,-0.01660861447453499,-0.02827339991927147,2.277066946029663
280209,0.16453227400779724,0.09737219661474228,2.3455379009246826
280219,0.30058765411376953,0.5934790968894958,2.368833065032959
280229,0.2576773464679718,0.8618722558021545,2.4281375408172607
280239,0.14336621761322021,1.3081982135772705,2.4602668285369873
280249,0.008262316696345806,1.597264289855957,2.4806878566741943
280259,-0.06286346912384033,1.8925468921661377,2.453998565673828
280269,-0.15217511355876923,2.2027182579040527,2.4463601112365723
280279,-0.2915610373020172,2.596447467803955,2.463313341140747
280290,-0.20083312690258026,2.4438669681549072,2.4265429973602295
280299,-0.1886330395936966,2.721618175506592,2.4198458194732666
280309,-0.14904926717281342,2.886902093887329,2.4072959423065186
280319,-0.045772209763526917,2.974076509475708,2.3669064044952393
280329,-0.11405565589666367,2.9582278728485107,2.4529175758361816
280339,-0.17157526314258575,3.222816228866577,2.484238862991333
280349,-0.22888527810573578,3.2280867099761963,2.486948251724243
280359,-0.3164732754230499,3.4914517402648926,2.4579129219055176
280369,-0.40339353680610657,3.854365110397339,2.4134304523468018
280380,-0.46654921770095825,4.020593166351318,2.370008945465088
280389,-0.4909901022911072,4.274003982543945,2.3015830516815186
280399,-0.4035703241825104,4.442063808441162,2.1643118858337402
280409,-0.4224720001220703,4.376167297363281,2.173065662384033
280419,-0.4222458600997925,4.3632659912109375,2.180347442626953
280429,-0.4208332300186157,4.419312477111816,2.180882453918457
280440,-0.37264713644981384,4.376522541046143,2.1156396865844727
280449,-0.3472002446651459,4.241290092468262,2.0678317546844482
280459,-0.4179092347621918,4.1219072341918945,2.100454092025757
280469,-0.5114641189575195,4.0340962409973145,2.1445436477661133
280479,-0.4911089837551117,3.9823570251464844,2.0462920665740967
280489,-0.624637246131897,3.983208656311035,2.0799388885498047
280499,-0.6594855189323425,4.086555480957031,2.013993978500366
280509,-0.6530337929725647,4.083856582641602,1.9462602138519287
280519,-0.685452938079834,4.050492763519287,1.9410805702209473
280529,-0.6881871223449707,4.039405822753906,1.9263408184051514
280539,-0.6735027432441711,3.840045690536499,1.9244097471237183
280549,-0.6600717902183533,3.8737454414367676,1.8957291841506958
280559,-0.5344018936157227,3.7289180755615234,1.7695116996765137
280570,-0.6509036421775818,3.704608678817749,1.8438084125518799
280579,-0.634395956993103,3.5430145263671875,1.8022979497909546
280589,-0.6919668316841125,3.392460346221924,1.8304015398025513
280599,-0.6659780144691467,3.1587765216827393,1.7737059593200684
280609,-0.6756193041801453,3.1233322620391846,1.758175253868103
280619,-0.6565471291542053,3.0174245834350586,1.7502241134643555
280629,-0.5442877411842346,2.9101696014404297,1.6724823713302612
280639,-0.5747846364974976,2.896197557449341,1.7194489240646362
280649,-0.5481505393981934,2.789508104324341,1.7239108085632324
280659,-0.40970394015312195,2.671631097793579,1.62354576587677
280669,-0.4477118253707886,2.6059958934783936,1.6413785219192505
280679,-0.5119181275367737,2.592684745788574,1.6605697870254517
280690,-0.5272864103317261,2.430798292160034,1.6562029123306274
280699,-0.41966137290000916,2.3381385803222656,1.536806344985962
280709,-0.5308482050895691,2.2362825870513916,1.5713683366775513
280719,-0.5461881756782532,2.1270744800567627,1.550315499305725
280729,-0.6199184656143188,2.01725172996521,1.5843026638031006
280739,-0.6245920658111572,1.9733610153198242,1.5610437393188477
280749,-0.7072505950927734,1.7810275554656982,1.5960355997085571
280759,-0.7860714197158813,1.7339251041412354,1.6054084300994873
280769,-0.713176965713501,1.5351667404174805,1.5601028203964233
280779,-0.7793213129043579,1.3979240655899048,1.5858532190322876
280790,-0.8299302458763123,1.2623378038406372,1.6039708852767944
280799,-0.8604021072387695,1.2808468341827393,1.6004856824874878
280809,-0.864596426486969,1.177628755569458,1.6047816276550293
280819,-0.8585703372955322,1.0654231309890747,1.6112841367721558
280829,-0.853527307510376,1.0231096744537354,1.6090545654296875
280839,-0.850335955619812,0.9547144174575806,1.6085116863250732
280849,-0.8449245095252991,0.709247887134552,1.6297142505645752
280859,-0.7617940902709961,0.5015285015106201,1.6179141998291016
280869,-0.8146172761917114,0.3612392544746399,1.6362247467041016
280879,-0.7941916584968567,0.2366129755973816,1.6352936029434204
280889,-0.7804271578788757,0.0769243910908699,1.6430946588516235
280899,-0.7533823251724243,0.023658527061343193,1.6389110088348389
280909,-0.7338695526123047,-0.056200169026851654,1.6483672857284546
280919,-0.7177833914756775,-0.029199659824371338,1.6521905660629272
280929,-0.6960506439208984,-0.11986290663480759,1.6724236011505127
280939,-0.6456888914108276,-0.07980973273515701,1.673701524734497
280949,-0.6170965433120728,-0.22889533638954163,1.6915193796157837
280959,-0.638744056224823,-0.28269389271736145,1.6875742673873901
280969,-0.6708851456642151,-0.4867766797542572,1.711064338684082
280979,-0.6922964453697205,-0.7019955515861511,1.7369428873062134
280989,-0.7085378766059875,-0.6876148581504822,1.7346820831298828
280999,-0.7028741836547852,-0.7766546607017517,1.7416934967041016
281009,-0.6619459986686707,-0.8054386973381042,1.753255009651184
281019,-0.601494550704956,-0.8576605319976807,1.7706042528152466
281029,-0.5488280653953552,-0.8162739276885986,1.779754400253296
281039,-0.5887352228164673,-0.8437108397483826,1.7887569665908813
281049,-0.5864064693450928,-0.876298189163208,1.810728669166565
281059,-0.6166192293167114,-0.9401456117630005,1.8288910388946533
281069,-0.6568947434425354,-1.014350414276123,1.8373111486434937
281079,-0.6928781867027283,-1.0850306749343872,1.8442250490188599
281089,-0.7051391005516052,-1.0586349964141846,1.846628189086914
281099,-0.6745247840881348,-1.0741547346115112,1.8648607730865479
281109,-0.5965197086334229,-1.0356396436691284,1.8852388858795166
281119,-0.5128428339958191,-0.9804497957229614,1.9014577865600586
281129,-0.5719950199127197,-0.928058922290802,1.8629794120788574
281139,-0.5038065910339355,-0.8610188364982605,1.8744868040084839
281149,-0.5622408390045166,-0.8304300904273987,1.8500876426696777
281159,-0.5470584630966187,-0.9471771717071533,1.8638887405395508
281169,-0.5457229018211365,-0.9501108527183533,1.8585302829742432
281179,-0.5079871416091919,-0.9439205527305603,1.8582828044891357
281189,-0.44334667921066284,-0.9206022024154663,1.8674724102020264
281199,-0.3564213514328003,-0.9582453966140747,1.8832484483718872
281209,-0.26656994223594666,-0.9187357425689697,1.8946597576141357
281219,-0.19351007044315338,-0.9193084239959717,1.9018077850341797
281229,-0.27975592017173767,-0.8276932835578918,1.8488870859146118
281239,-0.2584758698940277,-0.815447211265564,1.8510485887527466
281249,-0.2116488814353943,-0.7395435571670532,1.8736597299575806
281259,-0.24911342561244965,-0.7270057201385498,1.873760461807251
281269,-0.28730544447898865,-0.6574465036392212,1.868437647819519
281279,-0.2921234369277954,-0.5827827453613281,1.861188292503357
281289,-0.2665075957775116,-0.5240195989608765,1.8592628240585327
281299,-0.235793799161911,-0.6195874214172363,1.8595229387283325
281309,-0.20326094329357147,-0.5902149677276611,1.8583285808563232
281319,-0.26008522510528564,-0.5864418148994446,1.8401881456375122
281329,-0.17778825759887695,-0.5689199566841125,1.8614110946655273
281339,-0.2559734880924225,-0.5939205884933472,1.8356707096099854
281349,-0.2629503309726715,-0.646581768989563,1.828804850578308
281359,-0.2848624885082245,-0.5309104919433594,1.8179503679275513
281369,-0.22334808111190796,-0.4546748399734497,1.8320591449737549
281379,-0.41898858547210693,-0.35450777411460876,1.7726433277130127
281389,-0.38574185967445374,-0.18557003140449524,1.7764555215835571
281399,-0.49277058243751526,-0.08842301368713379,1.739632487297058
281409,-0.7180671095848083,-0.09320394694805145,1.6746609210968018
281419,-0.596869945526123,0.002685562241822481,1.6894277334213257
281429,-0.43348872661590576,0.06763128191232681,1.7114812135696411
281439,-0.35368460416793823,-0.048726048320531845,1.7088441848754883
281449,-0.23449921607971191,-0.06950870901346207,1.7064812183380127
281459,-0.02698272280395031,-0.010617045685648918,1.7184841632843018
281469,0.1748214215040207,-0.06812192499637604,1.725033164024353
281479,0.25847017765045166,-0.15744046866893768,1.7114455699920654
281489,0.2869623899459839,-0.06511153280735016,1.697346806526184
281499,0.38631927967071533,-0.03357464075088501,1.7045069932937622
281509,0.37657031416893005,0.12704992294311523,1.7047255039215088
281519,0.4236426055431366,0.29562610387802124,1.7169981002807617
281529,0.47822558879852295,0.3209077715873718,1.723970890045166
281539,0.4518383741378784,0.4355303645133972,1.7228093147277832
281549,0.5231013894081116,0.33475491404533386,1.7214676141738892
281559,0.6271750330924988,0.31188154220581055,1.7270967960357666
281569,0.5199010968208313,0.24180346727371216,1.719730257987976
281579,0.6221669912338257,0.16862332820892334,1.734811782836914
281589,0.5546228885650635,0.1085091233253479,1.7451378107070923
281599,0.25498852133750916,0.05588756129145622,1.7551021575927734
281609,-0.3652755618095398,-0.13906662166118622,1.7411353588104248
281619,-1.908683180809021,-0.09725907444953918,1.72114896774292
281629,-2.895535469055176,-0.055319249629974365,1.749205231666565
281639,-5.071133613586426,0.08016584068536758,1.7378169298171997
281649,-6.473516464233398,0.1657421588897705,1.769671082496643
281659,-8.616649627685547,0.45898303389549255,1.778335452079773
281669,-9.549757957458496,0.45737922191619873,1.838478446006775
281679,-10.4797945022583,0.5871092081069946,1.8687846660614014
281689,-10.94897747039795,0.661069929599762,1.8815059661865234
281699,-11.2260103225708,0.5675883293151855,1.898316740989685
281709,-11.383201599121094,0.3450795114040375,1.9191906452178955
281719,-11.54057788848877,0.1255130171775818,1.890478253364563
281729,-11.888466835021973,-0.11053189635276794,1.8488881587982178
281739,-12.37047004699707,-0.1696132868528366,1.712820053100586
281749,-13.080605506896973,-0.23927028477191925,1.6740870475769043
281759,-13.696887016296387,-0.1346873939037323,1.6021140813827515
281769,-14.575662612915039,0.030721401795744896,1.5552330017089844
281779,-15.317671775817871,0.3771835267543793,1.406258463859558
281789,-15.84911823272705,0.5652655363082886,1.4565870761871338
281799,-16.177953720092773,0.5839015245437622,1.6607105731964111
281809,-16.457151412963867,0.7141023874282837,1.5936552286148071
281819,-16.61310386657715,0.6876245141029358,1.593759298324585
281829,-16.546871185302734,0.5164017677307129,1.64407217502594
281839,-16.37943458557129,0.34813937544822693,1.6131960153579712
281849,-16.230228424072266,0.07729034870862961,1.7124767303466797
281859,-16.022127151489258,-0.1545604020357132,1.7683273553848267
281869,-16.24503517150879,-0.18897265195846558,1.617180347442627
281879,-15.95521354675293,-0.15236160159111023,1.5200748443603516
281889,-16.154653549194336,-0.1744219958782196,1.6560407876968384
281899,-15.882820129394531,0.125920832157135,1.385973572731018
281909,-15.979236602783203,0.2968364953994751,1.4275504350662231
281919,-15.483892440795898,0.4433837831020355,1.5023475885391235
281929,-15.242095947265625,0.48688820004463196,1.6676820516586304
281939,-14.739494323730469,0.5638648271560669,1.604212760925293
281949,-14.538317680358887,0.498142272233963,1.6385746002197266
281959,-13.668802261352539,0.39794090390205383,1.5542365312576294
281969,-13.363080024719238,0.19018298387527466,1.6560144424438477
281979,-12.290689468383789,0.0354810394346714,1.7080036401748657
281989,-11.86838150024414,0.0470808781683445,1.5387978553771973
281999,-10.756281852722168,0.05174430087208748,1.4785754680633545
282009,-9.737517356872559,0.14305280148983002,1.3552687168121338
282019,-9.388684272766113,0.29465052485466003,1.2330858707427979
282029,-8.41821575164795,0.28473547101020813,1.4088653326034546
282039,-8.270132064819336,0.4127192795276642,1.3345032930374146
282049,-7.613569736480713,0.5036067366600037,1.251780390739441
282059,-7.4473347663879395,0.4013211131095886,1.471295952796936
282069,-6.567903995513916,0.42727458477020264,1.435240387916565
282079,-6.692707538604736,0.2761996388435364,1.6525883674621582
282089,-5.7057785987854,0.2642313838005066,1.612511157989502
282099,-5.008029937744141,0.2697051465511322,1.5728132724761963
282109,-4.445581436157227,0.2989542484283447,1.5143660306930542
282119,-4.091187477111816,0.35886096954345703,1.46354341506958
282129,-2.92669939994812,0.43868115544319153,1.3992440700531006
282139,-2.524193286895752,0.5269812941551208,1.3502821922302246
282149,-1.4061305522918701,0.5347265601158142,1.3476837873458862
282159,-0.94303297996521,0.5946033596992493,1.3451378345489502
282169,-0.15593481063842773,0.608774721622467,1.3063596487045288
282179,0.6575697064399719,0.512267529964447,1.301267147064209
282189,0.9045886993408203,0.44274890422821045,1.3130861520767212
282199,1.1348143815994263,0.3943634629249573,1.3249092102050781
282209,1.289943814277649,0.36345145106315613,1.3295828104019165
282219,1.6166465282440186,0.3781501352787018,1.3301838636398315
282229,1.5681153535842896,0.45393502712249756,1.362389326095581
282239,2.1910898685455322,0.47524335980415344,1.3368101119995117
282249,2.1633429527282715,0.517885684967041,1.3439457416534424
282259,2.9119133949279785,0.6072997450828552,1.3474249839782715
282269,3.1878724098205566,0.6469331979751587,1.3623342514038086
282279,3.8719470500946045,0.6284283995628357,1.3559600114822388
282289,3.8271920680999756,0.6182512044906616,1.433487892150879
282299,4.642126560211182,0.5530840158462524,1.4299875497817993
282309,4.556198596954346,0.3935708999633789,1.4190542697906494
282319,5.009145259857178,0.31922972202301025,1.4601770639419556
282329,4.998082637786865,0.2771305441856384,1.5289382934570312
282339,5.586697578430176,0.208174929022789,1.5161877870559692
282349,5.586282730102539,0.2584850788116455,1.653946876525879
282359,6.152857303619385,0.23953813314437866,1.6220996379852295
282369,6.191446304321289,0.23790879547595978,1.6363976001739502
282379,7.096355438232422,0.19836920499801636,1.6031749248504639
282389,7.155555248260498,0.13432888686656952,1.5536587238311768
282399,7.558920383453369,0.13354341685771942,1.6304185390472412
282409,7.523953914642334,0.13719616830348969,1.7564884424209595
282419,8.052854537963867,0.03697888180613518,1.6676793098449707
282429,8.172920227050781,0.014340521767735481,1.7286733388900757
282439,8.73141860961914,-0.10715122520923615,1.6693646907806396
282449,9.150456428527832,-0.10682504624128342,1.7574331760406494
282459,9.471091270446777,-0.14489960670471191,1.7658302783966064
282469,9.674015998840332,-0.14649894833564758,1.8092100620269775
282479,9.803268432617188,-0.06643758714199066,1.9390301704406738
282489,10.256306648254395,-0.14427350461483002,1.8138399124145508
282499,9.781050682067871,-0.03719038516283035,1.971148133277893
282509,9.917444229125977,-0.037439633160829544,1.9743106365203857
282519,9.842955589294434,-0.04784633219242096,1.9720759391784668
282529,9.528722763061523,-0.06815201789140701,1.9588401317596436
282539,9.402151107788086,-0.01903930865228176,2.1035096645355225
282549,9.590933799743652,-0.06498280167579651,2.0853543281555176
282559,9.504648208618164,-0.09357916563749313,2.0966951847076416
282569,9.592013359069824,-0.05163724720478058,2.2230286598205566
282579,9.643125534057617,-0.0619969442486763,2.2799997329711914
282589,9.753130912780762,-0.02790338546037674,2.4872331619262695
282599,9.875584602355957,-0.16531060636043549,2.405893564224243
282609,9.887011528015137,-0.286703884601593,2.308056116104126
282619,9.056928634643555,-0.22800807654857635,2.5015385150909424
282629,8.868879318237305,-0.15841083228588104,2.751511573791504
282639,8.646209716796875,-0.2348904013633728,2.6677770614624023
282649,8.379233360290527,-0.32962700724601746,2.5562195777893066
282659,8.339280128479004,-0.30466940999031067,2.7375271320343018
282669,8.125871658325195,-0.3302978277206421,2.8114850521087646
282679,8.070789337158203,-0.5432428121566772,2.6390039920806885
282689,8.037291526794434,-0.6832321882247925,2.6313486099243164
282699,7.643257141113281,-0.6492106318473816,2.8415541648864746
282709,7.605405807495117,-0.8493084907531738,2.6951470375061035
282719,7.537883281707764,-0.9781771898269653,2.6983368396759033
282729,7.341085433959961,-1.0084903240203857,2.8129587173461914
282739,7.209331512451172,-1.1246532201766968,2.7472310066223145
282749,7.01278018951416,-1.1682087182998657,2.710989475250244
282759,6.830439567565918,-1.1815590858459473,2.6751461029052734
282769,6.662413120269775,-1.1918083429336548,2.6145007610321045
282779,6.565891742706299,-1.0675121545791626,2.776095390319824
282789,6.456412315368652,-1.121716856956482,2.7205755710601807
282799,6.328071117401123,-1.1980891227722168,2.6408779621124268
282809,6.145744800567627,-1.154006004333496,2.7370128631591797
282819,5.925536155700684,-1.3018336296081543,2.6381328105926514
282829,5.69767951965332,-1.3542683124542236,2.6589457988739014
282839,5.38573694229126,-1.3956464529037476,2.6510703563690186
282850,5.222507953643799,-1.4192845821380615,2.7114100456237793
282859,5.022702217102051,-1.4148578643798828,2.713963031768799
282869,4.918638706207275,-1.4680901765823364,2.681363821029663
282879,4.78615140914917,-1.4417974948883057,2.7282469272613525
282889,4.974177360534668,-1.4921863079071045,2.6811702251434326
282899,4.568854331970215,-1.5261534452438354,2.6157264709472656
282909,4.458913803100586,-1.598641037940979,2.624342203140259
282919,4.352109432220459,-1.74785315990448,2.5273454189300537
282929,4.377526760101318,-1.7698228359222412,2.6281545162200928
282939,4.132857799530029,-1.899010419845581,2.571110725402832
282949,3.9256041049957275,-1.955639123916626,2.5447843074798584
282959,3.629929780960083,-1.9825578927993774,2.491647243499756
282969,3.465222120285034,-1.9670644998550415,2.496877431869507
282979,3.084110736846924,-1.9192613363265991,2.467721700668335
282989,2.8504128456115723,-1.8478105068206787,2.456272602081299
282999,2.5610716342926025,-1.8359848260879517,2.407823324203491
283009,2.6624081134796143,-1.8355878591537476,2.443047046661377
283019,2.3387184143066406,-1.7718561887741089,2.385448455810547
283029,2.152431011199951,-1.7929083108901978,2.3427226543426514
283039,1.9219928979873657,-1.881030559539795,2.2947726249694824
283049,1.65018892288208,-1.8122894763946533,2.23767352104187
283059,1.286542534828186,-1.7026945352554321,2.1955957412719727
283069,1.125658392906189,-1.7182525396347046,2.190995693206787
283079,0.7068478465080261,-1.5427154302597046,2.097933053970337
283089,0.7195029854774475,-1.6023458242416382,2.0848138332366943
283099,0.5642618536949158,-1.4476656913757324,2.077828884124756
283109,0.3338821530342102,-1.4608299732208252,1.9830149412155151
283119,0.25203314423561096,-1.2692928314208984,1.9516963958740234
283129,-0.003488562535494566,-1.1826188564300537,1.9061757326126099
283139,-0.15024787187576294,-1.1060221195220947,1.8390904664993286
283149,-0.4565841853618622,-1.0126724243164062,1.777387261390686
283159,-0.5756702423095703,-0.8973720669746399,1.748462200164795
283169,-0.8295924067497253,-0.7413821816444397,1.6843392848968506
283179,-0.8828001022338867,-0.9497081637382507,1.7225443124771118
283189,-1.052173137664795,-0.6951870322227478,1.651282548904419
283199,-1.0761600732803345,-0.6793710589408875,1.657011866569519
283209,-1.0905416011810303,-0.5048362612724304,1.5935593843460083
283219,-1.085731863975525,-0.34552180767059326,1.5410586595535278
283229,-1.028809905052185,-0.26152631640434265,1.528057336807251
283239,-1.0822041034698486,-0.10739628970623016,1.4784438610076904
283249,-1.2460262775421143,-0.038388632237911224,1.4569472074508667
283259,-1.3792157173156738,-0.1345212310552597,1.5078214406967163
283269,-1.4579788446426392,0.02604675479233265,1.4316374063491821
283279,-1.5846983194351196,-0.09252185374498367,1.490127682685852
283289,-1.65126633644104,0.15771512687206268,1.4030390977859497
283299,-1.6538375616073608,0.2653219997882843,1.3484958410263062
283309,-1.6613019704818726,0.4357996881008148,1.286105990409851
283319,-1.5495936870574951,0.5870933532714844,1.251599669456482
283329,-1.614051103591919,0.7007026672363281,1.1958661079406738
283339,-1.549485445022583,0.6976001858711243,1.2036365270614624
283349,-1.436442494392395,0.6792809963226318,1.2181906700134277
283359,-1.41748046875,0.681567907333374,1.1725964546203613
283369,-1.351503849029541,0.6663583517074585,1.1510885953903198
283379,-1.516992211341858,0.6415337324142456,1.1658408641815186
283389,-1.4713006019592285,0.6502682566642761,1.0907235145568848
283399,-1.477942705154419,0.754639208316803,1.0068960189819336
283409,-1.3588265180587769,0.8103242516517639,0.9567110538482666
283419,-1.2638421058654785,0.8968614339828491,0.8936192989349365
283429,-1.3409640789031982,0.9154776334762573,0.9140698909759521
283439,-1.125360131263733,1.0610326528549194,0.8273410797119141
283449,-1.1934809684753418,0.9508165121078491,0.9187852740287781
283459,-1.064326524734497,0.8947343230247498,0.9229926466941833
283469,-1.0063992738723755,1.0428156852722168,0.8113729953765869
283479,-0.8788657784461975,1.0513933897018433,0.7778297066688538
283489,-0.821434497833252,1.0504460334777832,0.7526022791862488
283499,-0.6861505508422852,1.0047576427459717,0.7465397119522095
283509,-0.5390291213989258,1.0938588380813599,0.6681056618690491
283519,-0.5161432027816772,1.169108271598816,0.6084198951721191
283529,-0.7012121081352234,1.1579053401947021,0.6562526226043701
283539,-0.4774544835090637,1.1588910818099976,0.6155886054039001
283549,-0.38986825942993164,1.2261899709701538,0.5305147171020508
283559,-0.2772141396999359,1.271851897239685,0.47833994030952454
283569,-0.14334402978420258,1.2185888290405273,0.4812696576118469
283579,0.13672037422657013,1.1988974809646606,0.3792138993740082
283589,-0.16534745693206787,1.19220769405365,0.43510743975639343
283599,0.029270680621266365,1.2173972129821777,0.3923107385635376
283609,-0.004128601402044296,1.175886631011963,0.3832460343837738
283619,0.2706970274448395,1.2231940031051636,0.29719844460487366
283629,0.4920063018798828,1.1919325590133667,0.25197216868400574
283639,0.7404600381851196,1.0372220277786255,0.21733078360557556
283649,1.0580413341522217,0.42499470710754395,0.25801947712898254
283659,0.6196175813674927,-0.1743420958518982,0.3598962724208832
283669,0.8316475749015808,-1.7474085092544556,0.4475904107093811
283679,0.9405652284622192,-3.0845210552215576,0.36928361654281616
283689,1.0470185279846191,-5.212024211883545,0.4515227675437927
283699,1.1813266277313232,-6.619084358215332,0.37019655108451843
283709,1.4156265258789062,-8.611048698425293,0.47288602590560913
283719,1.5667952299118042,-9.63166618347168,0.4366273283958435
283729,1.700868844985962,-10.661177635192871,0.45379576086997986
283739,1.7918998003005981,-11.241680145263672,0.3721618056297302
283749,2.0062999725341797,-11.601255416870117,0.39945143461227417
283759,1.9153521060943604,-11.708001136779785,0.2991527318954468
283769,1.8292654752731323,-11.779212951660156,0.2217399924993515
283779,1.6506494283676147,-11.994211196899414,0.1478842794895172
283789,1.4232027530670166,-12.395864486694336,0.08990244567394257
283799,1.2044841051101685,-12.887301445007324,-0.0026262078899890184
283809,1.0844954252243042,-13.605120658874512,-0.012722097337245941
283819,0.9500952959060669,-14.323987007141113,-0.07773827761411667
283829,1.0372035503387451,-15.15701675415039,-0.03415834531188011
283839,0.9883937239646912,-15.426204681396484,-0.2286124974489212
283849,1.1875391006469727,-15.819762229919434,-0.17722898721694946
283860,1.311967134475708,-16.12078857421875,-0.28070613741874695
283869,1.3922115564346313,-16.088703155517578,-0.425955593585968
283879,1.47847580909729,-15.853995323181152,-0.5001892447471619
283889,1.6415642499923706,-16.161901473999023,-0.3906370997428894
283899,1.5285812616348267,-15.831537246704102,-0.596241295337677
283909,1.3670672178268433,-16.0194149017334,-0.8228314518928528
283919,1.314301609992981,-15.938218116760254,-0.8336917161941528
283929,1.3142362833023071,-15.693426132202148,-0.7658294439315796
283939,1.176148533821106,-15.572091102600098,-0.9119647741317749
283949,1.3068296909332275,-15.489419937133789,-0.706535279750824
283959,1.3477075099945068,-15.305546760559082,-0.7436891794204712
283969,1.4651809930801392,-15.008323669433594,-0.7228975296020508
283979,1.4243924617767334,-14.701510429382324,-0.9770491123199463
283989,1.6269383430480957,-13.79305362701416,-0.83162522315979
283999,1.708531379699707,-13.451913833618164,-0.8418760895729065
284009,1.6456772089004517,-12.594629287719727,-1.0186560153961182
284019,1.4484732151031494,-12.294005393981934,-1.403222680091858
284029,1.4817560911178589,-11.272679328918457,-1.2993346452713013
284039,1.4345601797103882,-10.941027641296387,-1.3233298063278198
284049,1.5130510330200195,-9.891519546508789,-1.1787948608398438
284059,1.487218976020813,-9.646149635314941,-1.254950761795044
284069,1.7611515522003174,-8.677618026733398,-0.8888005018234253
284079,1.895042896270752,-8.331145286560059,-0.823541522026062
284089,2.047320604324341,-7.475688457489014,-0.7251767516136169
284099,2.09421443939209,-7.05729866027832,-0.7639271020889282
284109,2.313843250274658,-6.006335258483887,-0.5172907114028931
284119,2.376528024673462,-5.0755615234375,-0.4153631329536438
284129,2.359895944595337,-4.636753082275391,-0.39336109161376953
284139,2.252922296524048,-3.663530111312866,-0.3864668607711792
284149,1.9439775943756104,-3.493286371231079,-0.5851178169250488
284159,1.848556399345398,-2.659623861312866,-0.5167096853256226
284169,1.7999037504196167,-2.7614872455596924,-0.4723079800605774
284179,1.7253576517105103,-2.3022866249084473,-0.46675625443458557
284189,1.772705078125,-2.110106945037842,-0.4438427984714508
284199,2.0340917110443115,-1.6272014379501343,-0.2875184118747711
284209,2.2402291297912598,-1.502756953239441,-0.26940760016441345
284219,2.4310574531555176,-0.46928977966308594,-0.16781365871429443
284229,2.5954697132110596,-0.277739554643631,-0.1281556636095047
284239,2.628903865814209,0.509169340133667,-0.10516120493412018
284249,2.5103759765625,0.6973105072975159,-0.133843332529068
284259,2.2447509765625,1.6812855005264282,-0.041183847934007645
284269,1.975449800491333,1.6541359424591064,-0.09397364407777786
284279,1.7039586305618286,2.294452428817749,-0.040821243077516556
284289,1.4165716171264648,2.2369515895843506,-0.015180165879428387
284299,1.3739948272705078,2.9861204624176025,-0.0021205225493758917
284309,1.3289786577224731,2.771545886993408,-0.033403363078832626
284319,1.404096007347107,3.127263307571411,-0.04044732078909874
284329,1.376771330833435,3.242746114730835,0.01992277428507805
284339,1.416152834892273,4.012925624847412,0.070160411298275
284349,1.4797890186309814,4.221745491027832,0.04253245145082474
284359,1.466399073600769,4.810639381408691,0.059279490262269974
284369,1.3798383474349976,4.8527631759643555,0.06196380779147148
284379,1.2378343343734741,5.657865524291992,0.10911411046981812
284389,1.1282613277435303,6.494268894195557,0.11331520974636078
284399,1.0109783411026,6.729891777038574,0.08915142714977264
284409,0.9253008365631104,7.276846408843994,0.050310783088207245
284419,0.8980211615562439,7.251237392425537,-0.007771237287670374
284429,0.9143093228340149,7.493295192718506,-0.10617347061634064
284439,1.0212516784667969,7.173445701599121,-0.2775561511516571
284449,0.9664018154144287,7.274968147277832,-0.23004700243473053
284459,1.0484198331832886,7.1674933433532715,-0.37436845898628235
284469,0.8938525319099426,7.355531215667725,-0.2523517906665802
284479,0.8995254039764404,7.166811466217041,-0.3693390488624573
284489,0.6114700436592102,7.5199713706970215,-0.1969871073961258
284499,0.6596372723579407,7.59353494644165,-0.4899168908596039
284509,0.34006184339523315,7.90494441986084,-0.3207080066204071
284519,0.42791521549224854,7.7742156982421875,-0.7208568453788757
284529,0.04086112603545189,8.07348918914795,-0.46483325958251953
284539,-0.020211858674883842,8.139557838439941,-0.6259844303131104
284549,0.1628771275281906,7.954232215881348,-1.1246517896652222
284559,0.05630415305495262,8.059722900390625,-1.1944310665130615
284569,-0.300995409488678,8.357917785644531,-0.884535014629364
284579,-0.2683742344379425,8.036449432373047,-1.107347846031189
284589,-0.6594057679176331,8.28918170928955,-0.8953611254692078
284599,-0.8245867490768433,8.043356895446777,-1.0312397480010986
284609,-1.367611050605774,8.343894958496094,-0.7502962946891785
284619,-1.8288202285766602,8.66685676574707,-0.6010313034057617
284629,-1.9285964965820312,8.562358856201172,-0.9081995487213135
284639,-2.3935739994049072,8.96030330657959,-0.7020453214645386
284649,-2.4728994369506836,9.006933212280273,-0.8969203233718872
284659,-2.767092704772949,9.024077415466309,-0.6677972674369812
284669,-2.977756977081299,9.043989181518555,-0.4816420078277588
284679,-3.0506246089935303,9.149372100830078,-0.509684145450592
284689,-2.907360076904297,9.168172836303711,-0.820864200592041
284699,-3.088141441345215,9.136698722839355,-0.6982452869415283
284709,-3.2512097358703613,8.994339942932129,-0.546904444694519
284719,-3.3934144973754883,8.914243698120117,-0.47570541501045227
284729,-3.6429741382598877,8.81422233581543,-0.32198187708854675
284739,-3.689462184906006,8.870431900024414,-0.47490692138671875
284749,-3.6713292598724365,8.991291046142578,-0.7032992839813232
284759,-3.80989933013916,9.068072319030762,-0.6405220031738281
284769,-3.8115079402923584,9.083370208740234,-0.6745626926422119
284779,-3.927609920501709,9.035531997680664,-0.5396021604537964
284789,-3.8662092685699463,8.871039390563965,-0.6022091507911682
284799,-3.5994842052459717,7.888097286224365,-0.6171244978904724
284809,-3.5315122604370117,7.502739429473877,-0.6754446625709534
284819,-3.485475540161133,7.205586910247803,-0.6897009015083313
284829,-3.3262975215911865,7.008062362670898,-0.8155703544616699
284839,-3.1762466430664062,6.970353126525879,-0.9789504408836365
284849,-3.0639729499816895,7.105322360992432,-1.1210308074951172
284859,-3.2344157695770264,7.148508548736572,-0.841059684753418
284869,-3.2229511737823486,7.336641311645508,-0.8856445550918579
284879,-3.3482704162597656,7.488830089569092,-0.7842807769775391
284889,-3.4249491691589355,7.5850605964660645,-0.7704493999481201
284899,-3.488816261291504,7.5742011070251465,-0.8109355568885803
284909,-3.4702210426330566,7.320206165313721,-0.8484489321708679
284919,-3.332751512527466,7.204730033874512,-1.0470393896102905
284929,-3.0890984535217285,6.7690911293029785,-1.1574596166610718
284939,-2.769613265991211,6.310779571533203,-1.2817775011062622
284949,-2.4267609119415283,6.124612808227539,-1.488283634185791
284959,-2.8679287433624268,5.8062028884887695,-0.8723483085632324
284969,-2.6565279960632324,5.6226725578308105,-0.9256698489189148
284979,-2.6160953044891357,5.615787029266357,-0.9712548851966858
284989,-2.666713237762451,5.599306583404541,-0.9887957572937012
284999,-2.7048635482788086,5.607607841491699,-1.0364999771118164
285009,-2.814493179321289,5.5789899826049805,-0.9701112508773804
285019,-2.820380210876465,5.531976222991943,-0.9485223889350891
285029,-2.7184700965881348,5.365481853485107,-0.948811411857605
285039,-2.3779351711273193,5.09287691116333,-1.0576345920562744
285049,-1.9888875484466553,4.737901210784912,-1.1255302429199219
285059,-2.381927967071533,4.841132640838623,-0.8842058777809143
285069,-2.1274189949035645,4.569045066833496,-0.9010910987854004
285079,-1.8861427307128906,4.346330642700195,-0.9220091104507446
285089,-1.786564588546753,3.965697765350342,-0.8621427416801453
285099,-1.78435480594635,3.829622745513916,-0.8195770382881165
285109,-2.06304669380188,4.114095211029053,-0.7504892349243164
285119,-1.8593767881393433,3.775994300842285,-0.7560858130455017
285129,-1.745388150215149,3.414353847503662,-0.7054243087768555
285139,-1.465097427368164,3.208550453186035,-0.7222874760627747
285149,-1.5934484004974365,3.1152408123016357,-0.653796374797821
285159,-1.0740233659744263,2.590576171875,-0.6718312501907349
285169,-0.6432814002037048,2.0587689876556396,-0.6579132676124573
285179,-0.3873632848262787,1.702796459197998,-0.6358869075775146
285189,-0.5334955453872681,1.75063955783844,-0.6275234222412109
285199,-0.18039020895957947,1.5088660717010498,-0.6439573168754578
285209,-0.06502704322338104,1.1572667360305786,-0.60549396276474
285219,0.002830905606970191,0.93489670753479,-0.5901713371276855
285229,0.27659520506858826,0.6453887224197388,-0.5702729821205139
285239,0.06711192429065704,0.7571216821670532,-0.5822290778160095
285249,0.2736966013908386,0.3936278223991394,-0.5566231608390808
285259,0.4342486560344696,0.15331682562828064,-0.5383886694908142
285270,0.7606096267700195,-0.17255644500255585,-0.47830909490585327
285279,0.7454349994659424,-0.28684645891189575,-0.5125612020492554
285289,0.8872601985931396,-0.4599628448486328,-0.5145907998085022
285299,1.0781455039978027,-0.7226523160934448,-0.4921905994415283
285309,1.43190336227417,-0.8417879939079285,-0.44064876437187195
285319,1.5159707069396973,-1.0724737644195557,-0.45573216676712036
285329,1.6132335662841797,-1.1816072463989258,-0.4336875081062317
285339,1.5865161418914795,-1.3457165956497192,-0.49232423305511475
285349,1.6548091173171997,-1.4188839197158813,-0.48664796352386475
285359,1.6153035163879395,-1.407598614692688,-0.5077835321426392
285369,1.70878267288208,-1.5230568647384644,-0.4916653633117676
285379,1.8194438219070435,-1.5445767641067505,-0.46465107798576355
285389,1.9523866176605225,-1.6294273138046265,-0.44972050189971924
285399,2.086580991744995,-1.816628336906433,-0.43901145458221436
285409,2.20831561088562,-1.944596529006958,-0.4249497652053833
285419,2.1375362873077393,-2.067455530166626,-0.49799877405166626
285429,1.823492169380188,-2.0875511169433594,-0.6603429913520813
285439,1.8985438346862793,-2.1081724166870117,-0.6096431612968445
285449,1.9533315896987915,-1.997571349143982,-0.5291146039962769
285459,1.895919919013977,-1.971598505973816,-0.5495261549949646
285469,1.8892991542816162,-1.9224761724472046,-0.5961349010467529
285479,2.04746150970459,-1.8931927680969238,-0.5428884029388428
285489,2.14058780670166,-1.8877053260803223,-0.5113328099250793
285499,2.221078872680664,-1.9338618516921997,-0.5202067494392395
285509,2.3296730518341064,-2.0106568336486816,-0.4963657259941101
285519,2.3744077682495117,-2.085190773010254,-0.47111615538597107
285529,2.345506191253662,-2.1412060260772705,-0.48794254660606384
285539,2.2399449348449707,-2.0856778621673584,-0.508557915687561
285549,2.0744378566741943,-1.9583425521850586,-0.5247873663902283
285559,1.861782431602478,-1.8420182466506958,-0.6016519069671631
285569,1.652689814567566,-1.7678030729293823,-0.6795946955680847
285579,1.4822416305541992,-1.5624569654464722,-0.700067937374115
285589,1.3826227188110352,-1.3910844326019287,-0.6865624785423279
285599,1.3914777040481567,-1.2107141017913818,-0.6570992469787598
285609,1.4617700576782227,-1.1824283599853516,-0.6526899933815002
285619,1.5694658756256104,-1.1479758024215698,-0.6276825666427612
285629,1.6693800687789917,-1.1865391731262207,-0.6255360245704651
285639,1.6134874820709229,-1.2651339769363403,-0.6921435594558716
285649,1.5312961339950562,-1.337071180343628,-0.7388740181922913
285659,1.348734736442566,-1.358420729637146,-0.802892804145813
285669,1.1214269399642944,-1.2996892929077148,-0.856116533279419
285679,0.8842166066169739,-1.2321603298187256,-0.905081570148468
285689,0.7153729796409607,-0.951242208480835,-0.9132762551307678
285699,0.740149974822998,-0.25966882705688477,-0.7916839718818665
285709,0.8575721383094788,0.24134781956672668,-0.7867024540901184
285719,1.0549033880233765,1.8806668519973755,-0.6806617975234985
285729,1.0215684175491333,3.118762493133545,-0.8506644368171692
285739,1.189056158065796,5.047151565551758,-0.81686931848526
285749,1.1924067735671997,6.691460132598877,-0.9047300219535828
285759,1.2884445190429688,8.404708862304688,-0.8967479467391968
285769,1.222045660018921,9.569722175598145,-0.9298868775367737
285779,1.031296968460083,10.52556324005127,-0.9364541172981262
285789,0.8038181662559509,11.138014793395996,-0.9226326942443848
285799,0.5985071659088135,11.360472679138184,-0.9266378283500671
285809,0.5052074790000916,11.472813606262207,-0.92518150806427
285819,0.5669888854026794,11.66283893585205,-0.9342393279075623
285829,0.7704138159751892,11.983860969543457,-0.9706888198852539
285839,0.9308429956436157,12.037169456481934,-1.0024901628494263
285849,1.2550618648529053,12.713025093078613,-1.061511516571045
285859,1.3376346826553345,13.31787395477295,-1.0111443996429443
285869,1.4103772640228271,14.120948791503906,-0.9928273558616638
285879,1.3080506324768066,14.614623069763184,-0.9641185998916626
285889,1.0332587957382202,15.233807563781738,-0.8473604321479797
285899,0.8233728408813477,15.704118728637695,-0.8469007611274719
285909,0.619263231754303,16.037761688232422,-0.8964980244636536
285919,0.42249274253845215,16.220643997192383,-0.8873506784439087
285929,0.28033939003944397,16.385801315307617,-0.8318288922309875
285939,0.30281317234039307,16.39909553527832,-0.8836455941200256
285949,0.44143056869506836,16.458484649658203,-0.9652199745178223
285959,0.6330785751342773,16.315105438232422,-1.0467619895935059
285969,0.7992753386497498,16.688396453857422,-1.0762501955032349
285979,0.87224942445755,16.623394012451172,-1.0592355728149414
285989,0.7802045941352844,16.464094161987305,-0.9272823333740234
285999,0.5338665843009949,16.323774337768555,-0.7034240365028381
286009,0.25169503688812256,16.46862030029297,-0.5295996069908142
286019,0.02961152046918869,16.05523681640625,-0.509202778339386
286029,-0.29309722781181335,15.958925247192383,-0.3020705282688141
286039,-0.47475704550743103,15.300034523010254,-0.21027250587940216
286049,-0.31779369711875916,15.080240249633789,-0.46131202578544617
286059,-0.10047347098588943,14.51663589477539,-0.6662098169326782
286069,0.22065535187721252,14.241750717163086,-0.8934075236320496
286079,0.4590977132320404,13.271293640136719,-0.9550557732582092
286089,0.735419511795044,12.676435470581055,-1.1177399158477783
286099,0.6648148894309998,12.443950653076172,-0.9301657676696777
286109,0.5351493954658508,11.498967170715332,-0.8310875296592712
286119,0.14775577187538147,11.30400562286377,-0.5575024485588074
286129,-0.19980379939079285,10.696769714355469,-0.489568293094635
286139,-0.41890645027160645,10.464702606201172,-0.6414428949356079
286149,-0.8907931447029114,9.418177604675293,-0.42191722989082336
286159,-0.9741729497909546,9.216812133789062,-0.6296727657318115
286169,-1.1863341331481934,8.119131088256836,-0.4990326464176178
286179,-1.2193752527236938,8.100581169128418,-0.4801492393016815
286189,-1.0928881168365479,6.998458385467529,-0.5272937417030334
286199,-1.0057241916656494,6.446689128875732,-0.5495103597640991
286209,-0.9610925912857056,5.173335552215576,-0.44756150245666504
286219,-0.9079329371452332,4.031744003295898,-0.410705029964447
286229,-1.00365149974823,3.946303367614746,-0.40582284331321716
286239,-1.1719918251037598,2.8440239429473877,-0.25192734599113464
286249,-1.2241560220718384,2.6561756134033203,-0.2885328531265259
286259,-1.3040707111358643,1.9786674976348877,-0.2528776228427887
286269,-1.321424126625061,2.030799627304077,-0.3264065086841583
286279,-1.4560798406600952,1.4592341184616089,-0.26219722628593445
286289,-1.4859269857406616,1.4539843797683716,-0.30203160643577576
286299,-1.5704731941223145,0.5422894954681396,-0.20020022988319397
286309,-1.5976412296295166,0.6636882424354553,-0.2835893929004669
286319,-1.6314023733139038,-0.40869849920272827,-0.18408867716789246
286329,-1.6649682521820068,-0.8191556930541992,-0.19846579432487488
286339,-1.6788408756256104,-1.975532054901123,-0.06178140640258789
286349,-1.774892807006836,-1.9199891090393066,-0.17173857986927032
286359,-1.9171772003173828,-2.4852957725524902,-0.15694238245487213
286369,-1.972779393196106,-2.774770498275757,-0.1257145255804062
286379,-2.098799228668213,-3.0373306274414062,-0.15411239862442017
286389,-2.1384451389312744,-2.8150534629821777,-0.20956586301326752
286399,-2.1540703773498535,-3.4401566982269287,-0.0807996392250061
286409,-2.187699556350708,-3.311413049697876,-0.14844132959842682
286419,-2.305281639099121,-3.9867453575134277,-0.10825295746326447
286429,-2.44075345993042,-4.174271106719971,-0.19744490087032318
286439,-2.4889965057373047,-4.995764255523682,-0.10871335119009018
286449,-2.5957741737365723,-5.3338212966918945,-0.18236827850341797
286459,-2.4665520191192627,-6.277340412139893,0.06845730543136597
286469,-2.4563684463500977,-6.892943382263184,0.10136494785547256
286479,-2.639855146408081,-6.829331874847412,-0.1989048272371292
286489,-2.5288844108581543,-7.344015598297119,-0.06484148651361465
286499,-2.5855515003204346,-7.256239891052246,-0.2217164933681488
286509,-2.470162868499756,-7.587896823883057,-0.06423621624708176
286519,-2.4863462448120117,-7.530433177947998,-0.12909847497940063
286529,-2.5197062492370605,-7.766811847686768,-0.12288084626197815
286539,-2.788553237915039,-7.667145729064941,-0.4919763207435608
286549,-2.6862905025482178,-7.942750453948975,-0.34554508328437805
286559,-2.6900033950805664,-7.962893486022949,-0.4366160035133362
286569,-2.7429113388061523,-8.344144821166992,-0.5589470863342285
286579,-2.5462570190429688,-8.295543670654297,-0.5354003310203552
286589,-2.34785795211792,-8.73068618774414,-0.4429709315299988
286599,-2.182054042816162,-8.979744911193848,-0.4867386817932129
286609,-1.8975509405136108,-9.367375373840332,-0.35394349694252014
286619,-1.9712202548980713,-9.024374008178711,-0.8549508452415466
286629,-1.7242411375045776,-9.459859848022461,-0.7371975779533386
286639,-1.5458537340164185,-9.656449317932129,-0.6877678632736206
286649,-1.5526520013809204,-9.664445877075195,-0.8802303671836853
286659,-1.3693901300430298,-9.661985397338867,-0.8272610306739807
286669,-1.2961822748184204,-9.769745826721191,-0.9218923449516296
286679,-0.7479486465454102,-10.137730598449707,-0.3481319546699524
286689,-0.6403161287307739,-9.796065330505371,-0.5726216435432434
286699,-0.36235350370407104,-10.088011741638184,-0.5349936485290527
286709,-0.2389097362756729,-9.824685096740723,-0.8334268927574158
286719,0.21695271134376526,-10.179975509643555,-0.5786992311477661
286729,0.29528769850730896,-10.21599006652832,-0.8582170605659485
286739,0.417794793844223,-10.250314712524414,-1.0245944261550903
286749,0.7331423163414001,-10.29529094696045,-0.8670161962509155
286759,1.0178827047348022,-10.636893272399902,-0.6819042563438416
286769,1.1517454385757446,-10.3699312210083,-0.7275647521018982
286779,1.5801218748092651,-10.48349380493164,-0.4085635244846344
286789,1.8695509433746338,-10.60002613067627,-0.3334047198295593
286799,1.9203609228134155,-10.596491813659668,-0.623791515827179
286809,2.270930767059326,-10.623172760009766,-0.4893582761287689
286819,2.555987596511841,-10.692527770996094,-0.4133298993110657
286829,2.8518409729003906,-10.574612617492676,-0.25211969017982483
286839,2.601350784301758,-10.450651168823242,-0.7800360918045044
286849,2.8099822998046875,-10.385712623596191,-0.6727473139762878
286859,2.851898193359375,-10.318829536437988,-0.7495800256729126
286869,3.24014949798584,-10.169602394104004,-0.3754168748855591
286879,3.0169899463653564,-9.93691635131836,-0.8363340497016907
286889,3.3997561931610107,-9.730798721313477,-0.5373780727386475
286899,3.535965919494629,-9.590970993041992,-0.5797680616378784
286909,3.905116558074951,-9.428877830505371,-0.32254379987716675
286919,4.316412925720215,-9.196202278137207,-0.006653935182839632
286929,4.042777061462402,-9.000260353088379,-0.4985849857330322
286939,4.232623100280762,-8.753238677978516,-0.38296133279800415
286949,4.092905044555664,-8.56469440460205,-0.5968005657196045
286959,4.210425853729248,-8.325122833251953,-0.42520207166671753
286969,4.239835262298584,-8.120933532714844,-0.3715914785861969
286979,4.308297157287598,-7.74390172958374,-0.24138440191745758
286989,4.419342994689941,-7.656937122344971,-0.21303875744342804
287000,4.636926651000977,-7.260610103607178,-0.006673269439488649
287009,4.6780219078063965,-7.244123935699463,-0.13854900002479553
287019,4.762738227844238,-7.008683204650879,-0.11411220580339432
287030,4.838565826416016,-6.855016708374023,-0.10717544704675674
287039,4.731157302856445,-6.470274925231934,-0.11217518895864487
287049,4.615373611450195,-6.312427520751953,-0.1708337962627411
287060,4.4950761795043945,-5.9481987953186035,-0.10944756120443344
287069,4.266590595245361,-5.83002233505249,-0.24983784556388855
287079,4.143546104431152,-5.319316387176514,-0.11445464938879013
287089,3.9947562217712402,-5.047117710113525,-0.1265859305858612
287099,3.898507833480835,-4.575225353240967,-0.04569553956389427
287109,3.851184368133545,-4.625258922576904,-0.18288186192512512
287119,3.8359858989715576,-4.19258975982666,-0.08695913106203079
287130,3.826019525527954,-4.031347274780273,-0.10995153337717056
287139,3.799001693725586,-3.6995537281036377,-0.021627118811011314
287149,3.7459371089935303,-3.3705477714538574,0.059113264083862305
287160,3.7227368354797363,-3.1652140617370605,0.0974133163690567
287169,3.579688310623169,-3.1447157859802246,0.01210982259362936
287179,3.5235843658447266,-2.9536640644073486,0.037865981459617615
287189,3.3419687747955322,-2.6149532794952393,0.08030343055725098
287199,3.2153449058532715,-2.2834274768829346,0.15908558666706085
287209,3.0878636837005615,-2.016336679458618,0.21586647629737854
287219,2.981414556503296,-1.9483495950698853,0.17857564985752106
287229,2.8970253467559814,-1.6056437492370605,0.25394338369369507
287239,2.7563414573669434,-1.530393362045288,0.23152191936969757
287250,2.689466953277588,-1.1175894737243652,0.3453669846057892
287259,2.688312530517578,-1.3261868953704834,0.24566081166267395
287269,2.502737522125244,-1.0278308391571045,0.3377739191055298
287280,2.4144504070281982,-0.8727415800094604,0.3733656406402588
287289,2.27826189994812,-0.6177703738212585,0.41967788338661194
287299,1.9545358419418335,-0.3272068202495575,0.49455732107162476
287309,1.741981029510498,-0.1097690612077713,0.5280472040176392
287319,1.6656310558319092,-0.1303490847349167,0.44851431250572205
287329,1.2906683683395386,0.1734210103750229,0.5231195092201233
287339,1.1069419384002686,0.34604790806770325,0.5528160333633423
287349,1.0290895700454712,0.4711802005767822,0.5417590737342834
287359,0.9366644620895386,0.6406955122947693,0.56142657995224
287369,0.9437589049339294,0.7065653800964355,0.5438438057899475
287379,0.7890392541885376,0.7594877481460571,0.5636630654335022
287389,0.5798563361167908,0.8885879516601562,0.6093331575393677
287399,0.3186759948730469,1.084144949913025,0.6766839623451233
287409,0.13844522833824158,1.2216476202011108,0.6793864965438843
287419,0.1444825530052185,1.3586399555206299,0.6117274761199951
287429,-0.2509467899799347,1.480191707611084,0.717484176158905
287439,-0.3891949951648712,1.5594388246536255,0.7019582390785217
287449,-0.6478663086891174,1.734566569328308,0.7668535709381104
287459,-0.6197590827941895,1.6247813701629639,0.6827898621559143
287469,-1.0339622497558594,1.6996774673461914,0.8064463138580322
287479,-1.2152119874954224,1.666438102722168,0.8300201296806335
287489,-1.4699602127075195,1.706301212310791,0.8828572630882263
287499,-1.6120668649673462,1.7488590478897095,0.8765564560890198
287509,-1.8366161584854126,1.720751166343689,0.9233620166778564
287519,-2.2177793979644775,1.724289059638977,1.0811161994934082
287529,-1.7989195585250854,1.666181206703186,0.8194109797477722
287539,-1.8636436462402344,1.6481561660766602,0.8225650787353516
287549,-1.875595211982727,1.5292710065841675,0.8548837900161743
287559,-1.975825548171997,1.4465627670288086,0.9293978810310364
287569,-1.9689065217971802,1.4215035438537598,0.9003034234046936
287579,-2.0445587635040283,1.3362561464309692,0.9041973352432251
287589,-2.3018763065338135,1.2776157855987549,0.9986034035682678
287599,-2.50628399848938,1.317653775215149,1.0287957191467285
287609,-2.5989131927490234,1.2737770080566406,1.0219156742095947
287619,-2.681215524673462,1.2294678688049316,1.0302814245224
287629,-2.3657870292663574,1.1747322082519531,0.8464967012405396
287639,-2.3441596031188965,1.0716544389724731,0.8753130435943604
287649,-2.2966535091400146,1.0248466730117798,0.8893366456031799
287659,-2.2841742038726807,0.8770639300346375,0.9287738800048828
287669,-2.2608835697174072,0.7923951148986816,0.927781879901886
287679,-2.388810873031616,0.695313572883606,0.9864181876182556
287689,-2.428260087966919,0.5476671457290649,0.9870844483375549
287699,-2.6256935596466064,0.5154874324798584,1.0301967859268188
287709,-2.7199034690856934,0.5289371013641357,1.0222218036651611
287719,-2.749471426010132,0.5046569108963013,1.0128995180130005
287729,-2.7753944396972656,0.4869002401828766,1.0350390672683716
287739,-2.726444721221924,0.5143669247627258,1.0191847085952759
287749,-2.693455934524536,0.42551878094673157,1.0541584491729736
287759,-2.542093276977539,0.28921642899513245,1.0651862621307373
287769,-2.3910837173461914,0.1733626425266266,1.0615047216415405
287779,-2.2754967212677,0.026843838393688202,1.079319715499878
287789,-1.7014172077178955,-0.18599161505699158,1.0601805448532104
287799,-0.9123756289482117,-0.28795379400253296,1.1020680665969849
287809,0.1998591125011444,-0.12916360795497894,1.1154980659484863
287819,2.0542185306549072,-0.22548046708106995,1.1080033779144287
287829,4.321146488189697,-0.24947819113731384,1.0401997566223145
287839,6.048449993133545,-0.37379172444343567,1.1925008296966553
287849,8.154536247253418,-0.5429164171218872,1.1858935356140137
287859,9.16089916229248,-0.6458845734596252,1.3946869373321533
287869,10.27773666381836,-0.7394866943359375,1.4410314559936523
287879,10.777973175048828,-0.8417776823043823,1.5127472877502441
287889,11.122053146362305,-0.8498110771179199,1.5251245498657227
287899,11.20580768585205,-0.7450854182243347,1.5531303882598877
287909,11.199333190917969,-0.5598846077919006,1.5814731121063232
287919,11.391597747802734,-0.3450796604156494,1.5851569175720215
287929,11.785754203796387,-0.16094718873500824,1.571183443069458
287939,12.335521697998047,-0.21421509981155396,1.4769889116287231
287949,12.937482833862305,-0.25661158561706543,1.4565149545669556
287959,13.631855964660645,-0.34679746627807617,1.474058747291565
287969,14.425305366516113,-0.5973675847053528,1.4412857294082642
287979,15.013086318969727,-0.7095384001731873,1.5305699110031128
287989,15.572444915771484,-0.8534647226333618,1.5656366348266602
287999,15.932363510131836,-0.88981693983078,1.6333837509155273
288009,16.325525283813477,-0.8797928690910339,1.6307258605957031
288019,16.272741317749023,-0.7418192028999329,1.675197958946228
288029,16.235763549804688,-0.766207754611969,1.4966354370117188
288039,16.135995864868164,-0.5330609679222107,1.5301804542541504
288049,16.31271743774414,-0.35193878412246704,1.5223227739334106
288059,16.20863151550293,-0.25871506333351135,1.501122236251831
288069,16.688278198242188,-0.28670060634613037,1.3802520036697388
288079,16.54657554626465,-0.4246365427970886,1.2892645597457886
288089,16.538314819335938,-0.6110162138938904,1.2054072618484497
288099,16.3007869720459,-0.8355907201766968,1.1015232801437378
288109,16.094215393066406,-0.8973021507263184,1.2181057929992676
288119,15.57009506225586,-0.9469823837280273,1.3186583518981934
288129,15.283414840698242,-0.9563639163970947,1.3356395959854126
288139,14.576845169067383,-0.8562300801277161,1.3947466611862183
288149,14.282073020935059,-0.6961424946784973,1.423460841178894
288159,13.398006439208984,-0.5243959426879883,1.4633128643035889
288169,13.480803489685059,-0.4717688262462616,1.3413318395614624
288179,13.390390396118164,-0.43636980652809143,1.2875999212265015
288189,12.541218757629395,-0.5094826221466064,1.2233262062072754
288199,12.486191749572754,-0.5764784216880798,1.2172520160675049
288209,11.743260383605957,-0.7696576714515686,1.1359282732009888
288219,11.362467765808105,-0.8933259844779968,1.1528376340866089
288229,10.076967239379883,-0.9641357064247131,1.2304104566574097
288239,9.821626663208008,-0.9868218302726746,1.2440671920776367
288249,8.316638946533203,-0.9085090160369873,1.3049036264419556
288259,7.946165561676025,-0.8191499710083008,1.2944591045379639
288269,6.58473539352417,-0.6204195618629456,1.3683887720108032
288279,6.785079479217529,-0.5079625844955444,1.3441637754440308
288289,5.766694068908691,-0.39623570442199707,1.3668831586837769
288299,4.765270233154297,-0.4582141041755676,1.292467713356018
288309,5.117652416229248,-0.46386054158210754,1.3013131618499756
288319,4.082178115844727,-0.6144428253173828,1.2737104892730713
288329,3.9398906230926514,-0.7781230211257935,1.2355542182922363
288339,2.827252149581909,-0.8466064929962158,1.2696685791015625
288349,2.5259158611297607,-0.9158161282539368,1.2707905769348145
288359,1.0941756963729858,-0.81510990858078,1.3241124153137207
288369,1.004409909248352,-0.7772961258888245,1.304640769958496
288379,-0.1553802788257599,-0.6415229439735413,1.3030109405517578
288389,-0.6260951161384583,-0.66231369972229,1.265954852104187
288399,-1.457188367843628,-0.5724843144416809,1.261004090309143
288409,-1.6331284046173096,-0.5364584922790527,1.2514092922210693
288419,-2.4229936599731445,-0.5514997243881226,1.2377780675888062
288429,-2.5196032524108887,-0.6745665669441223,1.2415066957473755
288439,-3.2186198234558105,-0.7376571893692017,1.2456839084625244
288449,-3.8254308700561523,-0.8039394021034241,1.2482361793518066
288459,-3.9311022758483887,-0.8990543484687805,1.2605633735656738
288469,-4.688639163970947,-0.757133424282074,1.1978992223739624
288479,-4.350210189819336,-0.7156049609184265,1.2076410055160522
288489,-4.868981838226318,-0.6940702199935913,1.2490487098693848
288499,-4.830754280090332,-0.5760676264762878,1.256827473640442
288509,-5.450154781341553,-0.5560328364372253,1.2969155311584473
288519,-5.460961818695068,-0.5125792622566223,1.3074543476104736
288529,-5.982165336608887,-0.5725380182266235,1.361290454864502
288539,-6.06535530090332,-0.4810400605201721,1.293271541595459
288549,-6.947238922119141,-0.4648520350456238,1.2745110988616943
288559,-6.968329906463623,-0.4143248498439789,1.248794436454773
288569,-7.821028709411621,-0.3269646465778351,1.212789535522461
288579,-8.437623977661133,-0.13482771813869476,1.1009578704833984
288589,-8.469807624816895,-0.18124507367610931,1.2103114128112793
288599,-9.082895278930664,-0.07107864320278168,1.191129446029663
288609,-8.962542533874512,0.09259500354528427,1.1008886098861694
288619,-9.387565612792969,0.21030673384666443,1.0405378341674805
288629,-9.341793060302734,0.11372985690832138,1.1528704166412354
288639,-9.675444602966309,0.11885306239128113,1.1318267583847046
288649,-9.691000938415527,-0.02960752137005329,1.2435699701309204
288659,-10.174629211425781,-0.0020923702977597713,1.1776375770568848
288669,-10.191855430603027,-0.015831463038921356,1.1472468376159668
288679,-10.766467094421387,0.09057106077671051,1.0478812456130981
288689,-10.995790481567383,0.1760650873184204,1.0006030797958374
288699,-11.067469596862793,0.24419650435447693,1.0203981399536133
288709,-11.208580017089844,0.32847049832344055,1.0700241327285767
288719,-11.50948429107666,0.5348216891288757,0.9684027433395386
288729,-11.390935897827148,0.6717478632926941,0.8712337017059326
288739,-11.280713081359863,0.7319433689117432,0.8110092282295227
288749,-11.471382141113281,0.5518523454666138,1.0197268724441528
288759,-11.15845012664795,0.48549968004226685,0.9785733222961426
288769,-11.261740684509277,0.4169778525829315,0.9551491737365723
288779,-11.203014373779297,0.38891759514808655,0.8776963949203491
288789,-11.331297874450684,0.3312664330005646,0.9123802185058594
288799,-11.161537170410156,0.4354575276374817,0.7752266526222229
288809,-11.106022834777832,0.5329791903495789,0.7101976275444031
288819,-11.06580638885498,0.663079023361206,0.6880531311035156
288829,-10.987715721130371,0.7625102400779724,0.678966760635376
288839,-10.933380126953125,0.7598451375961304,0.7776472568511963
288849,-10.823433876037598,0.8878344893455505,0.6945649981498718
288859,-10.587806701660156,0.7902716398239136,0.826213538646698
288869,-10.431015014648438,0.7903851866722107,0.7884039878845215
288879,-10.251036643981934,0.7615697383880615,0.7351025938987732
288889,-9.924992561340332,0.7377049922943115,0.6573218703269958
288899,-9.796229362487793,0.7282811999320984,0.6000475287437439
288909,-9.506281852722168,0.6131919026374817,0.6736836433410645
288919,-9.276886940002441,0.7296212911605835,0.5408938527107239
288929,-9.24087142944336,0.8332721590995789,0.5198149085044861
288939,-8.976385116577148,0.9531402587890625,0.47392967343330383
288949,-8.712868690490723,1.1201798915863037,0.3665609061717987
288959,-8.497499465942383,1.0762128829956055,0.46221449971199036
288969,-8.316753387451172,1.1192725896835327,0.4386190176010132
288979,-8.041656494140625,1.1003010272979736,0.4060428738594055
288989,-7.875557899475098,0.8208900690078735,0.6252447962760925
288999,-7.529035568237305,0.7724572420120239,0.5648550391197205
289009,-7.289668560028076,0.7331750988960266,0.541330873966217
289019,-6.872924327850342,0.7433518767356873,0.4508838653564453
289029,-6.690986633300781,0.8423272967338562,0.37422066926956177
289039,-6.400978088378906,0.8441627025604248,0.4357585608959198
289049,-5.989425182342529,1.020206093788147,0.33764562010765076
289059,-5.691638469696045,1.123194932937622,0.3249913454055786
289069,-5.276039123535156,1.260623812675476,0.27108287811279297
289079,-5.143517971038818,1.1203606128692627,0.43049052357673645
289089,-4.921994209289551,1.203101634979248,0.3728647828102112
289099,-4.703526973724365,1.2140226364135742,0.3437759280204773
289109,-4.255059719085693,1.1266733407974243,0.3112201392650604
289119,-3.9951140880584717,1.064956545829773,0.3045705258846283
289129,-3.6213200092315674,1.014506459236145,0.27970582246780396
289139,-3.439746141433716,0.9876505136489868,0.2779507339000702
289149,-3.01871657371521,1.0032696723937988,0.2549617290496826
289159,-2.571572780609131,1.0870310068130493,0.18934449553489685
289169,-2.303697109222412,1.0288275480270386,0.19960440695285797
289179,-2.2675185203552246,1.0427767038345337,0.2187654823064804
289189,-1.8421006202697754,1.033266544342041,0.17642773687839508
289199,-1.6264759302139282,0.9227619171142578,0.18951521813869476
289209,-1.3469206094741821,0.8688514828681946,0.17375396192073822
289219,-1.383263349533081,0.8837693333625793,0.19334545731544495
289229,-1.0259816646575928,0.8405305743217468,0.1616774946451187
289239,-0.7955615520477295,0.8227008581161499,0.15698158740997314
289249,-0.2536470293998718,0.8239706754684448,0.10672005265951157
289259,-0.0032093804329633713,0.8450754880905151,0.1132986769080162
289269,0.07568338513374329,0.9391843676567078,0.13226565718650818
289279,0.3154095411300659,0.9449321627616882,0.11282415688037872
289289,0.4057003855705261,0.928730845451355,0.11381558328866959
289299,0.6592766046524048,0.9084272980690002,0.08460735529661179
289309,0.923184871673584,0.8635098934173584,0.04069918021559715
289319,1.1134533882141113,0.8638556003570557,0.028796086087822914
289329,1.2445061206817627,0.8620473146438599,0.012019302695989609
289339,1.0813381671905518,0.7716563940048218,0.011664739809930325
289349,1.2682220935821533,0.6484200954437256,-0.0334322527050972
289359,1.3135079145431519,0.6575723886489868,-0.013109824620187283
289369,1.5737237930297852,0.5181817412376404,-0.05667658522725105
289379,1.7139109373092651,0.5583357810974121,-0.04412605240941048
289389,1.9649063348770142,0.4697544574737549,-0.08126427978277206
289399,2.162907838821411,0.4475157856941223,-0.08860238641500473
289409,2.297743797302246,0.4103711247444153,-0.10240617394447327
289419,2.2918901443481445,0.29569748044013977,-0.1352173238992691
289429,2.3396072387695312,0.19587799906730652,-0.1750706285238266
289439,2.093125343322754,0.32840225100517273,-0.11240057647228241
289449,2.01865291595459,0.24828536808490753,-0.149712935090065
289459,1.9355918169021606,0.3241605758666992,-0.12136809527873993
289469,1.9000099897384644,0.24781957268714905,-0.17079153656959534
289479,1.9293272495269775,0.29704776406288147,-0.14076931774616241
289489,2.021575450897217,0.23392777144908905,-0.16633477807044983
289499,2.154099702835083,0.07082320749759674,-0.24010130763053894
289509,2.2200236320495605,-0.0634383037686348,-0.2808603346347809
289519,2.3356595039367676,-0.21782690286636353,-0.30615684390068054
289529,2.3836116790771484,-0.4090496599674225,-0.35208216309547424
289539,2.3390345573425293,-0.4981830418109894,-0.35815420746803284
289549,2.299339532852173,-0.46436208486557007,-0.3113012909889221
289559,2.2603647708892822,-0.5220754742622375,-0.3345179557800293
289569,2.036085367202759,-0.5346851944923401,-0.3644357919692993
289579,1.947682499885559,-0.4135315418243408,-0.3299404978752136
289589,1.7966150045394897,-0.16711413860321045,-0.215883269906044
289599,1.5884592533111572,-0.21690663695335388,-0.28650522232055664
289609,1.632515788078308,-0.15824969112873077,-0.271757036447525
289619,1.552984356880188,-0.2505550682544708,-0.32211220264434814
289629,1.4235409498214722,-0.30628788471221924,-0.32684260606765747
289639,1.433597207069397,-0.44626978039741516,-0.33940351009368896
289649,1.36053466796875,-0.5492432117462158,-0.34036415815353394
289659,1.2781920433044434,-0.5938102006912231,-0.32438895106315613
289669,1.2410036325454712,-0.7049767374992371,-0.32464054226875305
289679,1.0970237255096436,-0.8482074737548828,-0.370311439037323
289689,0.9638785123825073,-0.8834025859832764,-0.3777705430984497
289699,0.8971900939941406,-0.88216233253479,-0.3637390434741974
289709,0.9599128365516663,-0.9361341595649719,-0.37346500158309937
289719,0.8064587712287903,-0.8639504313468933,-0.36086907982826233
289729,0.6557114124298096,-0.7719596028327942,-0.3358626961708069
289739,0.4817468822002411,-0.7839891314506531,-0.3674279749393463
289749,0.429343581199646,-0.8314694762229919,-0.3934377133846283
289759,0.2922050952911377,-0.9131290316581726,-0.4269952178001404
289769,0.017227202653884888,-0.9394385814666748,-0.4439907670021057
289779,-0.09663816541433334,-0.9507516026496887,-0.4272403120994568
289789,-0.17344485223293304,-1.010556697845459,-0.43522942066192627
289799,-0.05725518986582756,-1.0465092658996582,-0.41593143343925476
289809,-0.14470280706882477,-1.0514864921569824,-0.42865681648254395
289819,-0.24279695749282837,-1.043197751045227,-0.4380454123020172
289829,-0.2815502882003784,-1.0242013931274414,-0.4303261339664459
289839,-0.41686829924583435,-0.9971926212310791,-0.4316673278808594
289849,-0.6413059830665588,-0.9689681529998779,-0.4551033675670624
289859,-0.7443758249282837,-0.8803567886352539,-0.4313608705997467
289869,-0.9218006730079651,-0.8572255373001099,-0.43480396270751953
289879,-0.709632158279419,-0.8295669555664062,-0.40207305550575256
289889,-0.8155097365379333,-0.8090786933898926,-0.40018975734710693
289899,-0.8769794702529907,-0.8103740215301514,-0.39957693219184875
289909,-1.0041158199310303,-0.8206479549407959,-0.4115127623081207
