time,x_accel,y_accel,z_accel
279522,-0.0020289404783397913,-0.002119431970641017,0.9844149351119995
279532,-0.0029944872949272394,0.012384823523461819,0.9887682795524597
279542,-0.004384217783808708,-0.0036796301137655973,0.9915379881858826
279552,0.002811647253111005,-0.004286961629986763,0.9868206977844238
279562,-0.00888372864574194,0.008527741767466068,0.9832624793052673
279572,0.008453496731817722,0.012495853938162327,0.9943997263908386
279582,0.001789186499081552,0.018749525770545006,1.0072236061096191
279592,-0.004958149511367083,3.498040678096004e-05,0.9878638982772827
279602,-0.020379461348056793,0.0067346906289458275,0.9968869686126709
279612,0.04674718156456947,0.016432367265224457,0.8915571570396423
279622,0.020848793908953667,0.01404653675854206,1.09105384349823
279632,-0.023217730224132538,-0.0038528142031282187,1.1462734937667847
279642,0.042968884110450745,-0.005455776117742062,1.2231000661849976
279652,-0.048949096351861954,0.005857362411916256,1.2833914756774902
279662,-0.03579689562320709,0.00589619018137455,1.3738114833831787
279672,-0.02983522042632103,0.013817688450217247,1.3892802000045776
279682,-0.024692680686712265,0.07722215354442596,1.4485498666763306
279692,-0.03749587759375572,0.012232894077897072,1.4748828411102295
279702,-0.04024652764201164,-0.008829982951283455,1.4572170972824097
279712,-0.039006613194942474,-0.0023619411513209343,1.4390928745269775
279722,-0.0364338718354702,0.00952313281595707,1.4299144744873047
279732,-0.027085693553090096,0.0003848635242320597,1.3847733736038208
279742,0.014558658935129642,0.03588913381099701,1.4080220460891724
279752,-0.0002466162550263107,0.009229684248566628,1.34052574634552
279762,0.0509304516017437,0.10958981513977051,1.2898491621017456
279772,-0.035482991486787796,0.021255800500512123,1.2658461332321167
279782,-0.024806957691907883,-0.006697528995573521,1.2220368385314941
279792,-0.012930958531796932,0.011502189561724663,1.122025728225708
279802,-0.026005735620856285,-0.0011179090943187475,1.184512972831726
279812,-0.06734471023082733,-0.00034466449869796634,1.1507147550582886
279822,-0.04780520871281624,0.012511163018643856,1.0324132442474365
279832,0.023940715938806534,0.010874857194721699,0.9998551607131958
279842,-0.07276977598667145,-0.026506157591938972,1.0476913452148438
279852,-0.02695542201399803,0.01480901800096035,0.9737385511398315
279862,-0.014919763430953026,0.015141135081648827,0.8904176950454712
279872,-0.061500366777181625,-0.011702533811330795,0.9750997424125671
279882,0.0029400980565696955,-0.03390154615044594,1.0595169067382812
279892,-0.050993043929338455,0.025226928293704987,0.8805617690086365
279902,-0.005096810404211283,0.027862923219799995,0.9256186485290527
279912,-0.00036862469278275967,-0.005059745162725449,1.0100516080856323
279922,-0.11800535768270493,0.02129269950091839,0.8809850811958313
279932,0.0200713612139225,0.008303428068757057,0.9252957701683044
279942,-0.027265110984444618,0.007722082547843456,0.8944783210754395
279952,-0.01656036451458931,-0.00485802348703146,0.9338902235031128
279962,-0.014188178814947605,0.009214876219630241,0.8883721828460693
279972,0.02424541302025318,-0.012650259770452976,0.9910387992858887
279982,-0.03247246518731117,-0.04872346296906471,0.9126237630844116
279992,-0.03091755509376526,-0.009355969727039337,0.9456170201301575
280002,-0.04087642952799797,-0.0025693306233733892,0.8889675140380859
280012,-0.07484866678714752,-0.0332675538957119,1.0233300924301147
280022,-0.013961915858089924,-0.011793830431997776,1.0265039205551147
280032,-0.022692115977406502,-0.021432897076010704,1.0721266269683838
280042,0.007842333987355232,0.03400488197803497,0.9421235918998718
280052,-0.01207574363797903,0.013243271969258785,1.0299571752548218
280062,-0.07868880778551102,0.015427452512085438,0.9797713160514832
280072,-0.0033470329362899065,0.024619098752737045,0.9704527854919434
280082,0.0011343421647325158,0.009307230822741985,0.9403437376022339
280092,-0.0667341947555542,0.0068912566639482975,0.9690775275230408
280102,-0.04934125393629074,-0.01804841123521328,0.9681897163391113
280112,-0.006725979037582874,-0.005324489902704954,0.9508090019226074
280122,-0.021130573004484177,0.008823935873806477,0.9511313438415527
280132,-0.04875534772872925,-0.036340828984975815,0.8917024731636047
280142,0.04829531908035278,0.07241308689117432,0.9943476319313049
280152,-0.005710886791348457,0.054444193840026855,0.9065326452255249
280162,0.033606451004743576,0.046706486493349075,0.9201195240020752
280172,-0.013246048241853714,0.015014010481536388,0.9178676009178162
280182,-0.018869610503315926,0.018123280256986618,0.8743746876716614
280192,-0.048827797174453735,-0.007291315123438835,0.9023168683052063
280202,-0.0010048705153167248,-0.010436175391077995,0.9158661365509033
280212,-0.027901168912649155,-0.007982307113707066,0.8889806270599365
280222,-0.03724496811628342,-0.004681095946580172,0.8697913885116577
280232,-0.03933511674404144,0.012509994208812714,0.8225576877593994
280242,-0.028799548745155334,0.011713282205164433,0.8809125423431396
280252,-0.022327305749058723,0.014633223414421082,0.8659000396728516
280262,-0.01840963214635849,-0.002697519725188613,0.912615180015564
280272,0.016114667057991028,0.001214858260937035,0.9230509400367737
280282,-0.0007581000681966543,-0.029904911294579506,0.8787790536880493
280292,-0.06664234399795532,-0.026965832337737083,0.8646072745323181
280302,-0.06627105921506882,0.01334522757679224,0.8246321678161621
280312,-0.04590154439210892,0.023742638528347015,0.8226270079612732
280322,-0.010458815842866898,0.01314387284219265,0.8644096255302429
280332,0.021764228120446205,0.0031176672782748938,0.8796284794807434
280342,-0.006095704156905413,0.04238815978169441,0.8401975035667419
280352,-0.015599233098328114,0.008737738244235516,0.8674218058586121
280362,-0.021652644500136375,0.0065348781645298,0.955534040927887
280372,-0.024104434996843338,0.007855127565562725,0.865764856338501
280382,-0.05602707341313362,0.009224969893693924,0.8571685552597046
280392,-0.02709052339196205,0.012129091657698154,0.8620264530181885
280402,-0.027361296117305756,-0.002304714871570468,0.8927338123321533
280412,-0.017678286880254745,-0.01460057869553566,0.8931691646575928
280422,0.03765943646430969,0.02390366420149803,0.9656160473823547
280432,-0.01598517969250679,0.017795013263821602,0.8663188219070435
280442,-0.03646991401910782,0.0005944367148913443,0.8552460074424744
280452,0.017381390556693077,0.00912822037935257,0.8472965955734253
280462,0.010443673469126225,-0.015303246676921844,0.8564478754997253
280472,-0.0031193855684250593,-0.006793883163481951,0.8626680374145508
280482,0.005267213564366102,0.018255867063999176,0.8692634105682373
280492,-0.04165828227996826,0.12063097208738327,1.0236741304397583
280502,-0.01128141675144434,0.014533615671098232,0.8950614333152771
280512,2.4835964723024517e-05,-0.009465239010751247,0.8708640336990356
280522,-0.03845575079321861,-0.003171988995745778,0.8812164664268494
280532,-0.028071962296962738,0.011449205689132214,0.8525733351707458
280542,-0.014322164468467236,0.006422226317226887,0.8688297271728516
280552,-0.02883041277527809,-0.03058476373553276,0.9428593516349792
280562,-0.02147161029279232,-0.07149822264909744,1.0063978433609009
280572,-0.048439010977745056,-0.041005682200193405,0.9356670379638672
280582,0.041054341942071915,0.07646463811397552,0.9199690818786621
280592,-0.0016308159101754427,-0.049684789031744,0.798484206199646
280602,-0.018202615901827812,-0.03292372450232506,0.9363967776298523
280612,-0.04380892962217331,-0.0060114082880318165,0.9602866172790527
280622,-0.055498555302619934,-0.0235892441123724,0.8609222173690796
280632,-0.02915448509156704,-0.017290271818637848,0.9495482444763184
280642,-0.00017263737390749156,0.003729375544935465,0.9361899495124817
280652,-0.01738736405968666,0.0017113535432145,0.9508603811264038
280662,-0.010885999538004398,0.012051946483552456,0.9291353225708008
280672,-0.007921210490167141,0.0005914040957577527,0.9528968930244446
280682,0.009808432310819626,0.011981667950749397,0.8515604138374329
280692,-0.01738804765045643,-0.0037953287828713655,0.9749686121940613
280702,0.009691141545772552,0.018497174605727196,0.9181832671165466
280712,-0.0726681649684906,-0.0099950497969985,1.0204237699508667
280722,0.006807285360991955,-0.009619754739105701,1.0010044574737549
280732,-0.0024009053595364094,0.012654133141040802,0.9624418616294861
280742,-0.050051379948854446,-3.401562571525574e-05,1.018359899520874
280752,0.029870707541704178,0.004318041726946831,0.987633228302002
280762,-0.026253173127770424,-0.0284617617726326,1.039340615272522
280772,-0.02354680933058262,0.004820040427148342,1.004063367843628
280782,-0.040519148111343384,0.02126171626150608,1.0007131099700928
280792,-0.0123160220682621,-0.015670141205191612,1.0620850324630737
280802,0.018514461815357208,-0.02939949929714203,1.039133071899414
280812,-0.01329360157251358,0.0018140481552109122,1.018147587776184
280822,-0.029766442254185677,0.00610622251406312,1.015051245689392
280832,-0.0406290702521801,-0.0010553163010627031,1.040545105934143
280842,-0.008786475285887718,0.012060956098139286,1.0371372699737549
280852,-0.023626768961548805,0.08570435643196106,1.0179052352905273
280862,0.021536080166697502,0.022826556116342545,1.0271888971328735
280872,-0.03842255473136902,-0.017464371398091316,1.0978147983551025
280882,-0.015546990558505058,0.004180449526757002,1.0415072441101074
280892,0.004549022763967514,0.03259885683655739,0.985549807548523
280902,0.016716349869966507,0.005129636265337467,1.0281246900558472
280912,-0.03609013929963112,-0.015857748687267303,1.0924785137176514
280922,0.01269790530204773,0.014391057193279266,1.027537226676941
280932,-0.010435797274112701,0.005492750555276871,1.046556830406189
280942,-0.021924104541540146,0.005486109759658575,1.0130892992019653
280952,-0.023654049262404442,-0.004776596091687679,1.059944748878479
280962,-0.0197485089302063,0.03136536851525307,1.1293030977249146
280972,-0.03344516083598137,-0.003168141935020685,1.0804270505905151
280982,-6.89008884364739e-05,-0.004645007662475109,1.0230985879898071
280992,-0.04163298010826111,-0.009077670983970165,1.0543619394302368
281002,0.009013053961098194,0.01018910389393568,0.9866767525672913
281012,-0.01622053049504757,-0.02869115024805069,1.078724980354309
281022,0.023011118173599243,0.013401023112237453,1.0200213193893433
281032,-0.014091716147959232,0.0034639500081539154,0.9881393909454346
281042,-0.06565196812152863,0.017008133232593536,0.9527273774147034
281052,-0.023064827546477318,-0.002358385594561696,0.9986228942871094
281062,0.009335145354270935,-0.017475852742791176,1.0739659070968628
281072,-0.0045426953583955765,0.010714586824178696,0.9558463096618652
281082,-0.030927754938602448,-0.005453008227050304,1.0049601793289185
281092,-0.019962359219789505,-0.0028146153781563044,0.9833742380142212
281102,-0.02254948392510414,0.06520203500986099,0.9175962209701538
281112,0.02923697791993618,0.09155124425888062,1.0541068315505981
281122,-0.003054629545658827,-0.0858554095029831,0.9816182851791382
281132,-0.025719448924064636,-0.18754300475120544,0.9750030040740967
281142,-0.032288674265146255,0.13536152243614197,0.9592755436897278
281152,-0.031036455184221268,0.04441946744918823,1.0453567504882812
281162,0.003827313194051385,-0.035808708518743515,1.0080673694610596
281172,-0.05521189421415329,-7.056855247355998e-05,0.9728084206581116
281182,-0.00714548584073782,0.022299405187368393,0.9674744009971619
281192,-0.027507761493325233,0.11745815724134445,1.0163756608963013
281202,-0.010375255718827248,-0.03032335638999939,0.9934985637664795
281212,-0.03511076420545578,-0.013447757810354233,0.972781777381897
281222,-0.029731784015893936,0.04522506892681122,0.9621966481208801
281232,-0.02194877713918686,-0.0007817954174242914,1.0335826873779297
281242,0.019771911203861237,-0.009218815714120865,1.0478975772857666
281252,0.018614890053868294,-0.025128182023763657,1.0518059730529785
281262,-0.06263010948896408,0.01001009065657854,0.968454122543335
281272,0.007337633986026049,0.035682763904333115,0.9612612724304199
281282,-0.017703786492347717,0.009433920495212078,1.0167732238769531
281292,-0.06638390570878983,-0.0119387898594141,1.0475821495056152
281302,0.009446613490581512,-0.0022893636487424374,1.0076417922973633
281312,0.019629191607236862,0.05868971347808838,0.9810506701469421
281322,-0.016605477780103683,-0.0003836275136563927,0.9954060912132263
281332,-0.018794981762766838,-0.014340624213218689,1.041163444519043
281342,0.019211843609809875,0.016374586150050163,0.9161665439605713
281352,-0.03801245987415314,-0.022106150165200233,0.9311303496360779
281362,0.005356958135962486,-0.04413771629333496,1.0040550231933594
281372,-0.05629625543951988,0.059774477034807205,0.9627366662025452
281382,-0.012141679413616657,0.0015631200512871146,0.9975183606147766
281392,-0.007594551425427198,-0.005652687046676874,0.9689822196960449
281402,-0.012517678551375866,0.01280499529093504,0.9262461066246033
281412,-0.03325142711400986,-0.008363758213818073,0.9938445091247559
281422,-0.02439626306295395,0.14576615393161774,0.979469895362854
281432,-0.05196599289774895,0.04800932854413986,0.9428058862686157
281442,-0.035424984991550446,-0.08079266548156738,0.9459767937660217
281452,-0.03394824638962746,-0.0003949857782572508,0.918076753616333
281462,0.002522252732887864,-0.006096225697547197,1.0351715087890625
281472,-0.034804776310920715,0.011807763017714024,0.9106802940368652
281482,-0.041494693607091904,-0.001920026377774775,1.0163074731826782
281492,0.037235576659440994,-0.1216515526175499,0.9331639409065247
281502,-0.027506427839398384,-0.005021213088184595,0.9455989599227905
281512,-0.01867310330271721,-0.011531866155564785,1.0201634168624878
281522,-0.04426063224673271,-0.0060343509539961815,0.9906171560287476
281532,-0.054143525660037994,0.028225911781191826,0.9206820726394653
281542,-0.0075190309435129166,-0.050029631704092026,1.026836633682251
281552,-0.022957980632781982,0.002300522057339549,0.9754857420921326
281562,-0.040997933596372604,-0.010772645473480225,1.0115231275558472
281572,-0.021357156336307526,0.013581792823970318,0.9871274828910828
281582,0.0006063657347112894,0.006002375856041908,0.9557236433029175
281592,-0.025415468961000443,-0.01617210917174816,0.9582852721214294
281602,0.0020123652648180723,0.03511170670390129,0.9353470206260681
281612,-0.0008231108658947051,-0.005735685117542744,0.9785424470901489
281622,-0.037105169147253036,-0.045050833374261856,0.9757426977157593
281632,-0.03796863928437233,-0.028656719252467155,1.051263451576233
281642,-0.004931608214974403,0.02352726086974144,0.9649227857589722
281652,-0.01434023305773735,0.012722287327051163,1.0697236061096191
281662,-0.04302496835589409,-0.0481327623128891,1.1129810810089111
281672,-0.02845820039510727,0.018604295328259468,0.990067720413208
281682,0.013557497411966324,0.0540408156812191,1.080971121788025
281692,-0.04526359960436821,-0.019203854724764824,1.0886931419372559
281702,-0.009927378036081791,0.04032393544912338,0.9735472798347473
281712,-0.046470530331134796,-0.00433064391836524,1.0552680492401123
281722,0.006196292117238045,-0.11446024477481842,0.9549490809440613
281732,0.010485152713954449,-0.011829303577542305,0.9037789702415466
281742,-0.01769528165459633,-0.015146025456488132,0.9800563454627991
281752,0.00614533806219697,0.019646264612674713,1.021766185760498
281762,0.024166971445083618,0.037285029888153076,0.908786952495575
281772,0.004783302079886198,0.06318140774965286,0.9674350619316101
281782,-0.03888567164540291,0.0017110678600147367,0.9615214467048645
281792,-0.052292365580797195,0.014656388200819492,0.8975511193275452
281802,-0.06535175442695618,0.012349116615951061,0.9457085132598877
281812,-0.07069519907236099,-0.401636004447937,0.92836594581604
281822,0.019701773300766945,-0.1423826962709427,0.8719663619995117
281832,0.009465186856687069,0.0016795970732346177,0.9140297174453735
281842,-0.023948978632688522,0.01078104693442583,0.8782510757446289
281852,-0.02076900377869606,-0.09422627836465836,0.863872230052948
281862,-0.011367203667759895,-0.05255330353975296,0.9611730575561523
281872,-0.04974991828203201,-0.15508590638637543,0.952232837677002
281882,0.02300763875246048,-0.05229606479406357,0.9460937976837158
281892,-0.03497781604528427,-0.01751277968287468,0.9618033170700073
281902,-0.040793243795633316,-0.0020158791448920965,0.8913542628288269
281912,0.03687005117535591,-0.017945267260074615,0.9699335098266602
281922,-0.04308321326971054,-0.014989616349339485,0.9412047863006592
281932,-0.005712524056434631,0.14820869266986847,0.955271303653717
281942,-0.07666445523500443,-0.08721167594194412,1.0080196857452393
281952,0.01723768375813961,0.020919959992170334,0.9708752632141113
281962,0.017308717593550682,0.007406141143292189,0.965639054775238
281972,0.02204916812479496,-0.004049472976475954,0.9603538513183594
281982,-0.06118804216384888,-0.0824359878897667,1.0857906341552734
281992,-0.0014944701688364148,-0.033121176064014435,1.03183114528656
282002,-0.004546222742646933,0.07598764449357986,1.0152819156646729
282013,0.013953798450529575,-0.014132566750049591,1.0397204160690308
282023,0.054350122809410095,0.05703908950090408,1.0786069631576538
282032,-0.007838207297027111,-0.018241090700030327,1.0646129846572876
282042,-0.0069914706982672215,-0.051853787153959274,1.0282799005508423
282053,-0.036933522671461105,-0.07035353034734726,1.0053869485855103
282062,-5.4418171202996746e-05,-0.023908043280243874,1.0341432094573975
282072,-0.02639997936785221,-0.00835522823035717,1.0852365493774414
282082,-0.009126266464591026,-0.025143299251794815,1.054610252380371
282092,-0.01306064985692501,-0.03238867223262787,1.0440917015075684
282102,0.004890094045549631,-0.034106429666280746,1.0533044338226318
282113,-0.026619240641593933,-0.06209719926118851,1.023557424545288
282122,-0.0468611977994442,-0.04690064862370491,1.0728275775909424
282132,-0.0042443242855370045,-0.035528555512428284,1.0695853233337402
282143,-0.008866873569786549,-0.03625691309571266,1.055842638015747
282152,-0.0022107737604528666,-0.027205925434827805,1.0286743640899658
282162,-0.03236619383096695,-0.03851690515875816,1.0458228588104248
282173,-0.012022319249808788,-0.036007288843393326,1.045615553855896
282182,0.02651176042854786,-0.14839059114456177,1.0015250444412231
282192,-0.05583363398909569,-0.15927976369857788,1.0964289903640747
282202,0.004995540250092745,-0.03872336447238922,1.0596312284469604
282212,-0.05622996389865875,-0.028220171108841896,1.0878283977508545
282222,-0.05979258194565773,-0.0840565487742424,1.019748330116272
282232,-0.004557278007268906,-0.007830945774912834,1.0843678712844849
282242,-0.03545929864048958,-0.03683413192629814,1.0726717710494995
282252,0.009156611748039722,-0.023274289444088936,1.0346406698226929
282262,0.005221915431320667,0.013624307699501514,1.1399270296096802
282272,0.02321380190551281,-0.033919405192136765,1.07905912399292
282282,-0.002047983231022954,0.006035215221345425,1.1327804327011108
282292,-0.05789824202656746,-0.042748481035232544,1.120615839958191
282303,-0.01910388469696045,-0.027696851640939713,1.0559250116348267
282312,-0.03540314361453056,-0.03341780602931976,1.090771198272705
282322,-0.012675604782998562,-0.038433946669101715,1.03421950340271
282332,0.015174590051174164,-0.016059665009379387,1.0600003004074097
282342,-0.013760346919298172,-0.0076896254904568195,1.1456111669540405
282352,-0.027125807479023933,-0.02926536276936531,1.0595881938934326
282362,0.004946678876876831,-0.025606557726860046,1.1028116941452026
282372,-0.04246394708752632,-0.04483916983008385,1.0873125791549683
282382,0.007113016210496426,-0.0642944946885109,0.9907228350639343
282392,-0.026156287640333176,-0.04905146732926369,1.0473002195358276
282402,0.02626686915755272,0.11183290183544159,1.0164282321929932
282412,-0.007850377820432186,-0.04788345843553543,1.055535078048706
282422,-0.03430864214897156,-0.048062145709991455,1.0474531650543213
282432,-0.00917065516114235,-0.008177054114639759,1.0186707973480225
282442,-0.009287144988775253,-0.014915668405592442,1.0009297132492065
282452,-0.029006650671362877,-0.012949572876095772,1.0161198377609253
282462,0.017508409917354584,0.02428433485329151,0.9891857504844666
282472,-0.04633434861898422,-0.030696166679263115,0.9908698797225952
282482,0.0013328326167538762,-0.09475275129079819,1.05081307888031
282492,-0.005943376570940018,-0.025294406339526176,1.0075018405914307
282502,0.018564892932772636,-0.008969797752797604,0.947453498840332
282512,0.048618268221616745,-0.018392983824014664,0.985068142414093
282522,-0.010141567327082157,-0.023679418489336967,0.9536572098731995
282532,-0.03782331198453903,-0.06549406796693802,1.025638461112976
282542,0.0025663224514573812,-0.18256975710391998,0.906997561454773
282552,-0.11899369210004807,-0.189225435256958,0.9527388215065002
282562,-0.09511753171682358,-0.11329706013202667,0.9952720999717712
282572,-0.023373790085315704,0.1051059439778328,0.9226619601249695
282582,0.01638452708721161,0.0016687322640791535,0.9558534026145935
282592,-0.0341283418238163,-0.034927546977996826,0.9326927661895752
282602,0.02508212998509407,-0.002171180909499526,0.878079891204834
282612,0.007928945124149323,-0.041463326662778854,0.8776593208312988
282622,-0.012110279873013496,-0.013624334707856178,0.9223228096961975
282632,-0.06182875856757164,0.0007223524735309184,0.8999634981155396
282642,-0.03616659715771675,-0.04739907756447792,0.8903771638870239
282652,-0.05220002681016922,-0.003307676175609231,0.8847280144691467
282662,-0.0035686916671693325,-0.002682717749848962,0.9348146319389343
282672,-0.028280049562454224,-0.1362922489643097,0.9006592631340027
282682,-0.04655364528298378,-0.16639971733093262,0.9782255291938782
282692,-0.05270744487643242,-0.038732290267944336,0.8947024941444397
282702,-0.03567899018526077,0.03479810804128647,0.9491000175476074
282712,-0.014607766643166542,0.014203252270817757,0.8844621181488037
282722,0.08565589785575867,0.05777851119637489,1.022316813468933
282732,-0.013621185906231403,-0.022979022935032845,0.9497076272964478
282742,-0.010480881668627262,-0.0018655649619176984,0.904017984867096
282752,0.003500389400869608,-0.01004373375326395,0.9421086311340332
282762,-0.026080124080181122,0.03418350592255592,0.8958002924919128
282772,-0.03398911654949188,-0.019937871024012566,0.9812814593315125
282782,-0.018498504534363747,-0.01083839125931263,0.9260427951812744
282792,-0.07662621885538101,-0.0021478307899087667,0.9492155909538269
282802,-0.05925599858164787,0.08393054455518723,0.8754850029945374
282812,-0.03243136778473854,-0.010876797139644623,0.9885295629501343
282822,-0.01888221874833107,0.0029122582636773586,0.9163201451301575
282832,-0.07361811399459839,-0.03109324350953102,0.9451972246170044
282842,-0.03303547203540802,-0.032516781240701675,1.0229655504226685
282852,0.001529299421235919,0.01173250749707222,0.960448682308197
282862,0.011018981225788593,0.017663804814219475,0.9645688533782959
282872,-0.06577344983816147,0.015370447188615799,0.981243908405304
282882,-0.0950235053896904,0.08850730210542679,1.026363492012024
282892,-0.11147531867027283,0.1023760661482811,1.0322885513305664
282902,0.009031022898852825,0.022262556478381157,0.984939455986023
282912,-0.01776331104338169,-0.004980114288628101,1.0363205671310425
282922,0.012450600042939186,0.01648470014333725,0.9693533182144165
282932,0.016489746049046516,0.014345009811222553,1.0274839401245117
282942,-0.020385002717375755,0.00706136878579855,1.1350387334823608
282952,0.013767124153673649,0.007670409511774778,1.090303897857666
282962,-0.052583951503038406,-0.00998370535671711,1.113980770111084
282972,-0.0026478462386876345,0.020367175340652466,1.0187969207763672
282982,-0.03196018561720848,-0.0011147293262183666,1.0703569650650024
282992,0.010835090652108192,-0.0009029073407873511,1.0812402963638306
283002,-0.023770594969391823,-0.03465752676129341,1.0960949659347534
283012,-0.058650460094213486,0.015673164278268814,1.0204302072525024
283023,-0.009120490401983261,0.0026897781062871218,1.0513635873794556
283032,0.006343445740640163,-0.0031389757059514523,1.0786739587783813
283042,-0.04609080031514168,-0.02477538399398327,1.1185979843139648
283052,0.04986335709691048,0.12132001668214798,1.0364840030670166
283062,-0.009927747771143913,0.05861454829573631,1.0127049684524536
283072,0.03402908891439438,-0.011057054623961449,0.9747185707092285
283082,0.0018745679408311844,-0.00372631405480206,1.0516018867492676
283092,-0.03402162715792656,0.10205172002315521,1.0054001808166504
283102,-0.03790832310914993,0.00031071281409822404,0.9228765964508057
283112,-0.06216084957122803,0.04869396239519119,1.0324320793151855
283122,1.485904704168206e-05,0.003036698792129755,1.0067893266677856
283132,0.018216032534837723,0.015339139848947525,0.9823980927467346
283143,-0.009196359664201736,0.07193690538406372,1.0988233089447021
283153,-0.010203023441135883,0.030075494199991226,0.9994957447052002
283162,0.011170543730258942,0.033337414264678955,0.9412481784820557
283173,-0.04996590316295624,0.10581842064857483,1.0171737670898438
283183,-0.05332748964428902,0.02073463425040245,1.0045219659805298
283192,0.016688194125890732,0.009872359223663807,1.0314079523086548
283202,-0.03525840491056442,0.0018492952222004533,0.9985859990119934
283212,-0.0023799811024218798,0.012585471384227276,0.9871901869773865
283222,0.020673073828220367,-0.009220223873853683,1.0356999635696411
283232,0.023845015093684196,0.020788928493857384,1.0945544242858887
283242,-0.03395707160234451,0.00322766974568367,1.0551128387451172
283252,-0.020063698291778564,-0.029987873509526253,0.9903067946434021
283262,-0.027311116456985474,0.011822279542684555,1.0302869081497192
283273,-0.06792918592691422,0.05018123239278793,0.9680818319320679
283282,-0.017161022871732712,0.02581322006881237,0.9682793617248535
283292,-0.03317086771130562,-0.013529151678085327,1.0759690999984741
283302,-0.012528245337307453,0.008478855714201927,1.0282745361328125
283312,-0.009619835764169693,0.01106489822268486,0.9956905245780945
283322,-0.002357940189540386,-0.0029707876965403557,1.0087981224060059
283332,-0.0024991880636662245,0.004437668714672327,0.9880194067955017
283342,-0.13263197243213654,-0.04669374227523804,0.974308967590332
283352,-0.021821266040205956,0.05450156703591347,0.9904230237007141
283362,0.012242190539836884,0.04814617708325386,1.0332930088043213
283372,-0.03648768365383148,0.012368159368634224,0.8820118308067322
283382,-0.045662350952625275,-0.023687850683927536,1.054686188697815
283392,0.038260869681835175,0.07065770775079727,0.9138321280479431
283402,0.03364622965455055,0.012976114638149738,0.8860629200935364
283412,0.03086111694574356,0.020006954669952393,0.8714276552200317
283422,0.019623039290308952,-0.010194920003414154,0.8193615078926086
283432,0.03327768296003342,-0.06142900511622429,0.8934774398803711
283442,-0.03782554343342781,0.010242997668683529,0.8889240026473999
283452,-0.05942241847515106,0.0026068345177918673,0.9740121960639954
283462,-0.029769614338874817,0.016631601378321648,0.9126681685447693
283472,-0.04469069465994835,0.019076868891716003,0.9658735394477844
283482,-0.055878788232803345,0.010761043056845665,0.9497359395027161
283492,0.0018957778811454773,0.02154223807156086,0.889020562171936
283502,0.016909202560782433,0.05245797708630562,0.9779590964317322
283512,-0.03826185315847397,0.007792795542627573,0.917121171951294
283522,0.008744306862354279,-0.007516793441027403,0.9315639138221741
283532,0.0003130750556010753,0.052402790635824203,0.9276902675628662
283542,-0.039219461381435394,0.01893712393939495,0.9722859263420105
283552,-0.016895420849323273,-0.04963308945298195,0.927526593208313
283562,0.013328303582966328,-0.03328133374452591,0.9875720143318176
283572,-0.03484294191002846,-0.0005015409551560879,0.9583299160003662
283582,-0.10914170742034912,-0.15262101590633392,0.9976677298545837
283592,-0.08489161729812622,-0.07322333008050919,0.912679135799408
283602,0.004491287283599377,0.004407640080899,1.0243624448776245
283612,-0.011353741399943829,0.12556029856204987,0.9265678524971008
283622,-0.03471760079264641,-0.009595736861228943,1.0800023078918457
283632,-0.028655024245381355,-0.0016409598756581545,0.9402799606323242
283642,-0.05558735877275467,0.007707954850047827,0.9535524845123291
283652,-0.05560094863176346,-0.015680208802223206,1.0285090208053589
283662,-0.09102277457714081,-0.13026458024978638,1.085170030593872
283672,-0.006790468003600836,-0.03692057356238365,1.0155177116394043
283682,-0.028804229572415352,-0.049349743872880936,1.0072029829025269
283692,0.008001569658517838,-0.15899218618869781,1.0048580169677734
283702,-0.028207719326019287,-0.016329169273376465,1.0114175081253052
283712,-0.020895468071103096,0.007628018967807293,0.9765336513519287
283722,0.011266357265412807,0.004324561916291714,1.0554076433181763
283732,0.0268244631588459,0.0038120164535939693,1.0109288692474365
283742,0.009351923130452633,-0.03951971232891083,0.973418653011322
283752,-0.035642027854919434,-0.002729251282289624,0.9697863459587097
283762,-0.051988184452056885,-0.029741378501057625,1.0900661945343018
283772,-0.05127063766121864,-0.014763141982257366,1.0377103090286255
283782,-0.01637839339673519,0.002884805668145418,1.0079385042190552
283792,-0.0122412433847785,0.02252662554383278,0.9230333566665649
283802,0.005882984027266502,0.023577608168125153,1.0287816524505615
283812,-0.08948934078216553,0.006929457653313875,0.9744563698768616
283822,0.006337729282677174,0.003764020511880517,0.9978534579277039
283832,-0.057779014110565186,0.004595809616148472,0.9620077013969421
283842,-0.010749008506536484,-0.03909344971179962,1.0171325206756592
283852,-0.05765588581562042,0.006763482932001352,0.9027236104011536
283862,-0.011539176106452942,0.08577349036931992,0.9706549644470215
283872,-0.06741886585950851,0.035202156752347946,0.8722072839736938
283882,-0.01377213653177023,-0.014276228845119476,1.0003927946090698
283892,-0.05871003866195679,-0.00017625834152568132,0.9275226593017578
283902,-0.00947929359972477,0.0018793396884575486,0.9263736009597778
283912,-0.04184481501579285,-0.0019362798193469644,0.9837216138839722
283922,-0.023318763822317123,0.0594458132982254,0.9447383880615234
283932,-0.028948435559868813,0.018245048820972443,0.995701789855957
283942,-0.03873194754123688,-0.0538809671998024,1.0260810852050781
283952,-0.023134851828217506,-0.06255391985177994,1.0126855373382568
283962,-0.04837159812450409,0.016819696873426437,0.9311069250106812
283972,0.009222283959388733,0.005434606224298477,0.9458251595497131
283982,-0.06723334640264511,-0.0025540415663272142,0.9551289677619934
283992,-0.04719916731119156,0.010779209434986115,0.9090229868888855
284002,-0.05497192218899727,-0.05946386232972145,1.0589349269866943
284012,-0.12281528860330582,-0.12493292987346649,0.9697408676147461
284022,-0.051907241344451904,-0.0022854586131870747,0.9128195643424988
284032,-0.08099717646837234,0.04797368496656418,1.0668085813522339
284042,-0.04507618024945259,0.05065549165010452,1.0030816793441772
284052,0.008124307729303837,0.021913761273026466,0.9369460940361023
284062,-0.04607139900326729,0.010521010495722294,1.0047852993011475
284072,-0.06351479887962341,-0.06214475259184837,1.058963418006897
284082,-0.09947056323289871,-0.1821720153093338,1.0166338682174683
284092,-0.013107430189847946,0.0871993824839592,1.0269503593444824
284102,-0.03820718824863434,0.02979867160320282,1.0382505655288696
284112,-0.07485448569059372,-0.00385725568048656,1.040332555770874
284122,-0.04229984059929848,0.00448601832613349,1.0252950191497803
284132,-0.022885411977767944,0.006601267959922552,1.0411747694015503
284142,-0.01011634524911642,0.08318564295768738,1.0630548000335693
284152,-0.09359060972929001,0.07104804366827011,1.0578277111053467
284162,-0.07346086204051971,0.03200670704245567,1.0895092487335205
284172,-0.08312395215034485,-0.01990102231502533,1.0950106382369995
284183,0.010194407775998116,0.025932107120752335,1.034423828125
284192,0.018503904342651367,0.09613611549139023,1.0691694021224976
284202,-0.021287083625793457,0.02992270328104496,1.1302648782730103
284212,-0.0658951848745346,-0.009230940602719784,1.0128200054168701
284222,-0.029596399515867233,0.01901283673942089,1.0399898290634155
284232,-0.08041935414075851,-0.008725921623408794,1.2567212581634521
284242,-0.029138220474123955,0.048428721725940704,1.0533620119094849
284252,-0.05216141417622566,0.09797611832618713,1.069719910621643
284262,-0.021971117705106735,0.026275796815752983,1.1523863077163696
284272,-0.0789821669459343,0.03143508732318878,1.1332606077194214
284282,-0.0020653035026043653,-0.0038519182708114386,1.1455814838409424
284292,-0.0738472193479538,-0.00811622105538845,1.1741323471069336
284303,-0.05898188054561615,-0.05766361206769943,1.1832997798919678
284312,-0.0440252348780632,0.01896125264465809,1.0263415575027466
284322,-0.015859663486480713,0.11153730005025864,1.0231870412826538
284332,-0.08484351634979248,0.008232331834733486,1.1219151020050049
284342,-0.02999942936003208,1.2671741387748625e-05,1.1096858978271484
284352,-0.07300042361021042,0.004297830630093813,1.1232390403747559
284362,-0.0115082748234272,0.07051880657672882,1.0957101583480835
284372,-0.11007984727621078,-0.023615257814526558,1.1399927139282227
284382,-0.08533036708831787,0.046435579657554626,1.0887975692749023
284392,-0.019672850146889687,0.0359516404569149,1.0528331995010376
284402,-0.03321181237697601,-0.006837375927716494,1.103042483329773
284412,-0.08259280771017075,-0.024635758250951767,1.0577071905136108
284422,-0.03610572963953018,-0.052649930119514465,1.0809752941131592
284432,-0.06674066931009293,0.019908664748072624,0.9600262641906738
284442,-0.017135722562670708,0.008627219125628471,1.0347480773925781
284452,-0.0714927688241005,0.007365965284407139,1.035117268562317
284462,-0.07009696960449219,0.027721663936972618,0.909007728099823
284472,-0.05270365998148918,-0.005615724250674248,1.0539888143539429
284482,-0.11158724129199982,0.08948268741369247,1.097121238708496
284492,-0.08314144611358643,0.18788528442382812,0.9479373693466187
284502,-0.024068348109722137,0.09991412609815598,0.8831160664558411
284512,-0.03001192957162857,0.03273055702447891,0.9349987506866455
284522,-0.04189840331673622,0.005370472092181444,0.9251196384429932
284532,-0.04098566249012947,0.029299525544047356,0.9725688099861145
284542,-0.06554131954908371,0.00992984976619482,0.9421602487564087
284552,-0.06632407754659653,0.003554074326530099,0.9209883809089661
284562,-0.06765690445899963,-0.023684868589043617,0.9150235652923584
284572,-0.012067955918610096,-0.03403110429644585,1.0380743741989136
284582,0.0048309192061424255,-0.07738608121871948,0.967147946357727
284592,-0.04173973575234413,-0.01706859841942787,0.8922635316848755
284602,-0.05881372094154358,-0.022400369867682457,0.9854941964149475
284612,-0.11551734060049057,-0.01910374127328396,0.957094132900238
284622,-0.028542932122945786,0.009543403051793575,0.9461417198181152
284632,-0.035382628440856934,0.03881022334098816,0.8258981108665466
284642,-0.06635492295026779,-0.0009648096165619791,0.9318381547927856
284652,-0.0749005600810051,0.02873295359313488,0.9135552048683167
284662,-0.07778990268707275,0.01369782816618681,0.9244540333747864
284672,-0.06740912050008774,0.02244369126856327,0.9721815586090088
284682,0.011433369480073452,-0.018297623842954636,0.9246439337730408
284692,-0.02782336249947548,0.06544241309165955,0.8557968139648438
284702,-0.11002927273511887,-0.005937815178185701,0.9467959403991699
284712,-0.08894415944814682,0.006757503841072321,0.955679714679718
284722,0.015349415130913258,0.013961593620479107,0.9053968191146851
284732,-0.031023800373077393,-0.0009107329533435404,0.9414045214653015
284742,-0.04199563339352608,0.01560233999043703,0.8861485123634338
284752,-0.029041150584816933,0.0112159363925457,0.9136640429496765
284762,-0.004511995241045952,-0.005672006867825985,0.8744090795516968
284772,0.006574530620127916,0.019261501729488373,0.9322865009307861
284782,0.023412127047777176,0.15558329224586487,0.8842955231666565
284792,0.11277426034212112,-0.15490110218524933,0.8556856513023376
284802,0.05650191754102707,-0.34915757179260254,0.8654792308807373
284812,-0.05792563781142235,-0.07491759210824966,0.91814786195755
284822,-0.06891271471977234,-0.005176694598048925,0.9413849711418152
284832,-0.009655185043811798,0.0008913064957596362,0.9981268644332886
284842,-0.024126432836055756,0.017125163227319717,0.937252938747406
284852,-0.03325740993022919,-0.005866694264113903,1.0127743482589722
284862,-0.0021231197752058506,0.044631145894527435,0.8994143009185791
284872,-0.04130560904741287,-0.012615268118679523,1.0056344270706177
284882,-0.0025383003521710634,0.005194782745093107,1.0417678356170654
284892,-0.027803506702184677,0.06265581399202347,1.0220067501068115
284902,-0.07122965902090073,0.004571497440338135,1.0396990776062012
284912,0.02501089498400688,0.021138636395335197,1.0339666604995728
284922,-0.01180215459316969,0.09836678951978683,0.9984923601150513
284932,-0.019559424370527267,0.05233829841017723,1.0088791847229004
284942,-0.04197784513235092,-0.027412306517362595,1.0238547325134277
284952,0.0010381751926615834,0.0011803189991042018,0.993871808052063
284962,-0.020359283313155174,-0.016246318817138672,1.0682604312896729
284972,-0.005109265446662903,-0.0012236270122230053,1.0074635744094849
284982,-0.015287846326828003,0.0028381964657455683,1.056767225265503
284992,-0.023351391777396202,0.02320595644414425,1.0300532579421997
285002,-0.011912316083908081,0.012006089091300964,1.0304944515228271
285012,-0.023708049207925797,-0.00498694134876132,1.1055930852890015
285022,0.014767730608582497,0.060102201998233795,1.0662758350372314
285032,0.014419539831578732,0.027490615844726562,1.0553374290466309
285042,-0.03866187110543251,-0.02369110845029354,1.1115541458129883
285052,-0.0015667451079934835,-0.004813950043171644,1.0444153547286987
285062,0.01096685603260994,0.016564736142754555,1.0115914344787598
285072,-0.011112079955637455,0.009120051749050617,1.041788935661316
285082,-0.02554190345108509,0.04759155213832855,1.0735365152359009
285092,-0.01988578774034977,-0.002098228083923459,1.0664911270141602
285102,-0.02674574963748455,-0.034990519285202026,1.072757601737976
285112,-0.03237355127930641,-0.03905676305294037,1.1081757545471191
285122,-0.022794075310230255,-0.03898040950298309,1.0807032585144043
285132,-0.045076943933963776,0.0010061276843771338,1.0448240041732788
285142,0.002010317984968424,0.006848663557320833,1.0247151851654053
285152,0.0064772688783705235,-0.003960498608648777,1.0729737281799316
285162,0.0013620120007544756,-0.015034021809697151,1.1028183698654175
285172,-0.00922873243689537,-0.01471712812781334,1.093454122543335
285182,0.0027594545390456915,-0.009015297517180443,1.057046890258789
285192,0.005595092661678791,-0.005031253676861525,1.0545967817306519
285202,-0.019722072407603264,-0.01335847657173872,1.0757873058319092
285212,-0.02352340705692768,0.032863352447748184,1.0993590354919434
285222,0.00041761764441616833,0.01831177808344364,1.0347750186920166
285232,-8.268604869954288e-05,0.004821272566914558,1.0363750457763672
285242,-0.04734054207801819,-0.011253444477915764,1.079454779624939
285252,-0.03863464668393135,-0.003288598032668233,1.0607763528823853
285262,-0.0017783180810511112,0.012955584563314915,0.9862470030784607
285272,-0.022753460332751274,0.00021913368254899979,1.02039635181427
285282,-0.022649388760328293,-0.008245525881648064,1.0141065120697021
285292,-0.046426642686128616,-0.052410874515771866,1.0274198055267334
285302,-0.029981691390275955,0.062089160084724426,1.0648795366287231
285312,0.009874610230326653,0.015148942358791828,1.032508134841919
285322,-0.0724804624915123,-0.005115682724863291,1.0548913478851318
285332,0.017913665622472763,0.04091973602771759,0.9597000479698181
285342,0.022847913205623627,0.08040706068277359,0.9956855773925781
285352,0.022470790892839432,0.01804005540907383,0.9758378267288208
285362,-0.08937560021877289,-0.016263941302895546,1.0342166423797607
285372,0.019473949447274208,0.005979469045996666,0.9952459335327148
285382,0.03049112856388092,0.09524805098772049,0.9490025043487549
285392,-0.09293060749769211,0.04023725539445877,0.946591854095459
285402,0.024008600041270256,-0.0013223979622125626,1.0000605583190918
285412,-0.008568269200623035,0.009003913030028343,0.9592230319976807
285422,-0.050910647958517075,-0.0008669790695421398,0.9571347832679749
285432,0.016533643007278442,0.006678100675344467,0.9721143245697021
285442,-0.018310796469449997,0.005132273305207491,0.8923768997192383
285452,-0.028191493824124336,0.0042615714482963085,0.975700855255127
285462,0.00012936738494317979,-0.006627485156059265,0.9951642155647278
285472,-0.048101454973220825,0.03143395856022835,0.8729837536811829
285482,-0.05810901150107384,-0.018319018185138702,0.980071485042572
285492,-0.05551142245531082,-0.009799120016396046,0.9742213487625122
285502,-0.02424600161612034,0.011626052670180798,0.9472154378890991
285512,0.023237766698002815,-0.009112673811614513,1.0146510601043701
285522,0.019742587581276894,-0.008808739483356476,0.9057700634002686
285533,-0.023510655388236046,-0.01320644561201334,1.0162428617477417
285543,-0.05564342439174652,-0.008630920201539993,0.9213860630989075
285552,-0.041596781462430954,-0.047304511070251465,1.0209269523620605
285563,0.0074569713324308395,0.07874763756990433,0.902869701385498
285572,-0.09428472816944122,-0.019268350675702095,1.031587839126587
285582,-0.015686186030507088,-0.07111571729183197,0.8266222476959229
285592,0.008071078918874264,0.011144240386784077,1.0269650220870972
285602,-0.041005007922649384,0.011496767401695251,0.9602187275886536
285612,-0.04703235253691673,-0.012963911518454552,0.9866698980331421
285622,0.013861053623259068,-0.06728308647871017,0.9884492754936218
285632,-0.022337257862091064,-0.06702736020088196,0.987238347530365
285642,0.0022640149109065533,0.015422433614730835,0.8845602869987488
285652,-0.018367880955338478,0.007722774986177683,0.9747079610824585
285662,0.008413078263401985,0.06164766103029251,0.9388664364814758
285672,-0.016934357583522797,0.008091885596513748,0.9750486612319946
285682,-0.016705574467778206,0.010840042494237423,0.9634926915168762
285692,-0.020352665334939957,-0.0009289795416407287,0.9712070822715759
285702,-0.04134939983487129,-0.01638909801840782,0.9001191854476929
285712,0.03711586073040962,0.005795637145638466,0.8885551691055298
285722,-0.01982448808848858,0.031029952690005302,0.8419607877731323
285732,-0.03683070093393326,-0.09493512660264969,1.0335193872451782
285742,-0.09606306254863739,-0.0031665998976677656,0.939723014831543
285752,-0.012641243636608124,0.020937904715538025,0.9556331634521484
285762,-0.01590707153081894,0.09744766354560852,0.9725008010864258
285772,-0.019605813547968864,0.0018139887833967805,1.0350663661956787
285782,0.0023505568969994783,-0.0006715903291478753,1.0036327838897705
285792,-0.044082339853048325,0.07109589129686356,0.8597632050514221
285802,-0.07011809945106506,0.1027911901473999,0.99860680103302
285812,0.024050278589129448,0.017005521804094315,0.9828707575798035
285822,-0.022832557559013367,0.031067414209246635,0.9306834936141968
285832,-0.059927962720394135,-0.00813895370811224,1.0752536058425903
285842,-0.0021337487269192934,0.03498120233416557,0.8967323899269104
285852,-0.08791160583496094,0.0076767317950725555,0.955379068851471
285862,-0.018470341339707375,0.02971068024635315,0.8965022563934326
285872,-0.011950921267271042,0.004094764124602079,0.9591976404190063
285882,-0.015928465873003006,-0.060933034867048264,1.0837442874908447
285892,-0.030191196128726006,0.021816276013851166,0.9039551019668579
285902,-0.037057992070913315,-0.003647069213911891,1.0534418821334839
285912,0.024441655725240707,0.05074560269713402,0.9842639565467834
285922,-0.0627870112657547,0.11291863769292831,1.0375169515609741
285932,0.011927044950425625,0.03953638672828674,0.9863694906234741
285942,-0.017709622159600258,0.004241843707859516,0.9812666773796082
285952,0.023460526019334793,0.06258206069469452,0.9836729168891907
285962,0.01085720956325531,0.06879745423793793,0.9323688745498657
285972,-0.05657000094652176,-0.05142698436975479,1.053165316581726
285982,-0.0090212132781744,0.007424619048833847,0.9404814839363098
285992,-0.029942067340016365,-0.05980003625154495,1.0045408010482788
286002,-0.03883747756481171,-0.03096872940659523,1.02214777469635
286012,-0.03957148641347885,0.02468005381524563,0.9429134726524353
286022,0.02427629753947258,0.007425426505506039,1.0762598514556885
286032,0.019974062219262123,0.009635343216359615,0.9779785871505737
286042,-0.002561039524152875,0.006274383049458265,1.0167126655578613
286052,-0.009785917587578297,0.03147264942526817,0.9549587965011597
286062,0.046254511922597885,0.01762872189283371,1.0588746070861816
286072,0.015059556812047958,-0.034011323004961014,1.0823990106582642
286082,0.054315999150276184,-0.0357445664703846,0.9333266019821167
286092,-0.017496002838015556,-0.018055057153105736,1.0615538358688354
286102,-0.02715299278497696,0.08323775976896286,0.9982322454452515
286112,0.010003702715039253,0.01240126695483923,1.095487356185913
286122,0.011274405755102634,-0.005651854909956455,1.040733814239502
286132,-0.015040315687656403,0.012929045595228672,0.9894286394119263
286142,-0.009177295491099358,-0.01183850597590208,1.1055647134780884
286152,0.010069120675325394,-0.02060599997639656,1.1140193939208984
286162,0.007093680556863546,-0.0021571735851466656,1.0814831256866455
286172,0.01952090673148632,0.0055256676860153675,1.007452130317688
286182,0.05314239114522934,-0.05327639728784561,1.0943355560302734
286192,0.03580433502793312,-0.040975421667099,1.0379791259765625
286202,0.05529218167066574,0.0075462874956429005,1.0150084495544434
286212,0.03215241804718971,0.009389459155499935,1.0210826396942139
286222,-0.0006578905740752816,-0.01767056994140148,1.015609860420227
286232,-0.00988972932100296,-0.038216482847929,1.090240478515625
286242,0.033324308693408966,-0.06971092522144318,1.049594759941101
286252,-0.0012088142102584243,-0.031903356313705444,1.1136269569396973
286262,0.01721900701522827,-0.004918824415653944,1.047945261001587
286272,0.01984327845275402,0.00017250342352781445,1.0329968929290771
286282,0.036016110330820084,-0.007311019115149975,1.035664439201355
286292,0.0074708908796310425,-0.04931478947401047,1.1219044923782349
286302,0.00628299918025732,0.020435813814401627,1.0925544500350952
286312,0.017188051715493202,0.05175555497407913,0.9881110191345215
286322,0.002294310601428151,-0.02440853789448738,1.1065927743911743
286332,0.003853902220726013,-0.01153741404414177,1.0929898023605347
286342,0.025182273238897324,0.005823581479489803,1.0793379545211792
286352,0.06873766332864761,0.03463677689433098,1.0787346363067627
286362,0.012663173489272594,0.08278758078813553,1.1081123352050781
286372,0.030850911512970924,0.019132232293486595,1.0540924072265625
286382,0.03440459072589874,0.04273901879787445,1.1233875751495361
286392,0.012260198593139648,0.005096381064504385,1.1185628175735474
286402,0.007066981866955757,-0.027762874960899353,1.0669090747833252
286412,0.0069201672449707985,-0.0158433485776186,1.1132779121398926
286422,0.010619156993925571,0.003800730686634779,1.1292177438735962
286432,0.014883498661220074,0.07184788584709167,1.1088987588882446
286442,0.02410932257771492,-0.01160445623099804,1.0821890830993652
286452,0.011573098599910736,0.022679392248392105,1.0705201625823975
286462,0.017796475440263748,0.1533946841955185,1.0564868450164795
286472,0.01169184222817421,-0.024492507800459862,1.1085489988327026
286482,0.010076617822051048,-0.03609548136591911,1.1284770965576172
286492,0.03841550648212433,0.00207913457415998,1.1061604022979736
286502,0.01425356324762106,0.0066767847165465355,1.0333691835403442
286512,0.03581150621175766,0.0037030226085335016,1.021278738975525
286522,-0.04374893382191658,-0.034686218947172165,1.1327449083328247
286532,-0.028663307428359985,-0.0039911107160151005,1.0361354351043701
286542,0.014387253671884537,-0.00021621213818434626,1.0325762033462524
286552,0.030694371089339256,-0.018510393798351288,1.0839452743530273
286562,0.053226787596940994,0.025789713487029076,0.9744159579277039
286572,-0.04259667545557022,0.08778098970651627,0.9888786673545837
286582,0.03938340023159981,0.01426734123378992,0.9971921443939209
286592,0.08684559166431427,-0.06792345643043518,0.8894144892692566
286602,-0.07652311772108078,-0.009467280469834805,0.9800081253051758
286612,0.05348078906536102,-0.013813087716698647,0.9494142532348633
286622,0.06460286676883698,0.018328135833144188,0.9193538427352905
286632,-0.012233659625053406,-0.001522789360024035,0.9300857186317444
286642,-0.009759374894201756,-0.009640696458518505,0.9011942148208618
286652,-0.012833868153393269,4.0820290450938046e-05,0.9009929299354553
286662,0.012993576936423779,-0.016363484784960747,0.9610782265663147
286672,-0.024778714403510094,-0.010434873402118683,0.935247004032135
286682,-0.005307030864059925,0.0013914628652855754,0.8886130452156067
286692,0.027749856933951378,-0.00490958895534277,0.9353674650192261
286702,-0.001250965753570199,0.003236187621951103,0.8505182266235352
286712,0.0017445258563384414,-0.022378500550985336,0.8758851289749146
286722,-0.03121734969317913,-0.010306842625141144,0.9448362588882446
286732,0.022595364600419998,0.12371844053268433,0.9026294946670532
286742,-0.049315061420202255,0.0023701151367276907,0.9575917720794678
286752,-0.05718791112303734,0.009882559068500996,0.9519742727279663
286762,-0.037281591445207596,0.13263098895549774,1.0121145248413086
286772,-0.011308622546494007,0.008981716819107533,0.9477003812789917
286782,0.026686979457736015,0.0011704658390954137,0.8856367468833923
286792,0.05175706371665001,-0.054818712174892426,0.8308082818984985
286802,0.030109206214547157,-0.014246332459151745,0.9233902096748352
286812,-0.02396700158715248,0.0006829608464613557,0.9007461667060852
286822,0.02181953191757202,0.002697643591091037,0.9058446288108826
286832,-0.015332277864217758,-0.01331461500376463,0.9701999425888062
286842,0.00834687426686287,-0.00528295710682869,0.9396340847015381
286852,-0.03403189033269882,-0.00922415591776371,0.9799050688743591
286862,-0.03898581862449646,0.007187196984887123,0.9048081040382385
286872,0.027930932119488716,-0.014757833443582058,1.0116462707519531
286882,-0.05287493020296097,0.0004091445298399776,0.9079594016075134
286892,0.007666558958590031,-0.0173196978867054,0.9901821613311768
286902,0.01598912850022316,0.016120996326208115,0.9037677645683289
286912,-0.028717000037431717,0.001627727528102696,0.9815739393234253
286922,0.020786425098776817,0.036233481019735336,0.923231840133667
286932,-0.021351125091314316,-0.008888009935617447,0.9990937113761902
286942,-0.037006676197052,-0.0008062362321652472,0.9393144845962524
286952,-0.02146352455019951,-0.009676389396190643,0.9901828765869141
286962,-0.0053492640145123005,0.014781824313104153,0.9378488063812256
286972,-0.010974962264299393,0.015288565307855606,0.9385342001914978
286982,-0.043412547558546066,-0.015121602453291416,1.0230411291122437
286992,-0.030364669859409332,0.01869097910821438,0.9111099243164062
287002,-0.0352264940738678,-0.03265020251274109,1.054520845413208
287012,0.01788540743291378,0.017825325950980186,0.9148076176643372
287022,-0.027789823710918427,-0.029216377064585686,0.9689188003540039
287032,0.0004083140811417252,-0.06532061100006104,1.065269947052002
287042,-0.01589811034500599,-0.0035317586734890938,0.9546846747398376
287052,-0.03310208022594452,-0.001533650909550488,1.0089250802993774
287062,-0.0387374684214592,0.014284630306065083,0.9874829053878784
287072,-0.020942773669958115,-0.012089339084923267,1.0573285818099976
287082,0.03441600501537323,0.006433283910155296,1.0414801836013794
287092,0.013590725138783455,-0.023998679593205452,1.0285922288894653
287102,-0.0459546223282814,-0.0026352861896157265,1.0300675630569458
287112,0.006919065024703741,0.0188213549554348,1.055248737335205
287122,-0.03518591448664665,0.003067602403461933,1.136977195739746
287132,-0.029042333364486694,0.0009754953789524734,1.0680270195007324
287142,-0.021963398903608322,0.0012410813942551613,1.0682299137115479
287152,-0.048830851912498474,0.0014961056876927614,1.0519640445709229
287162,-0.00885099172592163,0.01565820351243019,1.0217361450195312
287172,-0.053202398121356964,-0.03210292011499405,0.9815545082092285
287182,-0.02638133615255356,-0.02783803828060627,0.9891991019248962
287192,0.013881362043321133,0.11195942759513855,1.0453789234161377
287202,0.0758393257856369,0.1550147980451584,1.0379468202590942
287212,-0.037364888936281204,-0.0030062885489314795,1.105073094367981
287222,-0.02450927533209324,-0.008417593315243721,1.108840823173523
287232,-0.008398529142141342,-0.004319054074585438,1.0912877321243286
287242,-0.06401293724775314,-0.002245711861178279,1.1057933568954468
287252,0.011805527843534946,0.0014359939377754927,1.0549589395523071
287262,0.040213216096162796,0.024290187284350395,1.128951072692871
287272,0.06619268655776978,0.11071977019309998,1.0730594396591187
287282,-0.046706072986125946,0.017168862745165825,1.0564053058624268
287292,-0.05683973431587219,-0.013953596353530884,1.0275954008102417
287302,-0.011809839867055416,0.0009582723723724484,1.0342206954956055
287312,-0.04245039075613022,0.007190035190433264,1.0523158311843872
287322,-0.018988242372870445,0.008766001090407372,1.0653959512710571
287332,-0.004414164926856756,0.004454281181097031,1.053961992263794
287342,-0.04947754368185997,-0.006449566222727299,1.0776185989379883
287352,0.010673566721379757,0.0067825717851519585,1.0281709432601929
287362,-0.04082724079489708,0.005154690705239773,1.037919044494629
287372,-0.09434951096773148,-0.019024023786187172,1.080430030822754
287382,-0.08371709287166595,-0.04756136238574982,0.9893336296081543
287392,0.023335685953497887,0.010681651532649994,0.9669530987739563
287402,-0.00931476429104805,0.00264638545922935,1.0422914028167725
287412,-0.06264769285917282,0.023235760629177094,0.9629606604576111
287422,-0.0325700081884861,0.005376087501645088,1.0057882070541382
287432,0.015412990003824234,-0.002445442136377096,1.051256775856018
287442,0.02909492328763008,0.024804653599858284,0.938585102558136
287452,-0.05479820817708969,-0.009233777411282063,1.027334213256836
287462,-0.01981411688029766,0.004911766853183508,0.9366499781608582
287472,-0.07240378111600876,-0.010476269759237766,1.0160578489303589
287482,-0.01564030908048153,0.010564852505922318,1.0141328573226929
287492,0.006630097050219774,0.014397111721336842,1.0028144121170044
287502,-0.008001567795872688,0.006141653284430504,0.9497445821762085
287512,-0.0015587647212669253,-0.013534756377339363,0.9282458424568176
287522,-0.020032189786434174,-0.023559337481856346,1.0314350128173828
287532,-0.029612695798277855,-0.008945852518081665,1.0086108446121216
287542,-0.05378757789731026,-0.030374780297279358,0.9161581993103027
287552,0.05315570905804634,0.07533611357212067,0.9861941933631897
287562,-0.005002191290259361,-0.006839447654783726,1.0547230243682861
287572,0.040102697908878326,-0.0463210791349411,0.9482602477073669
287582,-0.050943512469530106,-0.008631939999759197,1.0501524209976196
287592,-0.0604759082198143,0.12911109626293182,0.9877808690071106
287603,-0.02478855848312378,0.016982045024633408,1.0130670070648193
287613,-7.008043030509725e-05,0.008651022799313068,0.9751405715942383
287622,-0.013806032948195934,-0.002157130977138877,0.9889928698539734
287632,0.03599812090396881,-0.00474628945812583,0.8453050851821899
287642,-2.3733666239422746e-05,0.005848074797540903,0.8572106957435608
287652,-0.045538343489170074,0.017640674486756325,0.9158100485801697
287662,0.025756947696208954,-0.014470434747636318,1.028545618057251
287672,-0.004109920002520084,0.019514093175530434,0.8722662925720215
287682,-0.05718100070953369,-0.0015849643386900425,0.9811121821403503
287692,0.00971683207899332,-0.09166385233402252,0.9447803497314453
287702,-0.048604752868413925,-0.05381526052951813,1.0345138311386108
287712,0.0015370520995929837,-0.003142188536003232,1.0357407331466675
287722,-0.012593086808919907,0.02940252237021923,0.9150504469871521
287732,-0.037517089396715164,0.007061331532895565,0.9642934203147888
287742,-0.020446646958589554,0.009743082337081432,1.003538727760315
287752,0.02950245514512062,-0.10505129396915436,0.9999542236328125
287762,-0.029883500188589096,-0.0337444469332695,0.9085436463356018
287772,-0.07479923218488693,-0.0020404986571520567,1.0350663661956787
287782,-0.0351969338953495,0.01787351816892624,1.0395299196243286
287792,0.015563223510980606,0.025716805830597878,1.0017926692962646
287802,-0.04598670080304146,0.00519405584782362,1.085437297821045
287812,-0.016919806599617004,-0.005241304636001587,1.0657421350479126
287822,-0.022237475961446762,0.023275310173630714,0.9410285353660583
287832,-0.030188990756869316,-0.020193878561258316,1.0330729484558105
287842,-0.02039603888988495,0.008436317555606365,0.8821268081665039
287852,-0.009236272424459457,-0.0341666154563427,0.9961257576942444
287862,-0.026461947709321976,-0.02841164357960224,0.9659689664840698
287872,-0.00797722302377224,-0.007729826960712671,0.9516789317131042
287882,0.0019417451694607735,-0.016642367467284203,0.9954400658607483
287892,0.008214586414396763,0.006829624064266682,0.9471287727355957
287902,-0.010231677442789078,-0.002816152758896351,0.9789871573448181
287912,-0.0087587870657444,0.01403997652232647,0.969042181968689
287922,-0.07732579112052917,0.03279241919517517,0.9520699381828308
287932,-0.014853781089186668,0.007509548682719469,1.0218900442123413
287942,-0.04305459186434746,0.011286412365734577,0.9531973004341125
287952,0.004810594022274017,-0.011353774927556515,1.004217505455017
287962,-0.03659543767571449,0.005087028257548809,0.8734593391418457
287972,-0.03398154675960541,0.003306154627352953,0.9164153933525085
287982,-0.011944182217121124,0.012661569751799107,0.9334158301353455
287992,-0.021872397512197495,0.020457951352000237,0.9259993433952332
288002,-0.015146969817578793,0.00258505973033607,0.917515218257904
288012,0.004965220578014851,0.0072309416718780994,0.9666633605957031
288022,-0.047543399035930634,0.03000924363732338,0.9115484356880188
288032,-0.013072960078716278,-0.005492374300956726,1.0032262802124023
288042,-0.03840780630707741,0.019983284175395966,0.9401721954345703
288052,-0.07974358648061752,0.02840868942439556,0.9696564674377441
288062,-0.05084381252527237,0.009892416186630726,0.9572045803070068
288072,-0.01723347045481205,-0.009939728304743767,1.0728378295898438
288082,0.01881049945950508,0.04588247463107109,0.9182506203651428
288092,-0.01936105452477932,0.09278146922588348,0.9164276719093323
288102,0.03951313719153404,0.048704035580158234,0.8734768033027649
288112,0.045128725469112396,-0.09487011283636093,1.0150701999664307
288122,0.00102250708732754,0.034264471381902695,0.9970406293869019
288132,-0.003300408599898219,0.15962322056293488,1.0179591178894043
288142,0.004828623030334711,0.04899800196290016,0.9945670962333679
288152,-0.02000589482486248,0.01224910095334053,1.048989176750183
288162,-0.03311488777399063,0.026670051738619804,1.0274397134780884
288172,-0.004295226186513901,0.00022114267630968243,1.067670464515686
288182,-0.018074020743370056,0.019450228661298752,1.070320963859558
288192,-0.008291284553706646,0.023304982110857964,1.0417319536209106
288202,-0.0910910964012146,0.013921313919126987,1.0383585691452026
288212,-0.0031146167311817408,0.04297233372926712,0.9367568492889404
288222,-0.024757374078035355,-0.07040966302156448,1.040136456489563
288232,-0.008571562357246876,0.12133751064538956,1.0873255729675293
288242,-0.008653009310364723,0.070460744202137,1.0349781513214111
288252,-0.0220956951379776,0.03498750552535057,1.0481678247451782
288262,0.007211613468825817,0.03072155825793743,1.0587197542190552
288272,0.009892582893371582,0.05285169184207916,1.1406809091567993
288282,-0.028675414621829987,0.05779107287526131,1.0870693922042847
288292,-0.057766254991292953,0.0444403775036335,1.0634756088256836
288302,-0.01325253490358591,0.05279909446835518,0.9798380136489868
288312,-0.014383696019649506,0.02472103387117386,1.106303095817566
288322,0.024049093946814537,0.03369549661874771,1.064292311668396
288332,-0.008732816204428673,0.038074199110269547,1.0297784805297852
288342,-0.056333400309085846,0.023041261360049248,1.0846457481384277
288352,-0.016216641291975975,0.0490424707531929,1.0322026014328003
288362,0.0009562650811858475,0.04383677989244461,1.048608660697937
288372,-0.008433608338236809,0.031865015625953674,1.1103452444076538
288382,-0.03610015660524368,0.01975863240659237,1.0497112274169922
288392,-0.02368839830160141,0.05951743572950363,0.9925420880317688
288402,-0.03623443469405174,0.05503463372588158,1.0897324085235596
288412,-0.014663622714579105,0.1159188374876976,1.1571356058120728
288422,-0.024508418515324593,0.005229827016592026,1.0835882425308228
288432,0.007923536002635956,0.026852663606405258,1.1143909692764282
288442,-0.013720138929784298,0.06106474995613098,1.0686171054840088
288452,0.012650338932871819,0.05279908701777458,1.097009539604187
288462,-0.029436543583869934,-0.06115341559052467,1.112756371498108
288472,-0.022483933717012405,0.0017325953813269734,1.13943350315094
288482,-0.016149897128343582,0.038693372160196304,1.018568754196167
288492,-0.015394412912428379,0.02377300336956978,1.0894086360931396
288502,-0.07455027848482132,0.0698578953742981,0.9940120577812195
288512,-0.0403459258377552,0.13966095447540283,1.0131293535232544
288522,-0.03985697776079178,-0.08903379738330841,1.0835589170455933
288532,0.02527673728764057,0.02219700627028942,1.0449472665786743
288542,-0.011468084529042244,0.05802994221448898,1.1251921653747559
288552,-0.043359577655792236,0.09509440511465073,1.0520784854888916
288562,-0.010827242396771908,0.049459319561719894,1.0161815881729126
288572,-0.011742648668587208,0.023665474727749825,1.0391204357147217
288582,-0.016757765784859657,0.021786071360111237,1.0243759155273438
288592,0.02086537331342697,-0.0600871816277504,1.0936119556427002
288602,0.01149276178330183,0.035444777458906174,1.0202736854553223
288612,-0.044755157083272934,0.01605571061372757,1.0660918951034546
288622,-0.04805425554513931,0.08124185353517532,0.9494292140007019
288632,-0.07883455604314804,0.11298992484807968,0.8906497955322266
288642,0.0023204090539366007,0.011643633246421814,1.0332411527633667
288652,-0.007265647407621145,-0.01724713109433651,0.9544278383255005
288662,-0.010240226052701473,-0.03729209303855896,0.9025671482086182
288672,-5.419170975073939e-06,0.01730530709028244,0.9270309209823608
288682,-0.013107355684041977,0.08879750221967697,1.0632901191711426
288692,0.02517486922442913,0.006807141471654177,1.0395549535751343
288702,-0.07762888073921204,-0.05979526415467262,0.9963687658309937
288712,-0.03823535144329071,0.05341678112745285,0.9914627075195312
288722,-0.06650226563215256,0.05080216005444527,0.9119864106178284
288732,-0.03842667117714882,0.14862875640392303,0.912502110004425
288742,-0.015879588201642036,0.37100109457969666,0.9782028794288635
288752,-0.09145499020814896,0.16504620015621185,0.9334816336631775
288762,-0.020122913643717766,0.056948788464069366,0.9392218589782715
288772,0.002085133222863078,-0.006314586382359266,0.9775182604789734
288782,-0.06107325106859207,0.019328514114022255,0.8903943300247192
288792,-0.046330004930496216,-0.014920949935913086,0.9635674357414246
288802,0.0071565560065209866,0.024749279022216797,0.925950288772583
288812,-0.019630394876003265,0.10727459192276001,0.9146577715873718
288822,0.0038764914497733116,0.17331543564796448,0.8554702401161194
288832,-0.06281964480876923,0.019752489402890205,0.9407979846000671
288842,-0.027751263231039047,-0.013060813769698143,0.9573636054992676
288852,-0.009254281409084797,-0.06918004155158997,1.0059362649917603
288862,-0.056303758174180984,-0.07493764907121658,0.9654400944709778
288872,-0.06900551915168762,-0.046729493886232376,0.9374502897262573
288882,0.013874132186174393,0.016248060390353203,0.9811204075813293
288892,-0.06885582953691483,0.11135642975568771,0.9111863970756531
288902,0.026511680334806442,0.1543097347021103,0.9081863164901733
288912,0.018926259130239487,0.010029829107224941,0.858533501625061
288922,-0.054004158824682236,-0.0031138670165091753,0.9330053925514221
288932,-0.012532117776572704,-0.000244994240347296,1.0186855792999268
288942,-0.008291560225188732,0.018855057656764984,0.9557138681411743
288952,0.05307716503739357,-0.02259536273777485,1.0235309600830078
288962,0.023887448012828827,0.006851097568869591,0.9421771764755249
288972,-0.038270335644483566,-0.054620880633592606,1.0089008808135986
288982,-0.12263165414333344,-0.05386544391512871,1.007866382598877
288992,0.00506922323256731,0.003105593379586935,1.0331346988677979
289002,-0.009277336299419403,0.009249498136341572,1.0507044792175293
289012,-0.08519391715526581,-0.008168395608663559,0.9718068242073059
289022,-0.004400087054818869,-0.012501041404902935,0.9741929173469543
289032,0.02301018312573433,-0.05530060827732086,1.0279170274734497
289042,0.04991323500871658,-0.014928065240383148,0.9006146788597107
289052,-0.004692164249718189,0.026518691331148148,1.0348455905914307
289062,-0.0561370849609375,0.03295675292611122,1.0768179893493652
289072,-0.09418220072984695,-0.018728647381067276,1.0109742879867554
289082,0.017944633960723877,0.0055661736987531185,1.0145339965820312
289092,0.03840517997741699,0.07340976595878601,1.019403338432312
289102,-0.04577591270208359,-0.10993526875972748,0.9997919797897339
289112,-0.03164713457226753,-0.0737777054309845,1.0463894605636597
289122,-0.05492895469069481,0.01721540279686451,0.94407719373703
289132,-0.03592381253838539,0.012076685205101967,0.999541163444519
289142,0.0315188392996788,0.05367719382047653,1.0353055000305176
289152,0.005407209508121014,0.006193629465997219,1.0470906496047974
289162,-0.03442550450563431,-9.714747284306213e-05,1.0049911737442017
289172,-0.006898127030581236,0.0017754429718479514,1.013620138168335
289182,-0.03706074133515358,-0.013189821504056454,1.0530916452407837
289192,-0.021781260147690773,0.002848095027729869,1.0209875106811523
289202,-0.0033252080902457237,0.007250376511365175,1.0139652490615845
289212,0.0010203755227848887,-0.0023967751767486334,1.092631459236145
289222,-0.006017328705638647,0.003506130538880825,1.0770126581192017
289232,-0.06260872632265091,-0.006233444437384605,1.03427255153656
289242,-0.004652632400393486,0.01744096353650093,0.9575634598731995
289252,-0.022233638912439346,-0.03208237886428833,1.0710402727127075
289262,-0.02790558896958828,-0.020398927852511406,1.0738623142242432
289272,-0.019989797845482826,-0.029576461762189865,1.0430152416229248
289282,0.022177712991833687,-0.024338576942682266,0.9780751466751099
289292,-0.03550875931978226,-0.014192155562341213,1.0427205562591553
289302,0.01946008950471878,0.014809312298893929,1.0378190279006958
289312,0.02583344280719757,0.09507282823324203,1.045493483543396
289322,0.02452835813164711,0.0765356570482254,1.003833532333374
289332,0.004440581426024437,0.07137808948755264,0.987312376499176
289342,-0.022333795204758644,-0.0077180415391922,1.0135759115219116
289352,-0.018653608858585358,-0.05739438533782959,1.0175788402557373
289362,-0.04359634593129158,-0.07355163246393204,1.048263430595398
289372,0.016331417486071587,-0.014973624609410763,1.0696555376052856
289382,-0.003897335845977068,0.009306577034294605,1.0179107189178467
289392,-0.0732937753200531,0.05373372510075569,1.0367242097854614
289402,-0.07982847094535828,0.013709859922528267,1.0165889263153076
289412,-0.019077366217970848,-0.003938325215131044,1.0036057233810425
289422,0.02870005927979946,-0.021847713738679886,1.0638511180877686
289432,0.010750607587397099,-0.009348058141767979,0.9960679411888123
289442,-0.016378303989768028,0.011142604053020477,0.9674941301345825
289452,-0.038168471306562424,0.052785199135541916,0.986236035823822
289462,-0.014927149750292301,0.007083010394126177,0.9963183403015137
289472,-0.021009521558880806,-0.029986364766955376,1.082432508468628
289482,0.015171384438872337,0.03226124122738838,0.9020681381225586
289492,-0.06778848171234131,-0.00026598808472044766,0.9940859079360962
289502,0.0001024564917315729,-0.02013123594224453,1.011806607246399
289512,0.0329444445669651,-0.15348026156425476,0.9525222182273865
289522,-0.021496746689081192,-0.12307824939489365,0.9209563136100769
289532,0.05324356630444527,-0.0020550163462758064,1.0610837936401367
289542,-0.011685972101986408,0.10774596780538559,0.9479445219039917
289552,0.0010935051832348108,0.021843338385224342,0.9836446046829224
289562,-0.021838391199707985,0.000286251277429983,0.986696720123291
289572,-0.0510738305747509,-0.0508214570581913,1.0390750169754028
289583,0.06484223902225494,-0.02840392291545868,0.7919464111328125
289592,-0.025084475055336952,-0.010187954641878605,0.9866893291473389
289602,0.013583716005086899,0.0034441803582012653,1.0537821054458618
289613,-0.011043490841984749,0.026107674464583397,0.95823073387146
289622,0.0019950636196881533,0.02513553947210312,0.9270762205123901
289632,-0.03961937129497528,-0.07351265847682953,1.0596017837524414
289642,0.03469768166542053,0.03855255991220474,0.9775508642196655
289652,-0.01456409227102995,0.07245989888906479,0.9810096025466919
289662,-0.03555426001548767,0.014858170412480831,1.0146766901016235
289672,0.04135404899716377,-0.0008942576823756099,1.017351508140564
289682,-0.010703537613153458,0.027354082092642784,0.9214837551116943
289692,-0.030866753309965134,0.11799323558807373,0.9403562545776367
289702,-0.003888174658641219,0.09333746135234833,0.9050232768058777
289712,-0.04325268417596817,-0.056811388581991196,1.0291199684143066
289722,0.04906680807471275,-0.07037976384162903,1.0448142290115356
289732,0.00669876579195261,-0.04519487917423248,1.0188754796981812
289742,-0.030758939683437347,0.02515648677945137,0.9309926629066467
289752,-0.020090466365218163,0.00737272622063756,1.0131959915161133
289762,-0.026096371933817863,0.02247627265751362,1.0014216899871826
289772,-0.018728259950876236,-0.07580306380987167,1.0395350456237793
289782,-0.08578549325466156,-0.07919696718454361,0.9303653240203857
289792,-0.031524382531642914,-0.0010723195737227798,1.0113686323165894
289802,0.021573299542069435,0.023869778960943222,0.997077226638794
289812,-0.030135372653603554,0.005161238834261894,0.9906156063079834
289822,-0.055245015770196915,0.005636307410895824,1.015362024307251
289832,-0.03196718171238899,0.053507257252931595,0.9916719198226929
289842,0.005869785323739052,0.04041738063097,0.9913610219955444
289852,-0.040264833718538284,0.036462944000959396,0.9186543226242065
289862,-0.09384888410568237,0.07502208650112152,0.9714862108230591
289872,-0.010490945540368557,0.07273301482200623,0.8939666748046875
289882,0.018215294927358627,0.026326673105359077,0.9626232981681824
289892,-0.0798448696732521,0.013249607756733894,0.9820215106010437
289902,-0.004111577291041613,0.007953362539410591,0.968560516834259
