time,x_gyro,y_gyro,z_gyro
386248,-0.2580682933330536,0.45865875482559204,2.32100510597229
386258,-1.3518812656402588,0.4633989930152893,-4.248922348022461
386268,0.7649219036102295,-1.410543441772461,4.269385814666748
386278,-1.3296705484390259,0.08162516355514526,-1.5527548789978027
386288,3.0574989318847656,-2.0116238594055176,1.5940088033676147
386298,-0.7555578351020813,0.9545902609825134,-2.7948825359344482
386308,1.7249993085861206,-2.3428895473480225,-0.041785962879657745
386318,4.854341506958008,-7.73041296005249,1.6344130039215088
386328,-4.652162075042725,7.475916862487793,6.85434627532959
386338,-3.0590131282806396,11.461265563964844,7.762324810028076
386348,8.616968154907227,2.46941876411438,6.438846111297607
386358,13.293371200561523,9.479044914245605,5.0124640464782715
386368,5.36483097076416,0.7705466151237488,4.91909122467041
386378,4.4667067527771,4.840365886688232,2.04780912399292
386388,13.797401428222656,11.426127433776855,3.338308095932007
386398,7.090202808380127,10.381010055541992,6.822617530822754
386408,15.167911529541016,20.735652923583984,6.652428150177002
386418,8.085428237915039,17.072994232177734,7.85182523727417
386428,15.14335823059082,27.3372802734375,5.731828689575195
386438,18.234603881835938,33.96783447265625,6.4300456047058105
386448,19.410375595092773,24.422992706298828,7.29824686050415
386458,23.16930389404297,30.70625114440918,8.10845947265625
386468,12.278351783752441,30.66679573059082,7.581144332885742
386478,13.717975616455078,30.951011657714844,6.612192153930664
386488,-3.989595651626587,12.23509693145752,6.643861770629883
386498,-5.195988655090332,-12.401338577270508,7.8494954109191895
386508,-13.244241714477539,-32.935089111328125,10.4390287399292
386518,-1.973831057548523,-42.179996490478516,7.982184886932373
386528,5.347732067108154,-46.13612365722656,7.456093788146973
386538,13.144685745239258,-43.983245849609375,5.3584089279174805
386548,13.231636047363281,-31.78346824645996,-0.24203145503997803
386558,2.941791296005249,-17.294967651367188,0.4006408452987671
386568,-13.061747550964355,-0.954415500164032,1.9215693473815918
386578,-45.437007904052734,14.106959342956543,3.1288020610809326
386588,-65.33631896972656,11.773138999938965,5.284511566162109
386598,-71.7549057006836,2.0030336380004883,6.429706573486328
386608,-75.57411193847656,-13.25683307647705,5.911762237548828
386618,-57.98837661743164,-33.43132400512695,6.758951663970947
386628,-33.89301681518555,-37.94136428833008,4.917453289031982
386638,-13.913968086242676,-43.551570892333984,4.960119247436523
386648,13.341249465942383,-38.00452423095703,3.8771135807037354
386658,25.392004013061523,-22.66045570373535,3.6745991706848145
386668,34.1060791015625,-2.845459461212158,1.3569821119308472
386678,26.02359962463379,4.755507469177246,4.1661295890808105
386688,23.451635360717773,15.47892951965332,1.8515156507492065
386698,3.7057547569274902,24.787656784057617,2.718815565109253
386708,-15.473328590393066,18.97710418701172,3.150959014892578
386718,-26.589147567749023,14.893758773803711,1.435556173324585
386728,-35.80747604370117,3.3576793670654297,1.8854670524597168
386738,-21.56477165222168,-3.976339340209961,-1.0466502904891968
386748,-13.384904861450195,-15.170903205871582,-0.6603675484657288
386758,6.837710857391357,-19.24356460571289,-0.4114074110984802
386768,20.11578941345215,-15.216854095458984,-0.4439554512500763
386778,28.3768253326416,-7.719274044036865,1.743874430656433
386788,25.136844635009766,-1.898494005203247,1.7033052444458008
386798,22.1106014251709,6.001536846160889,-0.2637293040752411
386808,8.11076831817627,18.78535270690918,-1.7003072500228882
386818,-7.948101997375488,17.645448684692383,-1.750217318534851
386828,-12.000235557556152,13.303542137145996,-1.9069563150405884
386838,-15.347343444824219,16.217681884765625,-2.1994974613189697
386848,-19.9002628326416,15.585905075073242,-1.9580868482589722
386858,-15.857141494750977,6.081460475921631,-1.5133169889450073
386868,-3.2486586570739746,-1.642807960510254,-2.8637657165527344
386878,5.855987548828125,-8.992437362670898,-3.103060007095337
386888,16.050640106201172,-10.678327560424805,-3.6669580936431885
386898,21.818178176879883,-10.537524223327637,-4.078904151916504
386908,22.943756103515625,-8.388651847839355,-4.712010860443115
386918,20.064613342285156,-6.191077709197998,-5.244001388549805
386928,16.664308547973633,-3.0834720134735107,-5.749495983123779
386938,15.532395362854004,-2.175527811050415,-4.710109233856201
386948,13.74755573272705,-1.1072293519973755,-3.0495970249176025
386958,11.21860122680664,1.1162470579147339,-3.096933364868164
386968,4.808877944946289,5.830226898193359,-3.018221139907837
386978,-2.945467472076416,11.79820442199707,-2.49599552154541
386988,-6.148073196411133,19.423057556152344,-3.0168285369873047
386998,-9.982109069824219,13.04800796508789,-1.8738301992416382
387008,-8.650553703308105,8.469741821289062,-0.20252208411693573
387018,-5.639442443847656,4.034861087799072,0.368243932723999
387028,-4.716089725494385,1.4826858043670654,-0.010016808286309242
387038,-6.203667640686035,3.787111759185791,0.15963174402713776
387048,-5.180172443389893,3.0221798419952393,-0.24822282791137695
387058,-4.305400371551514,2.3433873653411865,-0.19145412743091583
387068,-1.561238408088684,-0.4176330268383026,-0.18124014139175415
387078,0.8784208297729492,-1.9058576822280884,0.28799813985824585
387088,1.8861054182052612,-2.1566431522369385,0.3127375543117523
387098,3.6457223892211914,2.411268472671509,0.29214420914649963
387108,2.7825264930725098,4.423060417175293,-0.3388182520866394
387118,4.299250602722168,1.4551376104354858,0.9293978214263916
387128,1.1504762172698975,-1.0788949728012085,0.6341217160224915
387138,-3.779646158218384,-1.9808387756347656,0.27961355447769165
387148,-9.501195907592773,0.054346829652786255,-0.0953853651881218
387158,-11.179431915283203,1.5092540979385376,0.19655761122703552
387168,-8.793251991271973,0.7846235632896423,0.7046399116516113
387178,-2.7669825553894043,-0.44270068407058716,0.4004019498825073
387188,2.281670331954956,0.6713754534721375,0.0745374783873558
387198,5.69056510925293,4.290030002593994,-0.6256545782089233
387208,5.771553039550781,6.863189220428467,-1.2048906087875366
387218,5.266407012939453,8.394754409790039,-1.5774935483932495
387228,3.8721399307250977,7.297916412353516,-1.6843448877334595
387238,3.47702956199646,0.9986681938171387,-0.46599167585372925
387248,3.4956390857696533,-3.246788740158081,-0.3270917534828186
387258,2.851292371749878,-1.6000829935073853,-0.9166916608810425
387268,-1.2995976209640503,5.154636859893799,-1.1836026906967163
387278,-5.563713073730469,13.172847747802734,-0.9695870280265808
387288,-7.912416934967041,19.133342742919922,0.33158862590789795
387298,-9.849677085876465,26.06313705444336,0.2577817440032959
387308,-6.651163101196289,20.530540466308594,0.631627082824707
387318,2.1580731868743896,20.73274040222168,1.0673893690109253
387328,3.584977149963379,19.60310173034668,1.5345402956008911
387338,4.160053253173828,11.954511642456055,2.6343581676483154
387348,13.594914436340332,6.600033283233643,1.6639348268508911
387358,10.05668830871582,5.651712417602539,1.7505741119384766
387368,3.337299346923828,1.8836429119110107,2.828422784805298
387378,4.96259069442749,-2.5630743503570557,2.1987674236297607
387388,1.1936219930648804,3.231987237930298,0.5142968893051147
387398,-7.4117631912231445,1.4527003765106201,1.774990200996399
387408,-8.214374542236328,2.572002649307251,1.4263612031936646
387418,-7.069136619567871,3.965090274810791,1.7350138425827026
387428,-5.9120025634765625,5.141094207763672,1.8179888725280762
387438,-3.094496726989746,2.750955104827881,2.6025185585021973
387448,3.3771564960479736,0.4573156237602234,1.7524232864379883
387458,6.288125038146973,0.11428330093622208,0.24472077190876007
387468,6.612900733947754,-2.634610176086426,0.28836721181869507
387478,6.233237266540527,-6.525445461273193,0.6517590880393982
387488,3.7734594345092773,-8.25355052947998,0.9845923781394958
387498,1.7381974458694458,-10.304400444030762,-0.5600579380989075
387508,0.34798359870910645,-11.865887641906738,-0.8728687763214111
387518,-1.445791482925415,-10.426118850708008,-0.626543402671814
387528,-3.310051202774048,-3.0957038402557373,0.09981727600097656
387538,-3.4183061122894287,-2.813880681991577,-0.3967999219894409
387548,-2.7752091884613037,-4.778136730194092,-0.09189903736114502
387558,4.56441068649292,-7.546364784240723,-0.362588107585907
387568,7.790907382965088,0.06933605670928955,-1.2623058557510376
387578,6.971734523773193,-0.7420457005500793,-0.06236875429749489
387588,6.4130473136901855,-3.1564443111419678,0.3013547956943512
387598,7.481077194213867,-8.77871036529541,0.6404677033424377
387608,5.629624366760254,-8.061661720275879,-0.8243341445922852
387618,1.7633099555969238,-9.210333824157715,-0.844113826751709
387628,-1.2428491115570068,-13.854589462280273,0.21807925403118134
387638,-1.9320558309555054,-14.704232215881348,0.3584253489971161
387648,-3.435243844985962,-8.453206062316895,-1.2829831838607788
387658,-6.849361419677734,-5.690552234649658,-2.0135529041290283
387668,-6.914651393890381,-5.30073881149292,-1.7552965879440308
387678,-3.5371956825256348,-2.710573196411133,-1.1644436120986938
387688,-0.6769744753837585,-1.9533897638320923,-0.9355143904685974
387698,3.3780593872070312,-2.132091522216797,-0.9789612889289856
387708,5.80423641204834,-4.8187575340271,-1.396794080734253
387718,3.0979740619659424,-1.6773111820220947,-2.005247116088867
387728,0.1683291643857956,3.4405338764190674,-1.9945483207702637
387738,-0.6898952722549438,-2.854708433151245,-0.19924309849739075
387748,1.5305920839309692,-10.233386039733887,0.18386711180210114
387758,-1.2517225742340088,-4.97471809387207,-0.8190943002700806
387768,-1.4598007202148438,-4.260198593139648,-0.43765243887901306
387778,-4.904891490936279,-1.5559757947921753,-1.1307199001312256
387788,-3.2172961235046387,-8.506562232971191,-0.7352864742279053
387798,2.4348721504211426,-6.720182418823242,-0.7232736945152283
387808,4.681397914886475,-7.625717639923096,-1.5079494714736938
387818,1.8607821464538574,-1.154443621635437,-1.9510055780410767
387828,-0.7903714776039124,2.557996988296509,-2.1530113220214844
387838,-4.5059332847595215,5.6202874183654785,-1.036247730255127
387848,-5.692446231842041,5.280445575714111,-1.7481015920639038
387858,-3.6184191703796387,2.4148480892181396,-2.1960041522979736
387868,-1.5425269603729248,-2.699392080307007,-1.4235166311264038
387878,4.326378345489502,-6.309303283691406,-0.16084203124046326
387888,9.859328269958496,-8.455367088317871,0.2109239101409912
387898,15.050609588623047,-15.380125045776367,-0.5411849617958069
387908,19.937379837036133,-27.885637283325195,-0.2697954475879669
387918,24.292049407958984,-36.28131103515625,-0.06319927424192429
387928,22.81208610534668,-28.59559440612793,-0.7248654365539551
387938,13.169642448425293,-12.987581253051758,-1.4898228645324707
387948,1.69517183303833,-2.2821710109710693,-1.6746305227279663
387958,-8.939932823181152,1.6291056871414185,-1.4116050004959106
387968,-12.155720710754395,1.296317219734192,-1.1769819259643555
387978,-11.541452407836914,1.5513702630996704,-1.339651346206665
387988,-9.848926544189453,1.9083585739135742,-1.7911677360534668
387998,-5.864627838134766,-0.6271235346794128,-2.4436848163604736
388008,-0.2789810299873352,-5.815194129943848,-1.6112306118011475
388018,3.653531312942505,-7.913722991943359,-0.9187032580375671
388028,7.496114730834961,-8.78352165222168,-1.6156575679779053
388038,8.95988655090332,-12.528252601623535,-1.564489722251892
388048,4.758397579193115,-7.819754123687744,-1.6518853902816772
388058,6.622343063354492,-5.383049964904785,-1.0567020177841187
388068,-1.5963600873947144,6.759397029876709,-1.5818980932235718
388078,-9.207708358764648,14.927533149719238,-1.2668509483337402
388088,-12.203293800354004,8.84174633026123,-0.054979514330625534
388098,-10.046866416931152,6.1385498046875,-0.19078080356121063
388108,-9.388400077819824,8.306480407714844,-1.2469704151153564
388118,-7.7464823722839355,6.29260778427124,-1.0095802545547485
388128,-4.33624792098999,-0.4172261655330658,-0.48731374740600586
388138,0.34688153862953186,-4.320713520050049,-0.13875135779380798
388148,2.1705379486083984,-5.498175144195557,-0.4520145356655121
388158,1.4685231447219849,-3.7458598613739014,-0.6524344086647034
388168,2.898426055908203,-3.5267627239227295,-1.0306919813156128
388178,-1.711316466331482,1.3955918550491333,-1.0258543491363525
388188,-6.4189276695251465,11.644521713256836,-0.4091331660747528
388198,-7.220089912414551,7.216038227081299,-0.8484483957290649
388208,-10.504188537597656,14.04431438446045,-1.551870584487915
388218,-9.513691902160645,1.7704238891601562,-0.16996704041957855
388228,-10.93922233581543,5.291267395019531,-1.764034628868103
388238,-7.803065299987793,3.971029281616211,-1.1773484945297241
388248,-5.102682590484619,4.268125534057617,-1.970650315284729
388258,-3.0049808025360107,3.6286070346832275,-2.038912057876587
388268,-2.163419723510742,1.6715954542160034,-0.6037558317184448
388278,2.212435245513916,0.7673119306564331,-1.4351731538772583
388288,1.8606007099151611,4.102797985076904,-1.8105392456054688
388298,-2.7175188064575195,4.2211503982543945,-0.4775009751319885
388308,-6.805855751037598,3.301225423812866,0.08438777178525925
388318,-8.908211708068848,3.2526137828826904,-1.1495124101638794
388328,-10.760381698608398,3.1301708221435547,-1.4441040754318237
388338,-8.71429443359375,-1.8796488046646118,-1.0062837600708008
388348,-7.948855400085449,2.6138315200805664,-1.0558643341064453
388358,-6.389054775238037,4.248589038848877,0.0769493579864502
388368,-6.357613563537598,11.553557395935059,-0.5353401303291321
388378,-3.1072371006011963,7.770129203796387,-0.2607570290565491
388388,2.933664321899414,0.4420110583305359,0.44231903553009033
388398,7.211801528930664,-1.3815935850143433,0.04117535799741745
388408,6.248182773590088,3.507601261138916,-1.2659128904342651
388418,1.5582025051116943,9.075143814086914,-1.5059294700622559
388428,-1.6828956604003906,6.345556735992432,-1.185253620147705
388438,-5.5315260887146,6.430978775024414,-1.0092226266860962
388448,-4.185039520263672,3.0084872245788574,-0.9096142053604126
388458,-4.307643413543701,-1.0848569869995117,-1.2209985256195068
388468,-3.2488114833831787,-1.5623588562011719,-2.166412591934204
388478,-2.4310059547424316,-1.9864941835403442,-1.908235788345337
388488,-0.8068125247955322,-2.100585699081421,-1.210771083831787
388498,1.5033442974090576,0.5424531102180481,-1.1203579902648926
388508,1.364006757736206,6.410948276519775,-0.7166635990142822
388518,2.2666521072387695,6.9957780838012695,-0.7490968108177185
388528,2.084038257598877,2.821746349334717,-1.0200895071029663
388538,4.102911472320557,-3.842938184738159,-0.20162606239318848
388548,6.562413692474365,-1.5805439949035645,-0.4161834716796875
388558,3.5205202102661133,5.194284915924072,-1.5111271142959595
388568,1.506498098373413,11.30405044555664,-1.0150247812271118
388578,2.656083583831787,3.092512845993042,-0.00450547831133008
388588,8.02706241607666,-4.052326679229736,-0.2974937856197357
388598,8.602387428283691,0.9199780821800232,-1.1414070129394531
388608,6.498167991638184,5.8814167976379395,-0.9471012949943542
388618,5.077193737030029,-1.5015287399291992,0.14230655133724213
388628,6.8488287925720215,2.2910797595977783,-0.8039200305938721
388638,3.2584004402160645,2.370462656021118,0.06550920009613037
388648,1.1240217685699463,0.4018079340457916,0.5436598658561707
388658,2.5577030181884766,2.344320774078369,-0.5346290469169617
388668,-0.18413744866847992,-2.0432310104370117,1.164946436882019
388678,1.6124566793441772,-0.4953400790691376,0.7997922301292419
388688,2.376460552215576,-4.294284343719482,0.25766634941101074
388698,2.252180814743042,-4.888022422790527,1.3797796964645386
388708,0.3816514313220978,-3.1273488998413086,-0.0565708689391613
388718,2.4318761825561523,-8.316824913024902,0.8368266224861145
388728,-0.0920654758810997,-1.1088393926620483,0.0003957389562856406
388738,-1.262940764427185,-4.183485984802246,0.08135038614273071
388748,1.504656434059143,-5.1726298332214355,-0.18639029562473297
388758,-1.3010810613632202,0.6466830372810364,-0.20365481078624725
388768,-4.294163703918457,-1.4594265222549438,1.415354609489441
388778,3.1264169216156006,-1.9093596935272217,0.5948526263237
388788,0.7948057055473328,6.4214982986450195,0.6620660424232483
388798,1.5349535942077637,1.3048853874206543,1.163100242614746
388808,3.6662979125976562,-1.306212306022644,0.4816148281097412
388818,0.8982473015785217,0.2651420533657074,-0.26531949639320374
388828,-0.8566979765892029,-1.1657133102416992,1.1774873733520508
388838,0.9199284315109253,-4.477620601654053,1.3771779537200928
388848,0.7079917788505554,-2.427000045776367,0.1728631854057312
388858,-0.04805366322398186,-0.4481712281703949,-0.11536886543035507
388868,-2.1588709354400635,-1.2660032510757446,0.13218183815479279
388878,-3.053299903869629,-2.7624125480651855,1.2029342651367188
388888,-3.2929251194000244,-1.6185462474822998,0.8120933175086975
388898,-3.2086315155029297,-2.817507266998291,-0.1970537155866623
388908,-2.603081226348877,-2.3674185276031494,-0.3017127215862274
388918,0.5430943369865417,-6.140356540679932,-0.5600057244300842
388928,2.0843985080718994,-5.571432590484619,0.1102282926440239
388938,0.872188925743103,1.5910887718200684,-0.04472711309790611
388948,0.38372647762298584,6.650387287139893,-0.5259948372840881
388958,1.2741695642471313,0.9473294615745544,0.687824547290802
388968,1.1515835523605347,1.4142056703567505,0.01076891552656889
388978,-0.4937380850315094,0.03720035031437874,0.6662030220031738
388988,-0.5123763084411621,-1.4638092517852783,0.882329523563385
388998,-0.4874182939529419,-1.8557096719741821,0.6494992971420288
389008,-0.8160464763641357,-2.0570530891418457,0.7285746335983276
389018,-0.011830491945147514,-2.9696152210235596,0.2724263072013855
389028,0.5029452443122864,-3.41656231880188,0.04556883126497269
389038,-2.2490122318267822,-1.7591795921325684,0.5136244297027588
389048,-4.600253582000732,0.5143409967422485,0.6266701221466064
389058,-4.119666576385498,0.7336809039115906,0.06854206323623657
389068,-3.2577855587005615,2.5544190406799316,-0.3767954409122467
389078,-1.391916275024414,-1.5173741579055786,-0.10450597107410431
389088,-4.841660976409912,2.5901882648468018,-0.682228147983551
389098,-1.909745454788208,0.7332230806350708,-0.6470528244972229
389108,3.8986079692840576,-4.436773300170898,-1.1787694692611694
389118,6.4676971435546875,-5.677727222442627,-1.5680582523345947
389128,4.093408107757568,-4.775966167449951,-1.567586898803711
389138,2.1148486137390137,2.4709699153900146,-1.022278070449829
389148,2.525991916656494,-4.3904314041137695,-1.5669505596160889
389158,1.3080222606658936,-3.414781332015991,-1.4526878595352173
389168,-0.541858971118927,-1.5973186492919922,-1.1328710317611694
389178,-2.8236873149871826,7.1306352615356445,-1.528802514076233
389188,-2.421947479248047,2.086256265640259,-0.314485102891922
389198,-6.5125732421875,11.188753128051758,-1.5116801261901855
389208,-2.0270469188690186,2.7713780403137207,-0.5136882066726685
389218,6.840167045593262,-2.4198012351989746,-1.0739303827285767
389228,10.32605266571045,0.792134165763855,-1.7370165586471558
389238,12.544073104858398,2.6883978843688965,-1.105905294418335
389248,10.111505508422852,-2.9081554412841797,0.6107260584831238
389258,10.433560371398926,0.3433065414428711,-0.6061505675315857
389268,6.828643321990967,-1.0786212682724,0.18022525310516357
389278,2.0645477771759033,-1.3130519390106201,0.07576097548007965
389288,-0.8903294801712036,-0.5253541469573975,-1.2091848850250244
389298,-5.939119815826416,-0.9488232731819153,0.8585785627365112
389308,-4.793444633483887,-2.4694981575012207,0.5965756773948669
389318,-3.966811418533325,-3.738858938217163,0.7800036668777466
389328,-2.7800168991088867,-0.8166572451591492,2.3996269702911377
389338,-1.7760024070739746,-3.3844454288482666,0.5222729444503784
389348,3.7045841217041016,-2.9773454666137695,2.392624855041504
389358,0.11010374128818512,3.1474485397338867,1.9013186693191528
389368,-6.242875099182129,-4.873103618621826,3.0377566814422607
389378,-18.135448455810547,4.349788188934326,1.8959431648254395
389388,-39.082035064697266,-1.9885300397872925,2.4813311100006104
389398,-45.79604721069336,1.3552539348602295,1.5612901449203491
389408,-56.37662887573242,-4.7598724365234375,1.0703818798065186
389418,-50.66178894042969,-7.326321601867676,1.5466104745864868
389428,-45.44942855834961,-3.776589870452881,0.5062755942344666
389438,-34.19856643676758,-12.913568496704102,2.7155418395996094
389448,-14.101456642150879,-2.556384801864624,1.0365769863128662
389458,-9.856677055358887,-3.039900302886963,3.0529682636260986
389468,-1.0771980285644531,2.34134578704834,0.8375632762908936
389618,2.4419329166412354,4.699878215789795,-1.473328948020935
389638,-4.237436771392822,-1.223994493484497,-1.6574229001998901
389648,-3.2250874042510986,-1.749118447303772,-2.188934087753296
389658,-1.9104434251785278,-2.8289592266082764,-2.047196865081787
389668,0.13133011758327484,-2.923240900039673,-0.9049234390258789
389678,2.6212821006774902,0.6219364404678345,-0.6794766783714294
389688,8.355094909667969,-0.44727587699890137,-1.263177514076233
389698,10.347589492797852,0.15189553797245026,-1.9392805099487305
389708,16.36887550354004,0.798387348651886,-1.7242224216461182
389728,15.549369812011719,3.9719674587249756,-0.6739680767059326
389738,13.320843696594238,3.3299505710601807,-1.8102623224258423
389748,11.537396430969238,2.2224678993225098,-1.5494672060012817
389758,11.240933418273926,-5.649942398071289,-1.5428599119186401
389768,9.385357856750488,-2.667379379272461,-1.928438663482666
389778,9.909452438354492,-3.577130079269409,-2.1667490005493164
389788,8.527189254760742,-2.2285022735595703,-1.5213345289230347
389798,7.210691452026367,-1.1091477870941162,-2.2454440593719482
389808,6.872610569000244,-0.567710816860199,-1.9141738414764404
389818,3.219240665435791,1.7418715953826904,-1.9936766624450684
389828,8.781415939331055,-0.5258253216743469,-1.797881007194519
389838,11.175013542175293,-0.8821438550949097,-2.2205405235290527
389848,15.481863975524902,-1.9609439373016357,-2.2655208110809326
389858,14.464762687683105,2.5327107906341553,-2.246748924255371
389868,12.3733549118042,0.0021234177984297276,-1.6511906385421753
389878,12.676766395568848,-6.083757400512695,-1.3512791395187378
389888,15.153040885925293,-7.635899066925049,-1.9274706840515137
389898,12.87179946899414,-1.684300184249878,-1.974105715751648
389908,11.065023422241211,1.1220111846923828,-2.0555179119110107
389918,6.812381744384766,4.386532783508301,-1.698948621749878
389928,10.225866317749023,3.574239730834961,-1.3554050922393799
389938,10.575643539428711,3.9166696071624756,-1.4972268342971802
389948,10.967408180236816,5.543327808380127,-1.8797670602798462
389958,11.151083946228027,1.8757045269012451,-1.312476396560669
389968,10.906068801879883,-0.3359875977039337,-1.5787616968154907
389978,10.845216751098633,-5.339504241943359,-1.1267045736312866
389988,7.658204078674316,-0.5772700905799866,-1.5942567586898804
389998,7.549154281616211,1.4086484909057617,-1.6638009548187256
390008,7.989772319793701,5.124753952026367,-1.4198890924453735
390018,8.149690628051758,1.884782314300537,-0.39408406615257263
390028,8.696283340454102,1.5527961254119873,-0.02731931023299694
390038,9.194164276123047,4.616282939910889,-0.9053331613540649
390048,8.004280090332031,6.537344455718994,-1.5204699039459229
390058,7.092942714691162,3.6089260578155518,-0.4505332410335541
390068,6.032290458679199,0.3629242479801178,0.17126059532165527
390078,6.596385478973389,-0.209259495139122,-0.37247103452682495
390088,5.9888176918029785,3.023265838623047,-1.4163106679916382
390098,4.154406547546387,5.001762866973877,-1.5877286195755005
390108,3.065117597579956,2.7521233558654785,-0.8119940757751465
390118,2.792011022567749,0.5529019832611084,0.14045450091362
390128,1.3450506925582886,1.9304766654968262,-1.1477539539337158
390138,0.899361789226532,3.260589361190796,-1.5843145847320557
390148,-0.3569531738758087,4.839055061340332,-1.1346254348754883
390158,-2.1020920276641846,4.047608375549316,-0.6106762290000916
390168,-2.1348094940185547,1.3762644529342651,0.27506202459335327
390178,1.505183458328247,-1.038621425628662,0.34754273295402527
390188,4.638185024261475,-0.7266350984573364,-0.9081868529319763
390198,6.667726516723633,-1.1518698930740356,-1.3955563306808472
390208,7.007784366607666,-1.572082281112671,-1.137168526649475
390218,5.443793296813965,-1.436302661895752,-1.0274162292480469
390228,1.6307955980300903,1.3984867334365845,-0.9139265418052673
390238,-1.46063232421875,2.4159018993377686,-0.5215951204299927
390248,-4.337374210357666,3.3743386268615723,-0.8189879059791565
390258,-3.9983391761779785,3.636117696762085,-0.8197619915008545
390268,-3.2737717628479004,2.963756561279297,-1.312781572341919
390278,-3.1952691078186035,2.6213862895965576,-0.24665968120098114
390288,-2.25937819480896,1.0207793712615967,-1.2078667879104614
390298,-0.5618048906326294,0.02531118504703045,-0.7606006860733032
390308,-1.5232553482055664,-0.6452952027320862,-1.2061423063278198
390318,-0.5958132147789001,-1.6591006517410278,-0.7332637906074524
390328,1.3104302883148193,-2.462313175201416,-0.7984738945960999
390338,2.171156167984009,-2.1380317211151123,-1.204188346862793
390348,3.4640755653381348,-2.2281999588012695,-1.098071575164795
390358,3.9876039028167725,-1.893035888671875,-0.6809972524642944
390368,2.89257550239563,-0.6647627949714661,-0.5495460033416748
390378,0.15660138428211212,3.175842523574829,-0.3153002858161926
390388,-2.0836620330810547,6.181941509246826,-0.5182042121887207
390398,-4.926076412200928,5.287437915802002,-1.022417664527893
390408,-5.545279502868652,-0.7731757760047913,-0.911759614944458
390418,-4.1725006103515625,-3.8646209239959717,-1.8684836626052856
390428,-1.7813483476638794,-7.157325744628906,-1.0965982675552368
390438,-1.324487328529358,-3.949503183364868,-0.8789838552474976
390448,-2.354764699935913,1.9069188833236694,-0.963210940361023
390458,-3.6563644409179688,2.2611377239227295,-1.0826419591903687
390468,-0.483773410320282,-2.7823472023010254,-0.46613532304763794
390478,-0.3776859939098358,2.3863978385925293,-0.5546509027481079
390488,-0.4456687569618225,7.989760875701904,-0.45351752638816833
390498,-0.5294370651245117,2.4902725219726562,0.6731789708137512
390508,1.5721007585525513,-3.7716259956359863,0.34449082612991333
390518,-1.4671390056610107,5.222834587097168,-0.39051756262779236
390528,-9.72607707977295,-0.8837900757789612,0.6353091597557068
390538,-0.6316191554069519,-5.390719890594482,0.12877033650875092
390548,-3.7238640785217285,4.4337897300720215,-0.8384012579917908
390558,0.6935288906097412,-1.862443447113037,-0.486400842666626
390568,1.3755242824554443,1.3110592365264893,0.009934044443070889
390578,-3.381448268890381,4.213077545166016,0.3496517539024353
390588,-3.0537779331207275,-5.288910388946533,0.7341206669807434
390598,1.0413501262664795,1.165740728378296,-0.18856623768806458
390608,-4.998851776123047,2.3181512355804443,0.13395759463310242
390618,-5.198462963104248,-4.89937686920166,1.5536267757415771
390628,-4.418098449707031,-2.085489511489868,0.6219894886016846
390638,-2.7173104286193848,-0.5140914916992188,0.1757325381040573
390648,-4.130817890167236,-3.601072072982788,1.1650993824005127
390658,-2.619354724884033,-6.5459136962890625,1.3347923755645752
390668,-2.3571345806121826,-3.6354897022247314,-0.10302905738353729
390678,-1.4981597661972046,0.7655836343765259,-0.884799599647522
390688,-2.806750774383545,-1.4821264743804932,-0.001490556402131915
390698,-3.0506985187530518,-2.975275754928589,0.3305741250514984
390708,-3.8280282020568848,-1.4502936601638794,-0.7683481574058533
390718,-3.975494623184204,-1.4008526802062988,-1.0139288902282715
390728,-6.058333396911621,-1.3804374933242798,-1.7802538871765137
390738,-7.57299280166626,-3.2204461097717285,-1.6382237672805786
390748,-7.831592082977295,-4.82151460647583,-0.8594401478767395
390758,-6.397424221038818,-5.224000930786133,-0.5530553460121155
390768,-5.820971965789795,-5.909718990325928,-0.280443012714386
390778,-3.3363754749298096,-5.616058349609375,-0.8324024677276611
390788,-2.0569794178009033,-5.777408123016357,-1.2529888153076172
390798,-0.9308680891990662,-6.949145793914795,-2.3096773624420166
390808,2.7111294269561768,-9.503276824951172,-2.3538784980773926
390818,3.99564528465271,-11.446215629577637,-2.275585412979126
390828,4.060738563537598,-11.133801460266113,-2.034944534301758
390838,1.6037726402282715,-6.660170078277588,-1.4131008386611938
390848,-0.1276383101940155,3.459240436553955,-2.1387956142425537
390858,-2.843874216079712,8.467796325683594,-1.3573461771011353
390868,-2.521136999130249,12.724664688110352,-1.777245283126831
390878,1.3236278295516968,4.186948776245117,-0.12971040606498718
390888,2.47784423828125,0.6845042705535889,-0.5746918320655823
390898,5.46756649017334,-6.202574729919434,0.09754655510187149
390908,3.066682815551758,-3.8473660945892334,-1.0647720098495483
390918,2.8801872730255127,-3.5835378170013428,-0.3501816689968109
390928,0.087166428565979,-0.8908665776252747,-0.7112438678741455
390938,2.781421661376953,-6.233992099761963,0.2129131555557251
390948,5.606576919555664,-0.6044958829879761,-0.8034501075744629
390958,5.692475318908691,0.1792777180671692,-0.5606123805046082
390968,5.577466011047363,-5.471028804779053,0.398573637008667
390978,8.841901779174805,4.220506191253662,-0.8610562086105347
390988,4.448244571685791,1.4801886081695557,0.20757368206977844
390998,2.3027284145355225,0.2786659896373749,0.651610255241394
391008,2.2867157459259033,2.1905298233032227,-0.17192600667476654
391018,-3.8396799564361572,-0.22478412091732025,0.7089203000068665
391028,-4.500285625457764,-4.019304275512695,1.4105172157287598
391038,-4.60138463973999,-2.454606533050537,0.17009519040584564
391048,-6.570487022399902,-1.7715181112289429,0.09864500910043716
391058,-5.465038299560547,-2.8260867595672607,1.0989304780960083
391068,-1.4769552946090698,0.9701923727989197,-0.553929328918457
391078,-1.0215815305709839,3.8498175144195557,-0.01936294510960579
391088,0.2584047317504883,2.695807933807373,0.05208173394203186
391098,0.5487380623817444,2.4348225593566895,-0.4976092278957367
391108,2.3026607036590576,2.123450517654419,-0.35280337929725647
391118,1.9627259969711304,0.7904592752456665,0.185313880443573
391128,1.0012054443359375,-0.3263057768344879,0.21436510980129242
391138,0.1320647895336151,-2.103318929672241,-0.8805213570594788
391148,-2.7678022384643555,-4.239489555358887,-0.4471583068370819
391158,-3.615271806716919,-3.8064651489257812,-0.262192964553833
391168,-3.4944097995758057,-2.2657766342163086,-0.2719167470932007
391178,-4.6372480392456055,-0.336772084236145,-0.5977742075920105
391188,-6.272700309753418,2.531826972961426,-0.23689717054367065
391198,-7.0286760330200195,4.6770782470703125,0.2134505957365036
391208,-7.557506084442139,6.181653022766113,0.10165446996688843
391218,-4.59232234954834,4.155990123748779,0.5017586946487427
391228,-0.7383338809013367,-2.5741450786590576,0.34334173798561096
391238,0.7215209007263184,1.7347742319107056,0.6159560680389404
391248,2.003896474838257,0.8962140083312988,0.8630650043487549
391258,0.5176045894622803,6.939425468444824,0.7454372644424438
391268,1.0711184740066528,-2.5116705894470215,1.3542081117630005
391278,3.1746108531951904,-5.040572166442871,1.4669268131256104
391288,0.5497026443481445,-3.4807465076446533,1.5305441617965698
391298,3.1535115242004395,-12.96640396118164,2.368427276611328
391308,3.576420783996582,-13.149694442749023,1.447235345840454
391318,2.9602835178375244,-10.013785362243652,1.8879809379577637
391328,1.0785785913467407,-5.285993576049805,2.0408377647399902
391338,-4.483765602111816,2.1905269622802734,2.3891069889068604
391348,-9.397353172302246,8.077473640441895,2.9344558715820312
391358,-8.288211822509766,11.125103950500488,2.0820841789245605
391368,-8.390625,3.8257362842559814,1.713334560394287
391378,-3.663898229598999,-2.2971088886260986,1.7025953531265259
391388,0.8803391456604004,0.5118465423583984,1.074492335319519
391398,2.941767692565918,0.10123404860496521,1.256414532661438
391408,5.793367862701416,0.9064898490905762,0.544611930847168
391418,4.566887855529785,-0.8809147477149963,0.470354288816452
391428,6.099218845367432,1.5237107276916504,0.14735345542430878
391438,7.988232612609863,3.708808660507202,-0.4568628966808319
391448,8.923415184020996,2.7362070083618164,0.1258719265460968
391458,7.853845119476318,0.33622726798057556,-0.4852941632270813
391468,6.889954090118408,-1.2847802639007568,-0.35716843605041504
391478,7.533842086791992,-3.523010492324829,-0.6414497494697571
391488,7.431208610534668,-5.221307277679443,-0.5926496982574463
391498,6.672727584838867,-4.887487888336182,-0.09973633289337158
391508,5.372741222381592,-4.875997066497803,-0.22922305762767792
391518,5.22471809387207,-0.9035145044326782,-0.2821938991546631
391528,5.820912837982178,0.8815488219261169,0.03354640305042267
391538,7.07884407043457,1.7917377948760986,0.4132177531719208
391548,8.886066436767578,1.5408036708831787,0.6709029674530029
391558,11.65555191040039,0.8410426378250122,0.5172353982925415
391568,11.91351318359375,0.1445794701576233,0.6497015357017517
391578,13.552477836608887,-1.054507851600647,1.2717519998550415
391588,11.632582664489746,-0.789841890335083,0.9622417092323303
391598,10.787947654724121,-1.0201328992843628,1.4496768712997437
391608,9.738815307617188,-0.8996450901031494,1.5160983800888062
391618,9.243073463439941,-1.3289190530776978,1.2560433149337769
391628,9.051379203796387,-4.118134021759033,1.5103697776794434
391638,9.477632522583008,-7.010501384735107,0.7783552408218384
391648,7.938148498535156,-7.199355602264404,1.6615455150604248
391658,4.40627908706665,-6.978870868682861,1.5394569635391235
391668,2.7656710147857666,-6.992995262145996,1.0813789367675781
391678,4.823429584503174,-4.459743022918701,1.9392105340957642
391688,2.4382448196411133,-2.283996820449829,1.2542500495910645
391698,5.233386516571045,-0.17226263880729675,1.3089162111282349
391708,5.042693138122559,2.100330114364624,1.445344090461731
391718,6.0965681076049805,1.6393643617630005,1.7563949823379517
391728,11.026089668273926,3.215088129043579,1.4842666387557983
391738,2.544304132461548,1.6261889934539795,1.9283007383346558
391748,5.848557949066162,-3.101789712905884,1.946717619895935
391758,-1.2072077989578247,1.776118278503418,1.5986639261245728
391768,-4.599171161651611,-2.854003429412842,2.173994302749634
391778,-8.927526473999023,-1.5894606113433838,1.6457079648971558
391788,-16.111026763916016,-2.7317864894866943,1.4118423461914062
391798,-8.582913398742676,0.8448159694671631,1.052886724472046
391808,-12.7018404006958,2.385195016860962,1.3499382734298706
391818,-10.78615665435791,2.213902711868286,1.4503638744354248
391828,-5.200190544128418,8.624902725219727,1.3534854650497437
391838,-8.016531944274902,-0.6693199872970581,3.0751476287841797
391848,4.228263854980469,2.0432920455932617,1.4001154899597168
391858,-0.1743631511926651,3.865339756011963,2.659308671951294
391868,2.2264037132263184,-1.1480835676193237,2.4801557064056396
391878,3.9758126735687256,6.768879413604736,0.9078209400177002
391888,-3.78104829788208,-0.4036570191383362,3.1949305534362793
391898,-3.573169231414795,0.7168824672698975,2.004270553588867
391908,-6.439810276031494,3.1803460121154785,1.6747941970825195
391918,-8.733240127563477,-5.152960300445557,2.565467119216919
391928,-4.847074508666992,-0.8926995992660522,0.6051679253578186
391938,-10.70113468170166,-0.29949072003364563,1.3846677541732788
391948,-7.802516460418701,-1.18741774559021,1.092064380645752
391958,-5.487758636474609,0.3064012825489044,0.3601309061050415
391968,-5.955609321594238,3.0495264530181885,0.6744159460067749
391978,-3.2841286659240723,0.6677650809288025,0.947223961353302
391988,-1.6154001951217651,1.6618165969848633,-0.21984028816223145
391998,-0.17531242966651917,0.6206493377685547,0.6925591230392456
392008,-0.9697852730751038,0.030256925150752068,0.4660492539405823
392018,-1.2179105281829834,-0.1255468726158142,0.5171186327934265
392028,-0.7373908758163452,0.41045522689819336,-0.6507519483566284
392038,-2.384235382080078,0.1672389805316925,0.5085248351097107
392048,-2.393770933151245,0.23829980194568634,0.03597880154848099
392058,-3.369999408721924,-0.20938293635845184,-0.7782609462738037
392068,-3.3439533710479736,-2.6409318447113037,0.5721479654312134
392078,-4.088408470153809,-0.037378713488578796,0.07318698614835739
392088,-3.463712692260742,-1.2078596353530884,-0.5776922106742859
392098,-1.4334230422973633,-3.486246109008789,-0.7118627429008484
392108,-3.2348310947418213,1.875889539718628,-0.3595912456512451
392118,-3.5289833545684814,-1.1829098463058472,-1.0757850408554077
392128,0.2596946954727173,-5.930379390716553,0.06324540078639984
392138,-0.5741956233978271,2.2089650630950928,0.1004558652639389
392148,-4.323877334594727,-0.31941232085227966,0.2991600036621094
392158,-0.6536192297935486,-5.3482985496521,0.30677372217178345
392168,-1.0275636911392212,2.1898558139801025,0.6148502230644226
392178,-5.635616302490234,5.395057678222656,0.5969074368476868
392188,-3.1103203296661377,-0.3493598699569702,0.9232120513916016
392198,-1.4415918588638306,-5.346434593200684,0.7466166019439697
392208,-2.231806993484497,1.7255167961120605,-0.22154498100280762
392218,-3.1747689247131348,6.164931297302246,0.1530992090702057
392228,-2.577141761779785,2.554813861846924,0.24173606932163239
392238,-1.4468563795089722,-0.0062099117785692215,0.13885079324245453
392248,-1.6505953073501587,-4.803003787994385,0.7085483074188232
392258,-2.918829917907715,-2.2919578552246094,1.3038349151611328
392268,-3.255044937133789,0.2805365025997162,0.9916492700576782
392278,-3.893446445465088,3.119232177734375,0.6647232174873352
392288,-1.9393976926803589,4.355699062347412,0.36896654963493347
392298,-1.1892094612121582,2.0150418281555176,0.8204319477081299
392308,-0.7800005078315735,3.5011284351348877,0.690664529800415
392318,-4.3687424659729,2.669551372528076,1.4820159673690796
392328,-9.412968635559082,8.878336906433105,1.3874502182006836
392338,-9.854788780212402,8.386630058288574,0.4729331433773041
392348,-5.5618414878845215,2.4575729370117188,-0.3898795545101166
392358,-0.43571752309799194,-6.196333885192871,0.10951215773820877
392368,0.7808799743652344,-9.744668006896973,-0.060096144676208496
392378,-0.19211231172084808,-6.118957996368408,-0.8471668362617493
392388,-2.3953404426574707,-6.860086441040039,0.09069046378135681
392398,0.521907389163971,-7.401603698730469,-0.937637448310852
392408,3.5926780700683594,-8.054718017578125,-1.162234902381897
392418,4.54710054397583,-5.771892070770264,-1.4435969591140747
392428,1.8045072555541992,-0.8663572072982788,-1.5446630716323853
392438,1.0533511638641357,4.21699857711792,-1.8774622678756714
392448,1.8056693077087402,5.384821891784668,-2.303537130355835
392458,0.6467094421386719,8.43336296081543,-2.703372001647949
392468,2.7056381702423096,8.008515357971191,-2.4905922412872314
392478,12.913633346557617,11.758354187011719,-2.0022826194763184
392488,25.533287048339844,22.803081512451172,-1.326287865638733
392498,42.09861373901367,36.12002944946289,-1.7455707788467407
392508,49.41719436645508,52.917842864990234,-1.8253231048583984
392518,59.94908905029297,50.45559310913086,-0.6658260226249695
392528,64.38140869140625,44.091896057128906,-0.6271611452102661
392538,66.48834228515625,38.47135925292969,-1.402759313583374
392548,57.54904556274414,36.36033630371094,-1.8483754396438599
392558,39.980857849121094,29.99628257751465,-1.2460108995437622
392568,23.50059700012207,14.25594711303711,-1.3689385652542114
392578,14.513409614562988,0.942696750164032,-1.6216294765472412
392588,5.739495277404785,-2.0448052883148193,-0.6795878410339355
392598,0.6288612484931946,0.224587544798851,-0.7287359237670898
392608,-0.20472997426986694,2.7583975791931152,-1.8262333869934082
392618,4.001082420349121,1.1643623113632202,-0.6468384265899658
392628,12.340191841125488,7.049606800079346,-0.3047890067100525
392638,15.89787483215332,19.020288467407227,-1.6914658546447754
392648,17.971967697143555,14.030322074890137,-0.9431049227714539
392658,25.84515380859375,10.73918342590332,-0.6467863321304321
392668,21.768321990966797,18.520883560180664,-1.7068350315093994
392678,10.905354499816895,14.46276569366455,-0.12373238056898117
392688,5.383941173553467,-2.0707743167877197,0.18933063745498657
392698,-1.2528172731399536,-5.24847412109375,-0.9490048289299011
392708,-8.056884765625,-9.726556777954102,-0.2796856760978699
392718,-11.819013595581055,-13.513511657714844,-1.1891918182373047
392728,-11.83531379699707,-19.450035095214844,-1.8837895393371582
392738,-13.93759822845459,-10.911164283752441,-1.3060998916625977
392748,-12.393632888793945,-9.35254192352295,-0.7983062863349915
392758,-8.287034034729004,-1.3302648067474365,-0.9180058836936951
392768,-2.8818626403808594,-0.38388240337371826,1.212507963180542
392778,-2.242849111557007,5.488649845123291,0.237723708152771
392788,-4.577544212341309,-0.05495653301477432,1.4435285329818726
392798,-3.93796443939209,-7.3783793449401855,0.6605257987976074
392808,-7.451346397399902,-8.401225090026855,1.5505092144012451
392818,-11.8988618850708,-10.800211906433105,1.7776131629943848
392828,-15.820462226867676,-21.044151306152344,2.338285207748413
392838,-14.613715171813965,-23.201658248901367,1.5951865911483765
392848,-18.421018600463867,-23.611753463745117,1.2432143688201904
392858,-19.8186092376709,-20.21784210205078,1.5878468751907349
392868,-17.13473129272461,-15.663138389587402,0.5999200940132141
392878,-15.187496185302734,-11.845135688781738,-0.44638296961784363
392888,-12.14831829071045,-8.9298095703125,-0.09884591400623322
392898,-13.020172119140625,-0.5911442041397095,0.5032376646995544
392908,-13.649147033691406,1.3154102563858032,1.2019633054733276
392918,-11.37503433227539,-3.114063024520874,2.4352734088897705
392928,-9.924468994140625,-2.788137674331665,0.5767766237258911
392938,-11.938366889953613,-6.940983295440674,-0.4068116247653961
392948,-11.856953620910645,-10.131195068359375,0.2687291204929352
392958,-11.574166297912598,-13.056535720825195,-0.22223316133022308
392968,-15.018879890441895,-14.164033889770508,0.02507300302386284
392978,-16.150283813476562,-15.07851505279541,-0.40104416012763977
392988,-18.513809204101562,-10.421032905578613,-0.8286494016647339
392998,-20.724958419799805,-11.728710174560547,-0.7755858302116394
393008,-17.83104705810547,-17.24465560913086,0.10219500213861465
393018,-14.04354476928711,-8.427279472351074,-2.2369179725646973
393028,-15.422414779663086,-2.3712801933288574,-1.1987028121948242
393038,-11.006056785583496,-0.33504727482795715,-0.8407526016235352
393048,-7.662825107574463,2.0460009574890137,-1.1547523736953735
393058,-7.8222432136535645,0.6565613746643066,-0.6608007550239563
393068,-9.106033325195312,-0.6161757111549377,-0.4817434251308441
393078,-10.501385688781738,0.6666832566261292,-0.7908459305763245
393088,-11.107280731201172,-9.259148597717285,-0.7684227228164673
393098,-7.597322463989258,-14.62710952758789,-0.6939436197280884
393108,-10.664656639099121,-5.819025993347168,-1.1214122772216797
393118,-13.255669593811035,-6.883139610290527,-0.05926050245761871
393128,-9.05122184753418,-6.8591628074646,-0.76242595911026
393138,-6.992218017578125,2.889132261276245,-2.0509676933288574
393148,-8.466229438781738,6.659348011016846,-0.9922406077384949
393158,-7.421676158905029,7.218700885772705,0.6398226022720337
393168,-6.240183353424072,7.019015789031982,-0.8215318322181702
393178,-2.509821891784668,-1.9815583229064941,-0.6239305138587952
393188,2.988649845123291,-8.586734771728516,-0.8659509420394897
393198,2.643291711807251,-3.170712471008301,-1.4474233388900757
393208,0.6546720862388611,1.7447479963302612,-1.2798283100128174
393218,0.22911304235458374,0.23870420455932617,-0.6574543118476868
393228,1.532694697380066,-1.615370273590088,-0.9278385043144226
393238,2.425645589828491,-2.3279871940612793,-0.5713417530059814
393248,2.82942533493042,-0.012875103391706944,-0.798748254776001
393258,4.748698711395264,1.4991103410720825,-2.3632688522338867
393268,7.37314510345459,-5.743279933929443,-2.1045076847076416
393278,9.72503662109375,-9.033166885375977,-2.0100507736206055
393288,7.1951751708984375,-1.9965624809265137,-2.8764352798461914
393298,7.293442249298096,1.4579418897628784,-1.7154301404953003
393308,6.4180121421813965,1.685055136680603,-2.3189685344696045
393318,6.44218111038208,-4.326430797576904,-2.798034191131592
393328,8.162551879882812,-9.718012809753418,-1.8398005962371826
393338,8.464018821716309,-8.84033489227295,-2.0746333599090576
393348,8.620718955993652,-8.858304977416992,-1.802902340888977
393358,6.000048637390137,-4.883103847503662,-2.435930013656616
393368,-0.8520951867103577,0.7602575421333313,-2.8590571880340576
393378,-2.3139777183532715,2.8282668590545654,-1.6186084747314453
393388,-4.12680721282959,8.566731452941895,-1.817992925643921
393398,-3.132749557495117,3.0552079677581787,-0.9738219976425171
393408,-0.4027438461780548,-0.7051876783370972,0.2224453240633011
393418,4.828087329864502,2.2064266204833984,-0.7858321070671082
393428,5.655359268188477,6.4137983322143555,-0.9834498167037964
393438,7.887731075286865,8.7241849899292,-0.04255157336592674
393448,7.024228572845459,7.802474498748779,0.847055196762085
393458,4.846606731414795,1.5420801639556885,0.27693071961402893
393468,2.6087417602539062,-6.4101409912109375,0.37070631980895996
393478,-0.29562243819236755,-12.458577156066895,0.25002551078796387
393488,-5.759796142578125,-13.271578788757324,-0.7317752242088318
393498,-7.315491676330566,-13.878280639648438,-0.28632041811943054
393508,-5.5243048667907715,-17.144380569458008,0.29806095361709595
393518,-1.3713247776031494,-3.7610909938812256,-1.0177465677261353
393528,-4.196723461151123,8.843043327331543,0.6785797476768494
393538,-0.7311418652534485,17.68773651123047,-0.07161444425582886
393548,4.8597025871276855,22.885000228881836,-0.6100720167160034
393558,12.01599407196045,19.444652557373047,0.3282467722892761
393568,16.372724533081055,11.893240928649902,0.22155357897281647
393578,17.840124130249023,3.7514970302581787,0.43499836325645447
393588,11.597671508789062,-2.2640061378479004,0.07488077878952026
393598,3.445803642272949,-2.853893756866455,0.16799603402614594
393608,-1.5715991258621216,-9.669191360473633,1.712511420249939
393618,-10.161617279052734,-1.1458194255828857,1.2423866987228394
393628,-15.004465103149414,7.568170547485352,-0.14812389016151428
393638,-20.297143936157227,18.069101333618164,-0.4817872643470764
393648,-17.565475463867188,25.988637924194336,0.7032564282417297
393658,-10.888498306274414,34.89961624145508,0.8077695369720459
393668,-1.6660817861557007,32.320655822753906,0.3501736521720886
393678,5.301342964172363,26.616878509521484,0.5987843871116638
393688,16.29926109313965,18.506839752197266,0.21131160855293274
393698,20.086069107055664,16.26692008972168,-0.539571225643158
393708,19.4366455078125,9.461857795715332,-0.17781849205493927
393718,13.863004684448242,3.357210874557495,-0.4557921886444092
393728,3.1200342178344727,-0.30466166138648987,-0.6850304007530212
393738,-6.177590847015381,-4.035214900970459,-0.4630369246006012
393748,-17.804912567138672,1.1834511756896973,-1.608450174331665
393758,-21.95582389831543,2.516313314437866,-1.9831351041793823
393768,-24.611682891845703,13.923309326171875,-1.3514633178710938
393778,-19.427331924438477,16.519990921020508,-1.3793672323226929
393788,-11.222855567932129,19.674100875854492,-0.5205873250961304
393798,0.22627940773963928,25.429214477539062,-0.610791027545929
393808,11.77252197265625,22.827939987182617,-0.3435041904449463
393818,23.358850479125977,14.951075553894043,0.990135133266449
393828,29.512712478637695,8.721741676330566,1.2849589586257935
393838,26.560178756713867,3.9628183841705322,0.44681572914123535
393848,19.708223342895508,-2.1447935104370117,0.5784074664115906
393858,9.981196403503418,-7.487598419189453,-0.08259593695402145
393868,-1.5399210453033447,-15.315171241760254,-0.22977977991104126
393878,-10.571736335754395,-21.166929244995117,0.5209165811538696
393888,-15.428999900817871,-23.311424255371094,-0.17726624011993408
393898,-17.552330017089844,-25.632665634155273,-0.6811156272888184
393908,-11.586053848266602,-26.37822723388672,0.7179394960403442
393918,-4.296289920806885,-25.242799758911133,0.7045221924781799
393928,0.0482708178460598,-18.112592697143555,0.723112165927887
393938,4.4144287109375,-24.003328323364258,1.846876621246338
393948,11.301811218261719,-22.16507911682129,0.9168778657913208
393958,13.483795166015625,-21.061803817749023,0.3468012511730194
393968,8.322808265686035,-20.304479598999023,1.1563900709152222
393978,4.119594573974609,-25.469715118408203,2.095097541809082
393988,-0.750557005405426,-28.006160736083984,0.8145231008529663
393998,-4.059874534606934,-33.1599235534668,0.6856748461723328
394008,-7.826475143432617,-33.39927673339844,1.1983007192611694
394018,-8.736932754516602,-32.059696197509766,1.166356086730957
394028,-5.850515365600586,-32.76261901855469,1.707768201828003
394038,-1.3607590198516846,-28.084062576293945,2.211458683013916
394048,2.9469566345214844,-16.670156478881836,1.322472333908081
394058,7.769404411315918,-10.183205604553223,1.6133899688720703
394068,11.940925598144531,-5.871193885803223,2.493530035018921
394078,11.633736610412598,3.451604127883911,1.236532211303711
394088,6.888736248016357,-1.9502867460250854,2.4664716720581055
394098,7.172399044036865,-12.576302528381348,2.4460299015045166
394108,4.823922634124756,-13.56286334991455,1.83318293094635
394118,-1.5175405740737915,-13.314176559448242,1.4535772800445557
394128,-3.118938446044922,-21.315053939819336,2.097576379776001
394138,-4.993003845214844,-24.347618103027344,2.3375914096832275
394148,-3.1724236011505127,-20.424318313598633,1.6427969932556152
394158,-4.385089874267578,-15.166324615478516,1.6355912685394287
394168,-2.0040082931518555,-10.488213539123535,1.979845404624939
394178,-0.9656845927238464,-2.1632049083709717,2.206836700439453
394188,-0.9809134602546692,-5.452268123626709,2.625971555709839
394198,0.4533619284629822,-8.772805213928223,1.5022214651107788
394208,0.9581891298294067,-0.07038900256156921,0.5907270908355713
394218,-2.6257495880126953,2.7446141242980957,1.6404682397842407
394228,-3.530362129211426,-0.482966810464859,2.5103259086608887
394238,-3.403491258621216,-1.5138523578643799,1.375191330909729
394248,-3.1613335609436035,-5.423503875732422,0.8827210664749146
394258,-2.4214859008789062,-9.973942756652832,1.8010987043380737
394268,-2.314826726913452,-4.771070957183838,1.687926173210144
394278,-5.665225982666016,-2.443006753921509,1.212496042251587
394288,-2.2599472999572754,-9.90060043334961,1.5629135370254517
394298,4.798772811889648,-4.956733703613281,1.2238926887512207
394308,6.322197437286377,0.39726853370666504,1.4855635166168213
394318,4.717843055725098,4.858835697174072,1.4846280813217163
394328,5.333585262298584,8.626259803771973,2.1313095092773438
394338,1.2895116806030273,11.099957466125488,1.7076003551483154
394348,0.9521377086639404,4.119775295257568,1.887231707572937
394358,-3.3008780479431152,13.42103385925293,1.7541849613189697
394368,-5.017807483673096,12.255362510681152,1.7519198656082153
394378,-4.885560035705566,8.882777214050293,1.8498220443725586
394388,-2.7283480167388916,5.1165266036987305,1.607248306274414
394398,0.29631033539772034,3.224138021469116,1.3488109111785889
394408,2.416656732559204,4.210524559020996,1.928906798362732
394418,2.8845577239990234,7.074732780456543,1.249902606010437
394428,0.7125749588012695,12.71371841430664,0.6643170118331909
394438,-0.11909617483615875,7.0959978103637695,2.456319808959961
394448,1.5570825338363647,8.346756935119629,1.8123037815093994
394458,-2.6821470260620117,15.086141586303711,0.08560196310281754
394468,-6.085115909576416,13.653032302856445,0.6461902856826782
394478,-3.3220889568328857,11.363865852355957,1.1684194803237915
394488,-2.6920621395111084,13.739034652709961,0.14894671738147736
394498,-3.7951321601867676,10.145140647888184,0.12764030694961548
394508,-4.039047718048096,7.110199451446533,0.6090119481086731
394518,-4.6898369789123535,7.243646621704102,0.5382934212684631
394528,-2.3625690937042236,-0.7419993281364441,0.22229549288749695
394538,0.03917066007852554,-3.359839677810669,-0.693586528301239
394548,4.301176071166992,-5.0485687255859375,-1.0143425464630127
394558,0.6767381429672241,6.23100471496582,-0.8232496976852417
394568,-2.690683603286743,10.034130096435547,0.028129909187555313
394578,-4.613426685333252,12.288524627685547,0.20914973318576813
394588,-5.808274269104004,14.061784744262695,-0.26980116963386536
394598,-5.939926624298096,11.430992126464844,-0.3013961911201477
394608,-4.9265666007995605,8.742040634155273,0.12074274569749832
394618,-1.4799801111221313,3.491405487060547,-0.35079365968704224
394628,-2.595799684524536,8.677793502807617,-0.04584439843893051
394638,-3.079369306564331,8.10362434387207,-0.2611047923564911
394648,-1.5277795791625977,1.6654316186904907,0.9194011092185974
394658,1.694135069847107,-0.9714619517326355,0.1315227448940277
394668,2.335726737976074,1.6440155506134033,-0.3581048846244812
394678,-2.020033121109009,3.5185041427612305,-0.12704572081565857
394688,-2.75693941116333,4.537494659423828,0.08259744197130203
394698,-2.9474339485168457,9.120561599731445,0.012494413182139397
394708,-2.351600408554077,7.919246673583984,0.12052476406097412
394718,-1.7050575017929077,3.681006669998169,0.8319858908653259
394728,3.869044542312622,-3.64734148979187,0.22394375503063202
394738,3.886613130569458,4.106431007385254,-0.7525372505187988
394748,2.445394992828369,-4.136284828186035,0.6523697972297668
394758,4.3745808601379395,-2.4827208518981934,1.098800778388977
394768,5.296440601348877,-1.0202555656433105,0.02290003001689911
394778,3.116927146911621,1.590228796005249,-0.23236794769763947
394788,1.59414541721344,2.393709659576416,0.3009946048259735
394798,-1.929945468902588,5.375125408172607,1.3475457429885864
394808,-3.3555240631103516,3.587634563446045,0.03373574838042259
394818,-4.609957218170166,-1.749796986579895,0.21099169552326202
394828,-3.752185583114624,1.7000985145568848,0.7058591842651367
394838,-1.8350951671600342,3.3583438396453857,0.746255099773407
394848,2.6108222007751465,-4.132917404174805,1.7776436805725098
394858,8.146681785583496,-4.1711745262146,0.465101033449173
394868,8.032037734985352,1.702720046043396,-1.3646386861801147
394878,5.895351886749268,-0.14748340845108032,0.43601149320602417
394888,5.041189193725586,0.3827964663505554,0.7125861048698425
394898,2.143662929534912,-0.25076600909233093,-0.2582956850528717
394908,-0.8443571925163269,-3.6687400341033936,0.1781529188156128
394918,-3.157543420791626,0.5961582660675049,0.5160088539123535
394928,-7.739597797393799,3.8865368366241455,-0.2702656388282776
394938,-5.662158966064453,-7.487314701080322,0.2586830258369446
394948,2.2472915649414062,-7.623733043670654,-0.33927348256111145
394958,2.151867628097534,0.48792213201522827,-0.5786921381950378
394968,1.9106733798980713,-0.8049902319908142,0.8813604712486267
394978,5.770562648773193,0.5488646030426025,-0.49441200494766235
394988,4.9696478843688965,0.7110726237297058,-1.5586533546447754
394998,5.094458103179932,-2.4623863697052,0.09924635291099548
395008,2.8843233585357666,3.9993579387664795,-0.18216748535633087
395018,-0.4835101068019867,-0.08678670227527618,-0.40488871932029724
395028,-2.454694986343384,-5.29005241394043,-0.056805320084095
395038,-0.2322807013988495,-2.357222318649292,-0.5559220910072327
395048,-2.86739444732666,-2.5715255737304688,0.6242378950119019
395058,-1.7959562540054321,-0.8556274771690369,-0.4642537534236908
395068,2.220383405685425,-0.5389442443847656,-0.8402501940727234
395078,0.3766436278820038,1.8534120321273804,-0.7823613882064819
395088,1.0321985483169556,1.3019144535064697,-1.4485981464385986
395098,0.8958033919334412,4.3005146980285645,-1.7140552997589111
395108,0.4011281430721283,3.3301467895507812,-1.6083341836929321
395118,0.3630257248878479,-1.2715154886245728,-1.3349660634994507
395128,5.270269870758057,-6.255147457122803,-1.6722413301467896
395138,1.5041437149047852,2.7519967555999756,-2.725740432739258
395148,-2.6885275840759277,2.2358055114746094,-2.0496573448181152
395158,-0.7725905776023865,-3.8643815517425537,-1.3919448852539062
395168,3.006216526031494,-4.408623218536377,-1.5773675441741943
395178,2.2122690677642822,-3.3104588985443115,-2.3633666038513184
395188,1.2979623079299927,-3.464416265487671,-1.7237234115600586
395198,-0.2840178608894348,0.1425589621067047,-1.4256244897842407
395208,-3.874255657196045,7.549571990966797,-1.2716820240020752
395218,-5.230505466461182,1.4666321277618408,-1.3730472326278687
395228,0.14636355638504028,-3.9551444053649902,-1.3099759817123413
395238,2.9482967853546143,1.6473772525787354,-1.9626623392105103
395248,1.5651098489761353,4.179091930389404,-1.4972779750823975
395258,0.6831565499305725,1.3541350364685059,-0.32574042677879333
395268,3.8583011627197266,0.5192006230354309,-0.3978923261165619
395278,2.1642274856567383,0.8334885835647583,-2.115170955657959
395288,-0.7385855913162231,-0.9420812726020813,-2.0383827686309814
395298,0.4763696789741516,-3.1245758533477783,-0.5152369737625122
395308,-0.47333624958992004,1.2460861206054688,-0.982261061668396
395318,-2.120485782623291,0.5594097375869751,-1.2968662977218628
395328,-0.6694509387016296,-6.045077800750732,-1.1478712558746338
395338,-0.17808464169502258,-1.9140957593917847,-1.2841827869415283
395348,0.2891460657119751,-0.4380365014076233,-0.9068489074707031
395358,-2.385934829711914,0.9669764637947083,-1.3217917680740356
395368,-0.31884169578552246,-1.9097530841827393,-0.9758027195930481
395378,2.2614352703094482,0.25796711444854736,-2.0606088638305664
395388,3.333881139755249,0.21023476123809814,-1.801674485206604
395398,1.7607139348983765,-0.7800399661064148,-0.9437110424041748
395408,1.3613730669021606,0.13500960171222687,-0.7981761693954468
395418,-3.116511106491089,5.187605381011963,-1.8738433122634888
395428,-1.139164924621582,-4.114821910858154,-0.4090252220630646
395438,3.4865331649780273,-7.6046295166015625,0.0687202587723732
395448,-0.8549237251281738,-0.8147998452186584,-1.038059115409851
395458,-3.2729780673980713,3.0348687171936035,-1.6959385871887207
395468,-2.851536512374878,0.9136040210723877,-1.1016812324523926
395478,-0.8597092032432556,-0.4833127558231354,-1.296463966369629
395488,1.5356736183166504,-1.6492148637771606,-1.6507295370101929
395498,3.6869895458221436,-7.18601131439209,-1.656856656074524
395508,5.911528587341309,-7.6840667724609375,-1.35611891746521
395518,4.038873195648193,1.450914740562439,-2.22149658203125
395528,-0.4504587650299072,5.459202289581299,-2.3676702976226807
395538,-2.4479169845581055,1.6991815567016602,-1.3074899911880493
395548,-2.2641375064849854,0.8674464225769043,-2.0978705883026123
395558,-1.3677972555160522,-1.0294930934906006,-1.9654380083084106
395568,-0.6757145524024963,-1.0921719074249268,-2.5811820030212402
395578,1.0814687013626099,-4.555202960968018,-2.8361690044403076
395588,5.484897136688232,-21.740903854370117,0.15074919164180756
395598,12.764142036437988,-49.75035858154297,1.4228734970092773
395608,21.254060745239258,-83.82178497314453,0.9800662398338318
395618,26.593063354492188,-109.55938720703125,-0.11887967586517334
395628,23.99367904663086,-128.91229248046875,0.5097472667694092
395638,21.301586151123047,-132.70404052734375,0.9744712114334106
395648,16.331274032592773,-123.06916046142578,0.7872164845466614
395658,8.88379955291748,-100.5750503540039,-0.196628138422966
395668,0.7793768048286438,-69.4117431640625,-0.24228964745998383
395678,-5.716955184936523,-38.451961517333984,-0.9635133743286133
395688,-3.2545523643493652,-15.87780475616455,-0.859771728515625
395698,-6.6632161140441895,6.901187896728516,-0.5685569047927856
395708,-0.8802752494812012,12.308890342712402,0.8120397329330444
395718,-2.683079242706299,11.258045196533203,0.7214823365211487
395728,7.740365982055664,-1.6740975379943848,1.2325854301452637
395738,13.42225170135498,-13.042861938476562,1.4212230443954468
395748,17.56589126586914,-24.582958221435547,1.183690071105957
395758,15.106728553771973,-29.703868865966797,1.7547907829284668
395768,11.455790519714355,-33.662322998046875,2.483952760696411
395778,5.0655317306518555,-29.285131454467773,1.785374402999878
395788,-0.44440171122550964,-20.774185180664062,0.8250986933708191
395798,-7.971643447875977,-10.669222831726074,-0.2635928690433502
395808,-12.205649375915527,-0.352906197309494,0.36595407128334045
395818,-13.819153785705566,18.730716705322266,-0.46432262659072876
395828,-17.68595314025879,26.531742095947266,-0.0940663069486618
395838,-11.474984169006348,24.00759506225586,2.1003432273864746
395848,-3.2917561531066895,23.5430850982666,0.9599498510360718
395858,3.713160514831543,20.872852325439453,0.7588481307029724
395868,8.837933540344238,15.578550338745117,2.2080488204956055
395878,12.396750450134277,9.807193756103516,2.5871551036834717
395888,9.763123512268066,11.871601104736328,2.8985753059387207
395898,4.787896156311035,9.730274200439453,3.6328177452087402
395908,0.9393594264984131,6.028627395629883,2.9810025691986084
395918,-6.3702826499938965,11.734695434570312,2.8958017826080322
395928,-14.042325973510742,21.57356071472168,1.6172384023666382
395938,-16.94237518310547,22.577341079711914,1.8809860944747925
395948,-13.077146530151367,17.97150993347168,2.1136224269866943
395958,-6.564216136932373,25.414241790771484,1.4806379079818726
395968,-5.532790184020996,34.20789337158203,1.5827845335006714
395978,-2.907181739807129,30.883716583251953,3.115478515625
395988,4.741432189941406,27.498836517333984,4.072594165802002
395998,8.770069122314453,27.770565032958984,3.8832387924194336
396008,8.61072063446045,25.738075256347656,4.470434665679932
396018,5.1361613273620605,24.813772201538086,5.43946647644043
396028,0.22026537358760834,26.797029495239258,4.199617862701416
396038,-6.051756381988525,27.852052688598633,3.1993918418884277
396048,-11.197901725769043,23.950054168701172,3.5062131881713867
396058,-9.896085739135742,24.06578826904297,2.9002840518951416
396068,-7.502974987030029,23.42371940612793,1.3256319761276245
396078,-6.959311485290527,23.767969131469727,3.795687675476074
396088,-3.064938545227051,25.889623641967773,3.076486587524414
396098,-0.2646959722042084,25.482206344604492,3.269801139831543
396108,1.482395887374878,26.59293556213379,3.5786163806915283
396118,1.2874706983566284,27.557750701904297,3.371126174926758
396128,1.3566678762435913,25.180234909057617,3.0694892406463623
396138,-0.17592640221118927,24.31376838684082,3.7225422859191895
396148,-3.6157023906707764,22.439193725585938,1.7652904987335205
396158,-1.7587944269180298,17.503238677978516,2.7788987159729004
396168,-4.334292888641357,18.66328239440918,2.732694387435913
396178,-3.113145112991333,19.066320419311523,1.8027452230453491
396188,-5.306835651397705,17.52522850036621,1.8879314661026
396198,-5.230882167816162,16.080923080444336,1.2402985095977783
396208,-4.570307731628418,16.75885581970215,0.8327950835227966
396218,-4.453237533569336,15.487505912780762,1.6163173913955688
396228,-2.0633304119110107,14.434378623962402,-0.3453812301158905
396238,-1.5579026937484741,12.889237403869629,0.5585535168647766
396248,0.2941756844520569,10.277121543884277,0.7733933329582214
396258,2.3123395442962646,9.171774864196777,-0.11591827869415283
396268,1.3957921266555786,7.995761394500732,-0.9646435379981995
396278,1.8907965421676636,6.263857841491699,-0.6585394740104675
396288,1.6346849203109741,6.891566753387451,-1.6529557704925537
396298,0.37297171354293823,8.812956809997559,-1.0267833471298218
396308,-0.7113829255104065,8.708375930786133,0.013325192034244537
396318,-0.43512028455734253,9.513882637023926,-0.6091275215148926
396328,-2.769655466079712,13.031968116760254,-2.2365915775299072
396338,-6.247132301330566,11.480512619018555,-1.7598717212677002
396348,-3.207791805267334,4.875716686248779,-1.012251853942871
396358,-1.8083906173706055,1.8397228717803955,-1.5382329225540161
396368,0.6747023463249207,4.21220064163208,-2.7044851779937744
396378,0.5425009727478027,4.645841121673584,-3.3740668296813965
396388,1.1984294652938843,1.062544822692871,-2.329092264175415
396398,2.0064802169799805,-3.3801472187042236,-2.1554505825042725
396408,2.4158482551574707,-3.364234209060669,-2.4133219718933105
396418,0.14183145761489868,0.5685731172561646,-3.817927598953247
396428,-2.025280475616455,2.319615364074707,-4.109671115875244
396438,-1.3145090341567993,-4.581049919128418,-4.040503025054932
396448,-1.6389110088348389,-5.3118486404418945,-4.751786708831787
396458,-1.6377991437911987,-10.013134956359863,-4.528319835662842
396468,-1.9146174192428589,-8.629039764404297,-4.988635540008545
396478,-3.422243595123291,-4.3580546379089355,-4.490217685699463
396488,-4.13385534286499,0.1689000278711319,-4.697353363037109
396498,-3.552962064743042,0.4123256206512451,-4.6331562995910645
396508,-1.5830283164978027,-1.3648256063461304,-3.5725903511047363
396518,0.34786316752433777,-5.295300006866455,-3.2107460498809814
396528,3.6332225799560547,-10.166956901550293,-3.603604555130005
396538,6.720011234283447,-12.405564308166504,-3.9022138118743896
396548,6.512259006500244,-10.451445579528809,-4.8124308586120605
396558,3.526834011077881,-4.879907131195068,-5.563528060913086
396568,-0.5498703122138977,0.9506114721298218,-4.503105163574219
396578,-2.7123146057128906,-0.06647750735282898,-4.247293472290039
396588,-5.477838039398193,0.505827784538269,-4.171736717224121
396598,-6.466018199920654,2.866380453109741,-3.977510690689087
396608,-2.294003963470459,-6.213683128356934,-3.2386770248413086
396618,2.096118688583374,-12.789422988891602,-2.999415397644043
396628,6.3035359382629395,-13.73562240600586,-2.7871320247650146
396638,6.919336318969727,-6.050498008728027,-3.835667371749878
396648,7.747333526611328,-0.1313466727733612,-4.158840656280518
396658,4.204659461975098,3.685657262802124,-3.849123477935791
396668,0.6727228164672852,0.5591288805007935,-2.934211254119873
396678,-1.5483958721160889,-2.542299509048462,-2.7104313373565674
396688,-2.774850606918335,-5.013223171234131,-2.843188524246216
396698,-3.439499855041504,-2.027470588684082,-1.7818273305892944
396708,-3.659125804901123,0.37831342220306396,-0.9311875104904175
396718,-1.1892356872558594,3.859245538711548,-0.550581157207489
396728,3.3508310317993164,-2.844324827194214,0.004303311463445425
396738,8.136210441589355,-10.30269718170166,-0.194672092795372
396748,10.185364723205566,-8.826227188110352,-0.7526445388793945
396758,6.079509735107422,-2.251447916030884,-1.0074846744537354
396768,4.4851460456848145,-3.6794049739837646,-0.7433738112449646
396778,1.2582188844680786,-3.959118604660034,-0.501920223236084
396788,1.9458149671554565,-7.6100006103515625,0.35286715626716614
396798,0.28344497084617615,-2.347409725189209,-0.03873351588845253
396808,-4.534461498260498,3.3945517539978027,-0.23689904808998108
396818,-2.899057626724243,-2.1141867637634277,0.1579485386610031
396828,1.848791480064392,-10.930280685424805,-0.01886901818215847
396838,3.1422770023345947,-8.498306274414062,-0.08452285081148148
396848,4.024354457855225,-7.5201849937438965,-0.004998196382075548
396858,4.812668800354004,-6.281475067138672,0.11725527793169022
396868,6.368091106414795,-8.585271835327148,-0.49180400371551514
396878,5.53694486618042,-2.8356714248657227,0.03747716546058655
396888,-0.21153303980827332,4.55488395690918,-1.0908172130584717
396898,-1.6663784980773926,0.6418240070343018,-0.38740137219429016
396908,0.26449504494667053,-5.7688798904418945,-0.09647861868143082
396918,1.1303812265396118,-2.6943790912628174,1.2477359771728516
396928,0.019581491127610207,1.9336719512939453,1.1044214963912964
396938,2.198866844177246,-2.3932015895843506,0.28391894698143005
396948,6.679747104644775,-6.462836742401123,0.7147831916809082
396958,3.710055112838745,-2.235400438308716,0.7223467230796814
396968,0.5962293744087219,-1.1296031475067139,0.8379948139190674
396978,2.6258435249328613,-8.778820037841797,0.11112067103385925
396988,2.636125326156616,-5.762294292449951,0.7967103719711304
396998,-0.8239258527755737,-4.466822147369385,0.2671048939228058
397008,-0.9245295524597168,-3.519815683364868,0.23290729522705078
397018,0.4364256262779236,-5.788264274597168,0.5255761742591858
397028,0.13655908405780792,1.9596412181854248,0.7551929354667664
397038,-1.6166690587997437,1.7750298976898193,0.4953724443912506
397048,1.7780375480651855,-6.290794849395752,0.6127554178237915
397058,3.296320915222168,-2.4253814220428467,1.312700629234314
397068,-0.5041600465774536,6.3219146728515625,0.890289306640625
397078,-1.8533742427825928,2.0000104904174805,0.6310611963272095
397088,0.7090139389038086,-1.1426045894622803,0.563242495059967
397098,-1.8799024820327759,1.7295681238174438,0.6735113859176636
397108,-4.993731498718262,1.984484314918518,0.6039037108421326
397118,-2.590561628341675,-5.347355365753174,0.45900315046310425
397128,-3.4659981727600098,-3.724616765975952,-0.16358299553394318
397138,-2.308034658432007,-0.4600525498390198,-0.03666984662413597
397148,-2.0875511169433594,-0.6922324895858765,0.10256992280483246
397158,0.7612988352775574,-7.3862996101379395,0.31552377343177795
397168,-0.05703307315707207,-5.509348392486572,0.08718369156122208
397178,-0.6989056468009949,-2.1513123512268066,0.7298017740249634
397188,-2.200479030609131,4.398829460144043,0.5225129127502441
397198,-1.384122371673584,4.660206317901611,-0.7165172100067139
397208,0.6694471836090088,-1.1464781761169434,-0.31095367670059204
397218,1.5443010330200195,-4.959115505218506,-0.18947510421276093
397228,-1.8576924800872803,4.63364315032959,-0.8841981291770935
397238,-2.503993034362793,7.7494964599609375,0.3956814408302307
397248,-7.043359756469727,14.247303009033203,-0.0478072389960289
397258,-4.330742359161377,5.396656513214111,0.12294670194387436
397268,-4.0493550300598145,4.202797889709473,-1.066675066947937
397278,-1.6962529420852661,-6.0152411460876465,-1.0150885581970215
397288,0.3248327672481537,-11.135991096496582,-0.7109302878379822
397298,1.2346125841140747,-9.225078582763672,-0.719760537147522
397308,0.16086405515670776,-1.8107218742370605,-1.1012561321258545
397318,-0.7635401487350464,5.474877834320068,-1.5997562408447266
397328,-0.602415919303894,1.2169185876846313,-1.1634981632232666
397338,-2.198194742202759,4.382406711578369,-1.1052653789520264
397348,-1.844899296760559,1.7985997200012207,0.3064006268978119
397358,-2.1699132919311523,1.80558180809021,-0.3542615473270416
397368,-2.1517136096954346,2.431511878967285,-0.22997383773326874
397378,0.03258032724261284,2.2380807399749756,-0.0976078137755394
397388,0.10046456009149551,5.824194431304932,-0.4041987359523773
397398,1.6210548877716064,2.485438585281372,0.566666305065155
397408,3.514995813369751,-3.6405231952667236,1.3700426816940308
397418,5.081556797027588,-4.857285976409912,1.3352535963058472
397428,2.152973175048828,-2.662358522415161,0.5062182545661926
397438,-2.0578057765960693,1.4060190916061401,0.023778649047017097
397448,-5.05239200592041,-0.7775006890296936,0.5785722136497498
397458,-2.94677996635437,-3.5479013919830322,1.2257276773452759
397468,-1.4100341796875,0.7589138746261597,1.2649105787277222
397478,-2.5830326080322266,7.074397563934326,0.7435700297355652
397488,-4.308592796325684,5.627817153930664,0.9615277051925659
397498,-1.9186177253723145,-0.16413137316703796,1.8005722761154175
397508,0.5966773629188538,1.9220401048660278,1.0914859771728516
397518,3.237353563308716,3.512471914291382,0.6765758991241455
397528,0.45982712507247925,5.251626014709473,0.6826698780059814
397538,1.0537805557250977,-0.5858559608459473,0.9226986765861511
397548,2.8926758766174316,-3.8327934741973877,0.8508787155151367
397558,3.5123026371002197,-1.0381101369857788,-0.0021477793343365192
397568,0.851779043674469,2.7354586124420166,0.14718572795391083
397578,-0.7561386823654175,-0.021553760394454002,0.8964411616325378
397588,-1.862353801727295,-2.326448678970337,1.5662530660629272
397598,-1.425549864768982,1.2979878187179565,0.31363099813461304
397608,-3.008183717727661,4.410575866699219,0.5405099391937256
397618,-3.4941418170928955,3.225513458251953,2.065978765487671
397628,-1.4452192783355713,0.699720561504364,2.023054599761963
397638,0.4356798529624939,0.46777746081352234,0.7783132791519165
397648,1.276850700378418,0.5702177286148071,0.9585235118865967
397658,1.1816519498825073,1.0204695463180542,1.3911908864974976
397668,0.6855461597442627,2.0819714069366455,1.6702086925506592
397678,-0.28050586581230164,2.784775495529175,1.4751031398773193
397688,-0.8375399708747864,4.200715065002441,1.3837296962738037
397698,0.1486167460680008,2.2142584323883057,2.3311493396759033
397708,0.8519221544265747,2.5020194053649902,0.9523648619651794
397718,1.4459221363067627,1.5435633659362793,0.4748532474040985
397728,1.3731211423873901,0.7324289679527283,1.1233880519866943
397738,2.2221884727478027,-0.45263808965682983,1.031367540359497
397748,3.8791215419769287,-1.0817288160324097,0.8331050872802734
397758,4.3966145515441895,-0.692295491695404,0.23259232938289642
397768,4.689327716827393,-1.292819619178772,0.3750547170639038
397778,1.6408660411834717,1.0387110710144043,1.4879868030548096
397788,0.2770269811153412,4.03334903717041,0.6918074488639832
397798,0.06542699038982391,4.412723064422607,-0.2643723487854004
397808,1.1664730310440063,3.518122911453247,-0.09488872438669205
397818,1.3210846185684204,5.814292907714844,0.6426205039024353
397828,1.5219076871871948,6.259643077850342,0.06623228639364243
397838,1.5772777795791626,4.2410888671875,0.26802217960357666
397848,0.11421297490596771,1.3086659908294678,-0.18595412373542786
397858,-1.0695650577545166,-1.9299882650375366,-0.05961249768733978
397868,-2.2048544883728027,-3.6656157970428467,0.5130914449691772
397878,-1.4482015371322632,-2.6942102909088135,-0.6995760202407837
397888,1.4278219938278198,-2.6976046562194824,-1.028157114982605
397898,4.21631383895874,-2.2017955780029297,-0.7300465106964111
397908,2.7833473682403564,-0.029110034927725792,-0.0734345018863678
397918,2.5206315517425537,4.783216953277588,0.7043513655662537
397928,2.4774560928344727,8.729841232299805,-0.1935492753982544
397938,3.546191930770874,6.621060371398926,-0.5944494605064392
397948,7.199554443359375,0.9253923892974854,-0.6068927645683289
397958,4.942199230194092,1.3828482627868652,-0.10748639702796936
397968,3.9811134338378906,-1.5310570001602173,0.1984938234090805
397978,2.219900131225586,-1.7692700624465942,0.23225854337215424
397988,-0.04227761551737785,-6.755551815032959,-0.43343865871429443
397998,-0.5430942177772522,-8.360539436340332,-0.7804785966873169
398008,-4.996679306030273,-8.867164611816406,-1.6006155014038086
398018,-6.41465425491333,-8.823005676269531,-0.8750959038734436
398028,-6.466523170471191,-5.265861988067627,-0.7929278016090393
398038,-3.200174331665039,-1.0360922813415527,-0.8619323372840881
398048,0.8582496047019958,1.532371997833252,-1.5021963119506836
398058,4.6945600509643555,-0.04480244219303131,-1.559920310974121
398068,5.875782489776611,-2.0123300552368164,-1.3465238809585571
398078,4.296397686004639,0.27812156081199646,-0.911729633808136
398088,0.11921116709709167,4.086164951324463,-1.5817545652389526
398098,-2.2362828254699707,7.313620090484619,-0.2985054552555084
398108,-2.1964714527130127,4.97674036026001,-0.8215892314910889
398118,-0.10886000096797943,-3.0841941833496094,-0.9567848443984985
398128,-3.014516592025757,-3.6168079376220703,-1.3337312936782837
398138,-0.9815942645072937,-7.254538059234619,-0.3001749813556671
398148,-2.419565200805664,-2.7084238529205322,-0.20927678048610687
398158,-1.6595702171325684,-0.755691409111023,-0.36957037448883057
398168,1.5692628622055054,-4.178708553314209,-0.08813128620386124
398178,3.7025375366210938,-8.518229484558105,-0.26981985569000244
398188,3.9070334434509277,-2.5320675373077393,-0.02177417278289795
398198,1.5871737003326416,5.158012866973877,0.3499703109264374
398208,0.2720808982849121,4.033733367919922,0.22780418395996094
398218,2.258873224258423,-2.7528905868530273,0.24628469347953796
398228,3.5125064849853516,-0.6144070029258728,0.26611682772636414
398238,0.5035181045532227,5.922611236572266,0.4981832206249237
398248,-0.5355573296546936,4.0630106925964355,0.5321897864341736
398258,0.8289130330085754,-3.20365309715271,0.40662187337875366
398268,-0.5515562891960144,2.539808511734009,0.4899815022945404
398278,0.7963734269142151,1.6095997095108032,0.7264668941497803
398288,0.7936024069786072,-3.250143527984619,0.4338744282722473
398298,4.106067180633545,-7.580705165863037,0.43663984537124634
398308,3.6822891235351562,-1.109906554222107,0.3042905330657959
398318,0.9738245606422424,-1.320450782775879,0.47953104972839355
398328,0.5621598362922668,-0.2815224230289459,0.502319872379303
398338,2.446328639984131,-1.7698887586593628,0.5657554268836975
398348,-2.080954074859619,6.219058990478516,0.04817052558064461
398358,-3.894901752471924,3.795255422592163,-0.07759338617324829
398368,-1.5604034662246704,2.132657527923584,0.48375049233436584
398378,0.7353187799453735,2.647925615310669,0.7603765726089478
398388,-3.2383437156677246,6.528502941131592,0.6447828412055969
398398,-1.759084701538086,-3.4810004234313965,0.8243316411972046
398408,1.7616113424301147,-3.6798205375671387,0.8942192196846008
398418,3.2068121433258057,-3.758399724960327,1.3780099153518677
398428,1.667670726776123,-1.478543758392334,1.3989553451538086
398438,0.23296746611595154,-0.7462009191513062,1.4197877645492554
398448,-0.8421554565429688,-4.0005269050598145,1.46943199634552
398458,-1.6238913536071777,0.906697154045105,1.0749951601028442
398468,-1.046598196029663,2.5355587005615234,0.7217157483100891
398478,-0.38286352157592773,3.4122700691223145,1.0138550996780396
398488,-1.2104768753051758,3.7671754360198975,0.9500350952148438
398498,1.5003615617752075,1.6030738353729248,0.7587395310401917
398508,3.2602617740631104,-1.186646580696106,1.2153022289276123
398518,1.8018251657485962,5.129347324371338,0.42501309514045715
398528,-0.3324597179889679,4.679201126098633,0.6176791191101074
398538,2.3645973205566406,-2.005532741546631,1.2937763929367065
398548,4.948298454284668,-8.251948356628418,1.2779254913330078
398558,0.8626077771186829,-1.9002934694290161,1.0833731889724731
398568,-0.6514300107955933,-1.1716773509979248,0.8495808243751526
398578,-5.194467544555664,3.5766048431396484,0.15352308750152588
398588,-2.7525746822357178,-5.8671135902404785,0.7494296431541443
398598,-0.19668297469615936,-9.03083324432373,0.6845778822898865
398608,-1.4955753087997437,-1.3428817987442017,0.9738848209381104
398618,-2.6330301761627197,0.5226482152938843,-0.008781641721725464
398628,-3.2443394660949707,5.128823757171631,0.41607967019081116
398638,1.1887471675872803,0.9289201498031616,-0.13209910690784454
398648,1.7964625358581543,0.42355579137802124,-0.18479476869106293
398658,4.812862873077393,-2.263673782348633,-0.05743944272398949
398668,2.8763275146484375,2.4920237064361572,-0.6238964200019836
398678,0.4261763095855713,0.09373004734516144,0.10109291225671768
398688,0.34213343262672424,0.5635261535644531,0.3330155313014984
398698,9.927823066711426,9.194302558898926,0.7769126296043396
398708,26.59311866760254,22.275327682495117,1.2335233688354492
398718,44.34172821044922,34.761600494384766,0.747146725654602
398728,59.438533782958984,43.642539978027344,1.3110896348953247
398738,70.0545883178711,58.00802230834961,0.6904515624046326
398748,71.13848876953125,61.29761505126953,0.14404843747615814
398758,64.2483139038086,57.44173049926758,0.12656427919864655
398768,53.304935455322266,48.051761627197266,-0.06254062801599503
398778,43.91777420043945,29.589614868164062,-0.002003853442147374
398788,23.410673141479492,20.179420471191406,-1.414682388305664
398798,6.163575649261475,7.336246013641357,-1.386474847793579
398808,-3.298445463180542,-2.5131301879882812,-0.8972471356391907
398818,-9.630859375,-7.983087062835693,-1.4196583032608032
398828,-9.15532112121582,-9.173968315124512,-1.260904312133789
398838,-4.312501907348633,-8.39955997467041,-0.687758207321167
398848,6.275357246398926,-0.7116309404373169,-0.5678361058235168
398858,14.965949058532715,9.62318229675293,-0.041654229164123535
398868,21.395221710205078,14.803329467773438,0.2338295429944992
398878,22.597490310668945,17.868310928344727,0.32640355825424194
398888,20.01633071899414,16.335023880004883,0.24191197752952576
398898,13.573728561401367,9.307206153869629,1.0611521005630493
398908,5.565616130828857,-0.7324780225753784,-1.9554368257522583
398918,-4.093459606170654,-8.376738548278809,-3.0501925945281982
398928,-11.370247840881348,-13.593400955200195,-2.105079412460327
398938,-17.16210174560547,-14.618998527526855,-1.6317543983459473
398948,-18.44255828857422,-12.760281562805176,-0.6699296236038208
398958,-14.978219032287598,-10.217199325561523,0.7368592023849487
398968,-8.392134666442871,-6.674794673919678,1.0065478086471558
398978,-1.4541829824447632,-2.7209832668304443,0.16581636667251587
398988,1.6397743225097656,-0.6268448829650879,-0.40506067872047424
398998,3.3760640621185303,-0.5284466743469238,0.14481185376644135
399008,1.9134892225265503,-0.6475852131843567,1.714746117591858
399018,-1.1902683973312378,-3.0982470512390137,0.4935898184776306
399028,-6.426792621612549,-5.959817886352539,1.0436127185821533
399038,-9.171623229980469,-10.941040992736816,0.861394464969635
399048,-9.833345413208008,-17.2203311920166,1.4207139015197754
399058,-12.956416130065918,-11.640852928161621,0.07816667854785919
399068,-14.117839813232422,-16.378786087036133,-0.38483691215515137
399078,-14.702467918395996,-15.149612426757812,-0.46911609172821045
399088,-12.678282737731934,-11.339178085327148,-0.13458968698978424
399098,-9.471334457397461,-6.281209468841553,1.0888253450393677
399108,-5.804214954376221,-2.6876909732818604,2.537358283996582
399118,0.8111658692359924,-1.6750597953796387,1.6829527616500854
399128,1.8003909587860107,-2.013993501663208,0.5915219187736511
399138,-0.7720112204551697,-2.9934802055358887,0.14506876468658447
399148,-6.982512474060059,-4.491427421569824,0.3041619062423706
399158,-10.969155311584473,-7.680540084838867,2.6901965141296387
399168,-13.395028114318848,-13.05019474029541,-0.3132142126560211
399178,-18.059640884399414,-16.66063117980957,0.05015832558274269
399188,-20.692514419555664,-17.675159454345703,-0.5009033679962158
399198,-22.283884048461914,-16.70391273498535,0.12884797155857086
399208,-20.374961853027344,-15.246402740478516,-1.4554057121276855
399218,-18.51446533203125,-11.086891174316406,-1.4917035102844238
399228,-16.246994018554688,-4.668764114379883,-1.2536894083023071
399238,-13.604571342468262,3.9155325889587402,-0.3768656253814697
399248,-7.990218162536621,4.954621315002441,0.35213106870651245
399258,-7.456596374511719,6.030236721038818,0.042777169495821
399268,-7.890569686889648,1.6514784097671509,-0.1931188851594925
399278,-8.057520866394043,-6.818578243255615,-1.0488771200180054
399288,-12.628480911254883,-12.550318717956543,-0.43974652886390686
399298,-16.33257293701172,-17.67674446105957,-1.36637544631958
399308,-20.826501846313477,-20.63422393798828,-1.5380377769470215
399318,-20.955493927001953,-20.736623764038086,-0.9978269338607788
399328,-17.796585083007812,-18.77483367919922,-1.6165250539779663
399338,-19.64862060546875,-15.38110637664795,-0.9286804795265198
399348,-21.951927185058594,-10.82132339477539,-0.4674089252948761
399358,-19.86406898498535,-5.886857509613037,-0.7633000016212463
399368,-13.283584594726562,-0.5466524362564087,-1.3428913354873657
399378,-6.957393169403076,2.7339234352111816,-0.9859048128128052
399388,-3.55244517326355,5.926220893859863,-0.6207016706466675
399398,-4.285825729370117,5.1508612632751465,-0.41640597581863403
399408,-5.067358493804932,1.2634738683700562,-0.2569085955619812
399418,-7.132116317749023,-6.232729434967041,-0.1965191513299942
399428,-12.03526782989502,-12.110258102416992,-0.4291200637817383
399438,-20.531299591064453,-9.427773475646973,-1.3134374618530273
399448,-23.221630096435547,-15.47421646118164,-1.5636711120605469
399458,-20.19063949584961,-14.749849319458008,-1.8683748245239258
399468,-12.061861038208008,-12.056510925292969,-0.32225167751312256
399478,-9.036362648010254,-6.927273750305176,-0.06879030913114548
399488,-9.265089988708496,-1.3603378534317017,-0.5611427426338196
399498,-9.02267074584961,4.141594409942627,-1.3736822605133057
399508,-8.205554008483887,7.547163963317871,-2.3771004676818848
399518,-5.287327766418457,6.5072150230407715,-1.0487773418426514
399528,-1.763320803642273,1.2566570043563843,-0.4829661250114441
399538,-3.3137271404266357,0.8300399780273438,-1.2608952522277832
399548,-2.835371255874634,0.707360029220581,-0.8948941230773926
399558,3.4154791831970215,-2.4818239212036133,-1.9601247310638428
399568,9.540679931640625,-3.808441638946533,-2.6375980377197266
399578,19.0299129486084,-4.145674705505371,-1.568812608718872
399588,18.639057159423828,-2.9542977809906006,-0.46982333064079285
399598,13.912397384643555,-0.205910325050354,-0.35099536180496216
399608,5.0493903160095215,3.255410671234131,0.31578266620635986
399618,-3.730722427368164,6.171097755432129,-0.12280910462141037
399628,-9.89843463897705,7.087430953979492,-0.6872156858444214
399638,-9.4918794631958,6.127930641174316,-1.0047297477722168
399648,-8.084973335266113,10.30573558807373,-2.4063892364501953
399658,0.7565699219703674,2.873372793197632,-0.8087755441665649
399668,11.841568946838379,-9.448445320129395,-0.26975616812705994
399678,21.267868041992188,-9.765945434570312,-1.846102237701416
399688,21.852325439453125,-6.262975215911865,-1.84268319606781
399698,20.828330993652344,-5.780021667480469,-0.793612539768219
399708,17.53434944152832,-3.183262825012207,-0.7878899574279785
399718,12.070938110351562,-0.45320743322372437,-0.9308463335037231
399728,8.710073471069336,2.137845039367676,-1.8468952178955078
399738,4.859950065612793,3.904778480529785,-1.9933996200561523
399748,5.585123538970947,4.621204853057861,-1.505951166152954
399758,7.918414115905762,4.404959678649902,-1.595976710319519
399768,12.567180633544922,2.514186143875122,-1.7574408054351807
399778,17.255046844482422,2.752340793609619,-0.1616932451725006
399788,18.768898010253906,1.4620801210403442,0.9965721964836121
399798,16.96868324279785,1.8610204458236694,-0.9201691150665283
399808,12.656375885009766,2.9100372791290283,0.6006718277931213
399818,8.86094856262207,2.8548123836517334,-0.4093567728996277
399828,5.497732639312744,1.6961033344268799,-0.37433573603630066
399838,3.7625627517700195,-0.09816382080316544,-0.8034247159957886
399848,1.6454168558120728,-2.104369878768921,-1.0172719955444336
399858,3.977149724960327,-5.20944881439209,-1.028133749961853
399868,4.216070652008057,-2.6621627807617188,-1.866631269454956
399878,8.925225257873535,-2.5765838623046875,-1.905720829963684
399888,10.02658748626709,0.47830730676651,-1.0377768278121948
399898,12.62584114074707,4.216506481170654,0.0818108469247818
399908,12.460688591003418,5.616422176361084,-0.4195823073387146
399918,9.72435188293457,9.756009101867676,-0.6828961372375488
399928,2.757289409637451,12.251233100891113,0.280756413936615
399938,0.7673389315605164,8.467708587646484,1.9119939804077148
399948,-3.4423136711120605,12.0304536819458,1.0384647846221924
399958,-5.1035966873168945,8.645978927612305,0.4625808596611023
399968,-3.9659230709075928,1.694381833076477,0.958058774471283
399978,-0.5195348262786865,1.1626579761505127,0.9082452654838562
399988,0.060884855687618256,-1.5341914892196655,1.1582846641540527
399998,0.0872984454035759,-4.1069560050964355,1.0187700986862183
400008,-0.31640684604644775,-5.952446937561035,1.2751340866088867
400018,-0.9324607253074646,-6.619365692138672,1.2928886413574219
400028,-2.992067813873291,-5.908773899078369,1.265015959739685
400038,-5.792807579040527,-3.913957118988037,0.6648026704788208
400048,-8.144296646118164,-6.8597002029418945,1.0316572189331055
400058,-7.642031192779541,-3.7168467044830322,1.3326592445373535
400068,-6.4275712966918945,-2.0734105110168457,1.656045913696289
400078,-5.22746467590332,0.10509009659290314,1.5791593790054321
400088,-1.1928331851959229,2.151345729827881,2.145250082015991
400098,-0.26849520206451416,4.821893692016602,1.241577386856079
400108,0.7050064206123352,6.085362911224365,0.7616008520126343
400118,0.8031076192855835,5.745744228363037,1.352629542350769
400128,-0.7298838496208191,4.0637969970703125,1.274425983428955
400138,-5.17431640625,2.1366701126098633,1.1985012292861938
400148,-9.966268539428711,0.9223661422729492,1.4103807210922241
400158,-12.633661270141602,0.7337756752967834,1.6108676195144653
400168,-12.631654739379883,0.2682916522026062,1.292816400527954
400178,-10.023520469665527,-0.5278372168540955,1.5056852102279663
400188,-5.993213653564453,-1.3278793096542358,2.072378635406494
400198,-1.394828200340271,0.33766186237335205,1.7199643850326538
400208,2.5856375694274902,2.0894274711608887,1.6022733449935913
400218,5.978886127471924,3.885740280151367,1.5918906927108765
400228,7.550394058227539,4.913083553314209,1.549049735069275
400238,5.796662330627441,4.302163600921631,2.5756120681762695
400248,2.0719611644744873,2.9844281673431396,2.597170352935791
400258,-2.020697832107544,-2.700366735458374,2.3544185161590576
400268,-6.040713787078857,-1.5205620527267456,2.309760808944702
400278,-9.067190170288086,-2.230536460876465,2.132122039794922
400288,-8.735873222351074,-2.9608497619628906,2.2697229385375977
400298,-6.093174457550049,-2.5345277786254883,1.7779500484466553
400308,-3.2080390453338623,-0.8933533430099487,1.5293605327606201
400318,2.520526885986328,0.45448222756385803,1.493377447128296
400328,7.863207817077637,2.459359884262085,1.4204280376434326
400338,12.110956192016602,4.097998142242432,0.8013525605201721
400348,9.58243179321289,3.95810604095459,1.6711199283599854
400358,9.15285873413086,2.9268805980682373,1.7736461162567139
400368,4.3587212562561035,3.078800678253174,0.712244987487793
400378,0.5102415680885315,1.350528597831726,1.137373685836792
400388,-2.378154754638672,0.07309315353631973,0.6256670951843262
400398,-4.859769821166992,-1.4579380750656128,1.1968306303024292
400408,-5.6571879386901855,-1.934372067451477,1.7332895994186401
400418,-5.750685214996338,-0.5774805545806885,1.2963190078735352
400428,-4.528059005737305,1.5835695266723633,1.4978493452072144
400438,-2.9584031105041504,3.8718271255493164,1.3228931427001953
400448,-0.590184211730957,5.4525227546691895,0.906170666217804
400458,-0.47387441992759705,7.279257297515869,1.2596827745437622
400468,0.9967940449714661,7.386240005493164,1.1531896591186523
400478,2.022310972213745,5.48304557800293,0.7950117588043213
400488,2.377042055130005,2.6899986267089844,0.21515867114067078
400498,2.3250324726104736,0.11162754148244858,0.2060466855764389
400508,2.3410353660583496,-2.439708948135376,0.5616050958633423
400518,2.385836601257324,-4.501701831817627,0.7479118704795837
400528,1.7414642572402954,-4.639657020568848,0.2032880336046219
400538,0.5584753751754761,-4.41995906829834,0.3456514775753021
400548,-0.14987397193908691,-3.985862970352173,0.014591757208108902
400558,-0.6877192258834839,-1.9638748168945312,-0.328207790851593
400568,0.023525295779109,0.8195123672485352,0.0003693157632369548
400578,1.1272258758544922,4.081638813018799,0.3152797222137451
400588,0.9268676042556763,4.918973922729492,0.25374045968055725
400598,0.03995312750339508,4.366881847381592,0.3343416452407837
400608,-0.10167798399925232,2.072909355163574,0.4284987449645996
400618,-0.637137770652771,-0.10039631277322769,0.9447790384292603
400628,-4.136812686920166,-1.578151822090149,1.0518039464950562
400638,-4.273452281951904,-2.5652098655700684,0.6156595349311829
400648,-3.3674848079681396,-4.500715255737305,0.8060554265975952
400658,-0.8141739964485168,-6.793879985809326,0.2762596011161804
400668,0.9710009694099426,-5.495212554931641,0.4918068051338196
400678,4.092973232269287,-3.086365222930908,0.657993733882904
400688,5.421115398406982,-0.7610215544700623,0.48575419187545776
400698,5.880460262298584,1.7345020771026611,1.0319119691848755
400708,4.265814304351807,4.044166088104248,0.2316494584083557
400718,1.8792119026184082,3.9774632453918457,0.05923626571893692
400728,1.1340464353561401,2.8464813232421875,0.8679976463317871
400738,0.5656161904335022,0.9937686920166016,1.18520188331604
400748,-0.6924513578414917,-1.156823754310608,0.8991663455963135
400758,-1.9761691093444824,-4.126395225524902,1.2609591484069824
400768,-1.6501940488815308,-4.446548938751221,0.24555987119674683
400778,-4.1914591789245605,-4.142757892608643,0.5098146796226501
400788,-2.707939863204956,-3.8793106079101562,0.841434121131897
400798,0.30091366171836853,-1.6998860836029053,0.8525412082672119
400808,1.5543699264526367,0.49434876441955566,0.7552908658981323
400818,2.983137607574463,0.8877610564231873,0.8923853039741516
400828,3.3144073486328125,0.043879374861717224,0.6617445945739746
400838,4.080540657043457,-1.5635902881622314,1.0272878408432007
400848,5.061761856079102,-2.138105630874634,1.1552735567092896
400858,2.453214168548584,-3.002687454223633,1.3235747814178467
400868,-1.3646950721740723,-3.906829595565796,1.0974602699279785
400878,-3.551337957382202,-5.431816577911377,0.7321856617927551
400888,-5.714898586273193,-4.366015911102295,0.3024803698062897
400898,-5.90468168258667,-1.7991913557052612,-0.5386737585067749
400908,-5.9234843254089355,-0.9171498417854309,0.3194887042045593
400918,-6.467160701751709,1.4462722539901733,-0.32042908668518066
400928,-4.635150909423828,3.3249576091766357,-0.5071818232536316
400938,-1.4018157720565796,4.416021823883057,-0.5300022959709167
400948,-0.8117141723632812,4.371983051300049,-0.172604039311409
400958,0.2564224302768707,3.5766990184783936,-0.23346088826656342
400968,0.6004918813705444,1.5903035402297974,-0.011264135129749775
400978,-0.05970902740955353,-0.6954249143600464,0.04690596088767052
400988,-1.0038260221481323,-2.780318260192871,-0.01814388856291771
400998,-1.9000927209854126,-4.5617804527282715,-0.370120644569397
401008,-2.808286190032959,-5.116781234741211,0.266608864068985
401018,-2.8773159980773926,-4.552901744842529,-0.6515262126922607
401028,-1.993224859237671,-3.3147974014282227,-0.4166881740093231
401038,-4.453434944152832,-0.9291285872459412,-1.1645464897155762
401048,-5.0409722328186035,1.0038628578186035,-0.8085171580314636
401058,-7.253434658050537,3.3790175914764404,-0.999119222164154
401068,-6.4870500564575195,5.111446857452393,-1.0520575046539307
401078,-7.586188793182373,4.746766567230225,-1.2069950103759766
401088,-6.699276447296143,2.280799627304077,-0.40435463190078735
401098,-3.3895962238311768,0.5528697371482849,-0.5261393189430237
401108,0.10329979658126831,-0.5915467739105225,-0.3694250285625458
401118,3.899775266647339,-2.4704482555389404,-0.09260960668325424
401128,6.942638397216797,-3.507117986679077,0.024461783468723297
401138,8.683014869689941,-2.7275705337524414,-0.08431699872016907
401148,8.454413414001465,-0.4891769289970398,-0.38185039162635803
401158,6.714517116546631,1.5359946489334106,-0.4638051390647888
401168,3.4428577423095703,1.934367299079895,-0.3187110126018524
401178,1.173856258392334,2.661553382873535,-0.2708178758621216
401188,-1.283766269683838,2.423628807067871,-0.5198895931243896
401198,-2.6006662845611572,1.0410243272781372,0.03403034061193466
401208,-2.4913978576660156,0.5644541382789612,-0.04001091048121452
401218,-2.8090648651123047,-0.2557460069656372,-0.2215498387813568
401228,-1.8619955778121948,-1.8374781608581543,-0.011524666100740433
401238,1.1763389110565186,-8.389358520507812,0.14798739552497864
401248,1.0751953125,-0.6501619815826416,-0.45246320962905884
401258,1.318848729133606,-1.7351123094558716,-0.08409257233142853
401268,2.879478693008423,-1.1249382495880127,-0.27531707286834717
401278,3.8033289909362793,-1.6855467557907104,0.08897024393081665
401288,3.565566301345825,1.8964508771896362,-0.09533003717660904
401298,2.972900629043579,2.4477362632751465,-0.2615971267223358
401308,2.185335397720337,2.552722930908203,0.13582035899162292
401318,1.8175241947174072,4.204967021942139,-0.17114026844501495
401328,1.5425816774368286,1.1667060852050781,0.39733460545539856
401338,2.089155673980713,-2.317317247390747,0.4100674092769623
401348,0.9053495526313782,1.419402837753296,0.12588898837566376
401358,0.5389758944511414,-3.636183977127075,-0.2454630434513092
401368,1.1977956295013428,-4.023264408111572,-0.49936696887016296
401378,1.133077621459961,-3.378540515899658,-1.0403456687927246
401388,1.033370852470398,0.22078505158424377,-0.8536695241928101
401398,2.497770309448242,-1.6346042156219482,0.28394615650177
401408,3.6495416164398193,-0.575078547000885,-0.21373870968818665
401418,0.034383803606033325,3.3177647590637207,-1.1854586601257324
401428,-0.6093178987503052,1.2050765752792358,-0.9611562490463257
401438,-1.6334129571914673,0.9616778492927551,-0.8648584485054016
401448,1.370297908782959,1.4141550064086914,-1.3451852798461914
401458,0.15082767605781555,0.15461985766887665,-1.7102919816970825
401468,2.9078311920166016,-4.019124984741211,-1.4086614847183228
401478,0.7258661985397339,1.773065447807312,-1.474397897720337
401488,-3.0139400959014893,5.028451919555664,-2.4225335121154785
401498,-2.4594807624816895,-1.7943081855773926,-1.5684716701507568
401508,-1.3685446977615356,-2.461733818054199,-1.342564582824707
401518,0.6319618821144104,-0.6166620254516602,-2.543543577194214
401528,-2.1682674884796143,3.4795472621917725,-3.1963298320770264
401538,-0.5494124889373779,0.222500741481781,-2.857120990753174
401548,1.110387921333313,-0.8778301477432251,-1.89682936668396
401558,2.5801751613616943,-0.9085310697555542,-2.6298556327819824
401568,2.3455350399017334,-1.8496201038360596,-1.6061400175094604
401578,2.8276360034942627,-4.200776100158691,-1.3171820640563965
401588,-0.9727078080177307,-1.1745195388793945,-2.156944513320923
401598,-2.194425582885742,-0.1987891048192978,-1.484275460243225
401608,-2.2532479763031006,0.0772445872426033,-1.3595219850540161
401618,-2.231198310852051,0.727516233921051,-1.445805549621582
401628,-2.072498321533203,2.7292306423187256,-1.9788254499435425
401638,-1.351357102394104,4.844893455505371,-1.7519768476486206
401648,-2.8461012840270996,7.643364906311035,-2.531423568725586
401658,1.3146110773086548,3.4759106636047363,-2.7729437351226807
401668,2.445019006729126,2.439908504486084,-2.2873735427856445
401678,4.388333320617676,-0.5418552756309509,-2.3440184593200684
401688,3.783705234527588,-2.8408713340759277,-1.7967529296875
401698,1.9868358373641968,-4.2762770652771,-1.8836047649383545
401708,-0.32784217596054077,-4.137537956237793,-1.9702296257019043
401718,-1.5094730854034424,-2.794696807861328,-1.7261003255844116
401728,-2.083097219467163,-1.0790921449661255,-1.6210530996322632
401738,-2.025904893875122,0.16998253762722015,-1.1734837293624878
401748,1.3149727582931519,-3.5090088844299316,-1.5966455936431885
401758,0.5768416523933411,2.1346402168273926,-2.492241621017456
401768,0.765413224697113,2.3071045875549316,-1.9522819519042969
